,Year_0,row_id,org4nord[other]_0,org4nord
0,2026,2026_283,,In-house development of research software
1,2026,2026_296,,In-house development of research software
2,2026,2026_375,,In-house development of research software
3,2026,2026_386,,In-house development of research software
4,2026,2026_388,,In-house development of research software
5,2026,2026_513,,In-house development of research software
6,2026,2026_514,,In-house development of research software
7,2026,2026_517,,In-house development of research software
8,2026,2026_546,,In-house development of research software
9,2026,2026_968,,In-house development of research software
10,2026,2026_972,,In-house development of research software
11,2026,2026_1073,,In-house development of research software
12,2026,2026_1089,,In-house development of research software
13,2026,2026_1101,,In-house development of research software
14,2026,2026_1117,,In-house development of research software
15,2026,2026_1135,,In-house development of research software
16,2026,2026_1145,,In-house development of research software
17,2026,2026_196,,Temporary support of research software projects with manpower
18,2026,2026_296,,Temporary support of research software projects with manpower
19,2026,2026_330,,Temporary support of research software projects with manpower
20,2026,2026_388,,Temporary support of research software projects with manpower
21,2026,2026_408,,Temporary support of research software projects with manpower
22,2026,2026_415,,Temporary support of research software projects with manpower
23,2026,2026_513,,Temporary support of research software projects with manpower
24,2026,2026_514,,Temporary support of research software projects with manpower
25,2026,2026_515,,Temporary support of research software projects with manpower
26,2026,2026_543,,Temporary support of research software projects with manpower
27,2026,2026_546,,Temporary support of research software projects with manpower
28,2026,2026_968,,Temporary support of research software projects with manpower
29,2026,2026_972,,Temporary support of research software projects with manpower
30,2026,2026_1031,,Temporary support of research software projects with manpower
31,2026,2026_1039,,Temporary support of research software projects with manpower
32,2026,2026_1068,,Temporary support of research software projects with manpower
33,2026,2026_1073,,Temporary support of research software projects with manpower
34,2026,2026_1075,,Temporary support of research software projects with manpower
35,2026,2026_1080,,Temporary support of research software projects with manpower
36,2026,2026_1088,,Temporary support of research software projects with manpower
37,2026,2026_1101,,Temporary support of research software projects with manpower
38,2026,2026_1113,,Temporary support of research software projects with manpower
39,2026,2026_196,,Maintenance of internationally relevant research software
40,2026,2026_200,,Maintenance of internationally relevant research software
41,2026,2026_283,,Maintenance of internationally relevant research software
42,2026,2026_296,,Maintenance of internationally relevant research software
43,2026,2026_330,,Maintenance of internationally relevant research software
44,2026,2026_375,,Maintenance of internationally relevant research software
45,2026,2026_386,,Maintenance of internationally relevant research software
46,2026,2026_388,,Maintenance of internationally relevant research software
47,2026,2026_405,,Maintenance of internationally relevant research software
48,2026,2026_513,,Maintenance of internationally relevant research software
49,2026,2026_515,,Maintenance of internationally relevant research software
50,2026,2026_543,,Maintenance of internationally relevant research software
51,2026,2026_544,,Maintenance of internationally relevant research software
52,2026,2026_545,,Maintenance of internationally relevant research software
53,2026,2026_546,,Maintenance of internationally relevant research software
54,2026,2026_768,,Maintenance of internationally relevant research software
55,2026,2026_972,,Maintenance of internationally relevant research software
56,2026,2026_1012,,Maintenance of internationally relevant research software
57,2026,2026_1039,,Maintenance of internationally relevant research software
58,2026,2026_1057,,Maintenance of internationally relevant research software
59,2026,2026_1068,,Maintenance of internationally relevant research software
60,2026,2026_1069,,Maintenance of internationally relevant research software
61,2026,2026_1070,,Maintenance of internationally relevant research software
62,2026,2026_1072,,Maintenance of internationally relevant research software
63,2026,2026_1073,,Maintenance of internationally relevant research software
64,2026,2026_1075,,Maintenance of internationally relevant research software
65,2026,2026_1080,,Maintenance of internationally relevant research software
66,2026,2026_1088,,Maintenance of internationally relevant research software
67,2026,2026_1101,,Maintenance of internationally relevant research software
68,2026,2026_1116,,Maintenance of internationally relevant research software
69,2026,2026_1117,,Maintenance of internationally relevant research software
70,2026,2026_1133,"Clarify difference between scripts and software (many don't seem to know the difference, anyone generating scripts to analyze data does not constitute software)",Maintenance of internationally relevant research software
71,2026,2026_1135,,Maintenance of internationally relevant research software
72,2026,2026_283,,Consulting on research software development
73,2026,2026_296,,Consulting on research software development
74,2026,2026_317,,Consulting on research software development
75,2026,2026_330,,Consulting on research software development
76,2026,2026_373,"Personal grants for RSE (fellowships, travel grants)",Consulting on research software development
77,2026,2026_375,,Consulting on research software development
78,2026,2026_377,,Consulting on research software development
79,2026,2026_388,,Consulting on research software development
80,2026,2026_408,,Consulting on research software development
81,2026,2026_415,,Consulting on research software development
82,2026,2026_514,,Consulting on research software development
83,2026,2026_543,,Consulting on research software development
84,2026,2026_546,,Consulting on research software development
85,2026,2026_816,,Consulting on research software development
86,2026,2026_967,,Consulting on research software development
87,2026,2026_968,,Consulting on research software development
88,2026,2026_972,,Consulting on research software development
89,2026,2026_1013,,Consulting on research software development
90,2026,2026_1039,,Consulting on research software development
91,2026,2026_1068,,Consulting on research software development
92,2026,2026_1071,,Consulting on research software development
93,2026,2026_1072,,Consulting on research software development
94,2026,2026_1073,,Consulting on research software development
95,2026,2026_1080,,Consulting on research software development
96,2026,2026_1088,,Consulting on research software development
97,2026,2026_1089,,Consulting on research software development
98,2026,2026_1101,,Consulting on research software development
99,2026,2026_1113,,Consulting on research software development
100,2026,2026_1116,,Consulting on research software development
101,2026,2026_1117,,Consulting on research software development
102,2026,2026_1124,,Consulting on research software development
103,2026,2026_1128,,Consulting on research software development
104,2026,2026_1134,,Consulting on research software development
105,2026,2026_1135,,Consulting on research software development
106,2026,2026_1145,,Consulting on research software development
107,2026,2026_196,,
108,2026,2026_200,,
109,2026,2026_283,,
110,2026,2026_289,,
111,2026,2026_296,,
112,2026,2026_317,,
113,2026,2026_330,,
114,2026,2026_373,"Personal grants for RSE (fellowships, travel grants)",
115,2026,2026_375,,
116,2026,2026_377,,
117,2026,2026_386,,
118,2026,2026_388,,
119,2026,2026_405,,
120,2026,2026_407,,
121,2026,2026_415,,
122,2026,2026_515,,
123,2026,2026_543,,
124,2026,2026_545,,
125,2026,2026_546,,
126,2026,2026_768,,
127,2026,2026_929,,
128,2026,2026_967,,
129,2026,2026_1012,,
130,2026,2026_1013,,
131,2026,2026_1031,,
132,2026,2026_1057,,
133,2026,2026_1071,,
134,2026,2026_1072,,
135,2026,2026_1073,,
136,2026,2026_1080,,
137,2026,2026_1093,Lobby for funding from funding agencies to invest in research software projects and maintenance of existing software projects,
138,2026,2026_1113,,
139,2026,2026_1116,,
140,2026,2026_1117,,
141,2026,2026_1124,,
142,2026,2026_1125,,
143,2026,2026_1135,,
144,2026,2026_1145,,
145,2026,2026_1159,,
146,2026,2026_317,,Research on RSE topics
147,2026,2026_330,,Research on RSE topics
148,2026,2026_373,"Personal grants for RSE (fellowships, travel grants)",Research on RSE topics
149,2026,2026_377,,Research on RSE topics
150,2026,2026_405,,Research on RSE topics
151,2026,2026_407,,Research on RSE topics
152,2026,2026_415,,Research on RSE topics
153,2026,2026_546,,Research on RSE topics
154,2026,2026_816,,Research on RSE topics
155,2026,2026_914,,Research on RSE topics
156,2026,2026_929,,Research on RSE topics
157,2026,2026_967,,Research on RSE topics
158,2026,2026_968,,Research on RSE topics
159,2026,2026_975,,Research on RSE topics
160,2026,2026_1012,,Research on RSE topics
161,2026,2026_1013,,Research on RSE topics
162,2026,2026_1071,,Research on RSE topics
163,2026,2026_1075,,Research on RSE topics
164,2026,2026_1080,,Research on RSE topics
165,2026,2026_1086,,Research on RSE topics
166,2026,2026_1089,,Research on RSE topics
167,2026,2026_1093,Lobby for funding from funding agencies to invest in research software projects and maintenance of existing software projects,Research on RSE topics
168,2026,2026_1101,,Research on RSE topics
169,2026,2026_1124,,Research on RSE topics
170,2026,2026_1125,,Research on RSE topics
171,2026,2026_1128,,Research on RSE topics
172,2026,2026_1133,"Clarify difference between scripts and software (many don't seem to know the difference, anyone generating scripts to analyze data does not constitute software)",Research on RSE topics
173,2026,2026_1134,,Research on RSE topics
174,2026,2026_1159,,Research on RSE topics
175,2026,2026_196,,Community engagement and trainings
176,2026,2026_289,,Community engagement and trainings
177,2026,2026_296,,Community engagement and trainings
178,2026,2026_298,,Community engagement and trainings
179,2026,2026_317,,Community engagement and trainings
180,2026,2026_330,,Community engagement and trainings
181,2026,2026_373,"Personal grants for RSE (fellowships, travel grants)",Community engagement and trainings
182,2026,2026_388,,Community engagement and trainings
183,2026,2026_405,,Community engagement and trainings
184,2026,2026_407,,Community engagement and trainings
185,2026,2026_408,,Community engagement and trainings
186,2026,2026_415,,Community engagement and trainings
187,2026,2026_512,,Community engagement and trainings
188,2026,2026_543,,Community engagement and trainings
189,2026,2026_545,,Community engagement and trainings
190,2026,2026_910,,Community engagement and trainings
191,2026,2026_914,,Community engagement and trainings
192,2026,2026_929,,Community engagement and trainings
193,2026,2026_967,,Community engagement and trainings
194,2026,2026_975,,Community engagement and trainings
195,2026,2026_1012,,Community engagement and trainings
196,2026,2026_1013,,Community engagement and trainings
197,2026,2026_1031,,Community engagement and trainings
198,2026,2026_1039,,Community engagement and trainings
199,2026,2026_1057,,Community engagement and trainings
200,2026,2026_1068,,Community engagement and trainings
201,2026,2026_1069,,Community engagement and trainings
202,2026,2026_1070,,Community engagement and trainings
203,2026,2026_1071,,Community engagement and trainings
204,2026,2026_1072,,Community engagement and trainings
205,2026,2026_1073,,Community engagement and trainings
206,2026,2026_1075,,Community engagement and trainings
207,2026,2026_1080,,Community engagement and trainings
208,2026,2026_1081,,Community engagement and trainings
209,2026,2026_1088,,Community engagement and trainings
210,2026,2026_1093,Lobby for funding from funding agencies to invest in research software projects and maintenance of existing software projects,Community engagement and trainings
211,2026,2026_1101,,Community engagement and trainings
212,2026,2026_1110,,Community engagement and trainings
213,2026,2026_1113,,Community engagement and trainings
214,2026,2026_1116,,Community engagement and trainings
215,2026,2026_1124,,Community engagement and trainings
216,2026,2026_1125,,Community engagement and trainings
217,2026,2026_1128,,Community engagement and trainings
218,2026,2026_1132,,Community engagement and trainings
219,2026,2026_1159,,Community engagement and trainings
220,2026,2026_200,,Advocating for research software towards politicians and decision makers
221,2026,2026_296,,Advocating for research software towards politicians and decision makers
222,2026,2026_317,,Advocating for research software towards politicians and decision makers
223,2026,2026_330,,Advocating for research software towards politicians and decision makers
224,2026,2026_373,"Personal grants for RSE (fellowships, travel grants)",Advocating for research software towards politicians and decision makers
225,2026,2026_375,,Advocating for research software towards politicians and decision makers
226,2026,2026_377,,Advocating for research software towards politicians and decision makers
227,2026,2026_386,,Advocating for research software towards politicians and decision makers
228,2026,2026_388,,Advocating for research software towards politicians and decision makers
229,2026,2026_405,,Advocating for research software towards politicians and decision makers
230,2026,2026_407,,Advocating for research software towards politicians and decision makers
231,2026,2026_408,,Advocating for research software towards politicians and decision makers
232,2026,2026_415,,Advocating for research software towards politicians and decision makers
233,2026,2026_515,,Advocating for research software towards politicians and decision makers
234,2026,2026_543,,Advocating for research software towards politicians and decision makers
235,2026,2026_544,,Advocating for research software towards politicians and decision makers
236,2026,2026_545,,Advocating for research software towards politicians and decision makers
237,2026,2026_816,,Advocating for research software towards politicians and decision makers
238,2026,2026_929,,Advocating for research software towards politicians and decision makers
239,2026,2026_967,,Advocating for research software towards politicians and decision makers
240,2026,2026_968,,Advocating for research software towards politicians and decision makers
241,2026,2026_972,,Advocating for research software towards politicians and decision makers
242,2026,2026_975,,Advocating for research software towards politicians and decision makers
243,2026,2026_1012,,Advocating for research software towards politicians and decision makers
244,2026,2026_1039,,Advocating for research software towards politicians and decision makers
245,2026,2026_1057,,Advocating for research software towards politicians and decision makers
246,2026,2026_1069,,Advocating for research software towards politicians and decision makers
247,2026,2026_1070,,Advocating for research software towards politicians and decision makers
248,2026,2026_1071,,Advocating for research software towards politicians and decision makers
249,2026,2026_1072,,Advocating for research software towards politicians and decision makers
250,2026,2026_1073,,Advocating for research software towards politicians and decision makers
251,2026,2026_1075,,Advocating for research software towards politicians and decision makers
252,2026,2026_1079,,Advocating for research software towards politicians and decision makers
253,2026,2026_1080,,Advocating for research software towards politicians and decision makers
254,2026,2026_1081,,Advocating for research software towards politicians and decision makers
255,2026,2026_1086,,Advocating for research software towards politicians and decision makers
256,2026,2026_1088,,Advocating for research software towards politicians and decision makers
257,2026,2026_1093,Lobby for funding from funding agencies to invest in research software projects and maintenance of existing software projects,Advocating for research software towards politicians and decision makers
258,2026,2026_1110,,Advocating for research software towards politicians and decision makers
259,2026,2026_1116,,Advocating for research software towards politicians and decision makers
260,2026,2026_1117,,Advocating for research software towards politicians and decision makers
261,2026,2026_1124,,Advocating for research software towards politicians and decision makers
262,2026,2026_1125,,Advocating for research software towards politicians and decision makers
263,2026,2026_1128,,Advocating for research software towards politicians and decision makers
264,2026,2026_1132,,Advocating for research software towards politicians and decision makers
265,2026,2026_1134,,Advocating for research software towards politicians and decision makers
266,2026,2026_1159,,Advocating for research software towards politicians and decision makers
267,2026,2026_289,,Promotion of career paths in the RSE field
268,2026,2026_296,,Promotion of career paths in the RSE field
269,2026,2026_317,,Promotion of career paths in the RSE field
270,2026,2026_330,,Promotion of career paths in the RSE field
271,2026,2026_373,"Personal grants for RSE (fellowships, travel grants)",Promotion of career paths in the RSE field
272,2026,2026_375,,Promotion of career paths in the RSE field
273,2026,2026_377,,Promotion of career paths in the RSE field
274,2026,2026_388,,Promotion of career paths in the RSE field
275,2026,2026_405,,Promotion of career paths in the RSE field
276,2026,2026_407,,Promotion of career paths in the RSE field
277,2026,2026_408,,Promotion of career paths in the RSE field
278,2026,2026_513,,Promotion of career paths in the RSE field
279,2026,2026_517,,Promotion of career paths in the RSE field
280,2026,2026_543,,Promotion of career paths in the RSE field
281,2026,2026_544,,Promotion of career paths in the RSE field
282,2026,2026_545,,Promotion of career paths in the RSE field
283,2026,2026_816,,Promotion of career paths in the RSE field
284,2026,2026_910,,Promotion of career paths in the RSE field
285,2026,2026_914,,Promotion of career paths in the RSE field
286,2026,2026_929,,Promotion of career paths in the RSE field
287,2026,2026_967,,Promotion of career paths in the RSE field
288,2026,2026_968,,Promotion of career paths in the RSE field
289,2026,2026_972,,Promotion of career paths in the RSE field
290,2026,2026_1012,,Promotion of career paths in the RSE field
291,2026,2026_1013,,Promotion of career paths in the RSE field
292,2026,2026_1031,,Promotion of career paths in the RSE field
293,2026,2026_1039,,Promotion of career paths in the RSE field
294,2026,2026_1057,,Promotion of career paths in the RSE field
295,2026,2026_1068,,Promotion of career paths in the RSE field
296,2026,2026_1070,,Promotion of career paths in the RSE field
297,2026,2026_1071,,Promotion of career paths in the RSE field
298,2026,2026_1072,,Promotion of career paths in the RSE field
299,2026,2026_1073,,Promotion of career paths in the RSE field
300,2026,2026_1079,,Promotion of career paths in the RSE field
301,2026,2026_1080,,Promotion of career paths in the RSE field
302,2026,2026_1086,,Promotion of career paths in the RSE field
303,2026,2026_1088,,Promotion of career paths in the RSE field
304,2026,2026_1093,Lobby for funding from funding agencies to invest in research software projects and maintenance of existing software projects,Promotion of career paths in the RSE field
305,2026,2026_1101,,Promotion of career paths in the RSE field
306,2026,2026_1110,,Promotion of career paths in the RSE field
307,2026,2026_1116,,Promotion of career paths in the RSE field
308,2026,2026_1117,,Promotion of career paths in the RSE field
309,2026,2026_1125,,Promotion of career paths in the RSE field
310,2026,2026_1132,,Promotion of career paths in the RSE field
311,2026,2026_1133,"Clarify difference between scripts and software (many don't seem to know the difference, anyone generating scripts to analyze data does not constitute software)",Promotion of career paths in the RSE field
312,2026,2026_1134,,Promotion of career paths in the RSE field
313,2026,2026_1135,,Promotion of career paths in the RSE field
314,2026,2026_1159,,Promotion of career paths in the RSE field
315,2026,2026_196,,Offer funding for research software projects
316,2026,2026_200,,Offer funding for research software projects
317,2026,2026_317,,Offer funding for research software projects
318,2026,2026_330,,Offer funding for research software projects
319,2026,2026_373,"Personal grants for RSE (fellowships, travel grants)",Offer funding for research software projects
320,2026,2026_405,,Offer funding for research software projects
321,2026,2026_407,,Offer funding for research software projects
322,2026,2026_415,,Offer funding for research software projects
323,2026,2026_515,,Offer funding for research software projects
324,2026,2026_910,,Offer funding for research software projects
325,2026,2026_914,,Offer funding for research software projects
326,2026,2026_968,,Offer funding for research software projects
327,2026,2026_972,,Offer funding for research software projects
328,2026,2026_1039,,Offer funding for research software projects
329,2026,2026_1069,,Offer funding for research software projects
330,2026,2026_1071,,Offer funding for research software projects
331,2026,2026_1073,,Offer funding for research software projects
332,2026,2026_1075,,Offer funding for research software projects
333,2026,2026_1080,,Offer funding for research software projects
334,2026,2026_1081,,Offer funding for research software projects
335,2026,2026_1088,,Offer funding for research software projects
336,2026,2026_1101,,Offer funding for research software projects
337,2026,2026_1110,,Offer funding for research software projects
338,2026,2026_1116,,Offer funding for research software projects
339,2026,2026_1159,,Offer funding for research software projects
