,Year_0,row_id,tool4can[other]_0,tool4can
0,2026,2026_31,,Assembly
1,2026,2026_107,VHDL,Assembly
2,2026,2026_219,,Assembly
3,2026,2026_302,,Assembly
4,2026,2026_328,,Assembly
5,2026,2026_549,,Assembly
6,2026,2026_584,,Assembly
7,2026,2026_629,Nix,Assembly
8,2026,2026_655,,Assembly
9,2026,2026_740,,Assembly
10,2026,2026_770,,Assembly
11,2026,2026_845,,Assembly
12,2026,2026_929,Latex,Assembly
13,2026,2026_934,,Assembly
14,2026,2026_1001,,Assembly
15,2026,2026_1022,"ansible,bash",Assembly
16,2026,2026_1103,,Assembly
17,2026,2026_8,,C
18,2026,2026_9,,C
19,2026,2026_30,,C
20,2026,2026_31,,C
21,2026,2026_45,,C
22,2026,2026_51,,C
23,2026,2026_60,,C
24,2026,2026_61,,C
25,2026,2026_68,,C
26,2026,2026_76,,C
27,2026,2026_81,,C
28,2026,2026_82,,C
29,2026,2026_85,,C
30,2026,2026_86,,C
31,2026,2026_93,bash,C
32,2026,2026_101,Bash,C
33,2026,2026_107,VHDL,C
34,2026,2026_109,,C
35,2026,2026_117,,C
36,2026,2026_118,bash/shell scripts,C
37,2026,2026_119,m4,C
38,2026,2026_136,,C
39,2026,2026_145,,C
40,2026,2026_147,,C
41,2026,2026_150,,C
42,2026,2026_154,,C
43,2026,2026_162,SPARQL,C
44,2026,2026_163,,C
45,2026,2026_167,,C
46,2026,2026_168,,C
47,2026,2026_177,,C
48,2026,2026_185,,C
49,2026,2026_191,,C
50,2026,2026_192,Shell,C
51,2026,2026_193,,C
52,2026,2026_198,,C
53,2026,2026_214,,C
54,2026,2026_219,,C
55,2026,2026_232,,C
56,2026,2026_270,Scheme,C
57,2026,2026_285,,C
58,2026,2026_291,,C
59,2026,2026_297,MATLAB,C
60,2026,2026_302,,C
61,2026,2026_326,,C
62,2026,2026_328,,C
63,2026,2026_330,,C
64,2026,2026_334,,C
65,2026,2026_351,,C
66,2026,2026_356,,C
67,2026,2026_357,,C
68,2026,2026_365,,C
69,2026,2026_381,,C
70,2026,2026_387,Scheme,C
71,2026,2026_421,,C
72,2026,2026_442,,C
73,2026,2026_485,,C
74,2026,2026_486,,C
75,2026,2026_489,,C
76,2026,2026_542,,C
77,2026,2026_549,,C
78,2026,2026_562,,C
79,2026,2026_570,,C
80,2026,2026_573,,C
81,2026,2026_584,,C
82,2026,2026_588,,C
83,2026,2026_598,,C
84,2026,2026_600,,C
85,2026,2026_604,,C
86,2026,2026_625,,C
87,2026,2026_629,Nix,C
88,2026,2026_652,Bash shell,C
89,2026,2026_653,,C
90,2026,2026_655,,C
91,2026,2026_664,,C
92,2026,2026_668,,C
93,2026,2026_677,,C
94,2026,2026_687,,C
95,2026,2026_692,,C
96,2026,2026_694,Bash shell scripting,C
97,2026,2026_696,,C
98,2026,2026_698,,C
99,2026,2026_711,Shell,C
100,2026,2026_715,,C
101,2026,2026_736,,C
102,2026,2026_749,,C
103,2026,2026_756,Mathematica,C
104,2026,2026_762,,C
105,2026,2026_769,,C
106,2026,2026_770,,C
107,2026,2026_786,,C
108,2026,2026_792,,C
109,2026,2026_822,,C
110,2026,2026_826,,C
111,2026,2026_831,,C
112,2026,2026_834,,C
113,2026,2026_841,Wolfram/Mathematica,C
114,2026,2026_845,,C
115,2026,2026_859,,C
116,2026,2026_861,Snakemake,C
117,2026,2026_868,,C
118,2026,2026_869,,C
119,2026,2026_878,,C
120,2026,2026_885,,C
121,2026,2026_891,,C
122,2026,2026_892,,C
123,2026,2026_893,,C
124,2026,2026_894,Wolfram Language,C
125,2026,2026_927,,C
126,2026,2026_929,Latex,C
127,2026,2026_934,,C
128,2026,2026_940,,C
129,2026,2026_944,,C
130,2026,2026_949,,C
131,2026,2026_952,,C
132,2026,2026_955,,C
133,2026,2026_956,,C
134,2026,2026_959,,C
135,2026,2026_1001,,C
136,2026,2026_1007,,C
137,2026,2026_1008,,C
138,2026,2026_1011,,C
139,2026,2026_1018,Prolog,C
140,2026,2026_1022,"ansible,bash",C
141,2026,2026_1035,Purescript,C
142,2026,2026_1043,,C
143,2026,2026_1050,,C
144,2026,2026_1068,,C
145,2026,2026_1070,,C
146,2026,2026_1073,,C
147,2026,2026_1075,Mathematica,C
148,2026,2026_1080,,C
149,2026,2026_1083,,C
150,2026,2026_1092,,C
151,2026,2026_1093,Bash,C
152,2026,2026_1094,"CUDA, HIP",C
153,2026,2026_1101,shell scripting,C
154,2026,2026_1103,,C
155,2026,2026_1109,,C
156,2026,2026_1121,,C
157,2026,2026_1131,,C
158,2026,2026_1144,,C
159,2026,2026_1150,Bash,C
160,2026,2026_1152,,C
161,2026,2026_1159,,C
162,2026,2026_1162,,C
163,2026,2026_277,,C#
164,2026,2026_316,,C#
165,2026,2026_334,,C#
166,2026,2026_346,,C#
167,2026,2026_376,,C#
168,2026,2026_385,,C#
169,2026,2026_414,,C#
170,2026,2026_458,,C#
171,2026,2026_517,,C#
172,2026,2026_549,,C#
173,2026,2026_582,,C#
174,2026,2026_625,,C#
175,2026,2026_664,,C#
176,2026,2026_701,,C#
177,2026,2026_737,,C#
178,2026,2026_842,,C#
179,2026,2026_854,,C#
180,2026,2026_895,,C#
181,2026,2026_1019,,C#
182,2026,2026_1023,,C#
183,2026,2026_1128,,C#
184,2026,2026_1130,,C#
185,2026,2026_1157,,C#
186,2026,2026_8,,C++
187,2026,2026_9,,C++
188,2026,2026_11,bash,C++
189,2026,2026_24,,C++
190,2026,2026_30,,C++
191,2026,2026_31,,C++
192,2026,2026_45,,C++
193,2026,2026_51,,C++
194,2026,2026_54,,C++
195,2026,2026_60,,C++
196,2026,2026_61,,C++
197,2026,2026_72,,C++
198,2026,2026_73,,C++
199,2026,2026_81,,C++
200,2026,2026_82,,C++
201,2026,2026_83,,C++
202,2026,2026_85,,C++
203,2026,2026_93,bash,C++
204,2026,2026_97,,C++
205,2026,2026_101,Bash,C++
206,2026,2026_106,,C++
207,2026,2026_107,VHDL,C++
208,2026,2026_109,,C++
209,2026,2026_117,,C++
210,2026,2026_119,m4,C++
211,2026,2026_121,,C++
212,2026,2026_125,,C++
213,2026,2026_133,,C++
214,2026,2026_136,,C++
215,2026,2026_146,,C++
216,2026,2026_147,,C++
217,2026,2026_150,,C++
218,2026,2026_154,,C++
219,2026,2026_162,SPARQL,C++
220,2026,2026_163,,C++
221,2026,2026_167,,C++
222,2026,2026_177,,C++
223,2026,2026_185,,C++
224,2026,2026_189,CUDA,C++
225,2026,2026_190,,C++
226,2026,2026_193,,C++
227,2026,2026_194,,C++
228,2026,2026_198,,C++
229,2026,2026_211,,C++
230,2026,2026_214,,C++
231,2026,2026_215,,C++
232,2026,2026_217,,C++
233,2026,2026_219,,C++
234,2026,2026_221,,C++
235,2026,2026_228,,C++
236,2026,2026_231,,C++
237,2026,2026_232,,C++
238,2026,2026_235,,C++
239,2026,2026_244,,C++
240,2026,2026_250,,C++
241,2026,2026_253,,C++
242,2026,2026_265,,C++
243,2026,2026_268,,C++
244,2026,2026_270,Scheme,C++
245,2026,2026_285,,C++
246,2026,2026_286,,C++
247,2026,2026_294,,C++
248,2026,2026_297,MATLAB,C++
249,2026,2026_302,,C++
250,2026,2026_305,Bash/shell languages,C++
251,2026,2026_307,,C++
252,2026,2026_316,,C++
253,2026,2026_317,Bash,C++
254,2026,2026_322,,C++
255,2026,2026_326,,C++
256,2026,2026_328,,C++
257,2026,2026_330,,C++
258,2026,2026_334,,C++
259,2026,2026_338,,C++
260,2026,2026_341,,C++
261,2026,2026_346,,C++
262,2026,2026_351,,C++
263,2026,2026_352,,C++
264,2026,2026_356,,C++
265,2026,2026_357,,C++
266,2026,2026_359,,C++
267,2026,2026_360,,C++
268,2026,2026_364,,C++
269,2026,2026_365,,C++
270,2026,2026_371,,C++
271,2026,2026_378,,C++
272,2026,2026_381,,C++
273,2026,2026_385,,C++
274,2026,2026_389,"shell scripts, CMake",C++
275,2026,2026_394,,C++
276,2026,2026_421,,C++
277,2026,2026_442,,C++
278,2026,2026_453,,C++
279,2026,2026_461,,C++
280,2026,2026_466,,C++
281,2026,2026_470,,C++
282,2026,2026_471,,C++
283,2026,2026_472,,C++
284,2026,2026_474,,C++
285,2026,2026_479,Json (if you mention SQL here...) ,C++
286,2026,2026_482,,C++
287,2026,2026_485,,C++
288,2026,2026_486,,C++
289,2026,2026_488,,C++
290,2026,2026_489,,C++
291,2026,2026_515,,C++
292,2026,2026_517,,C++
293,2026,2026_534,"Stan, JAGS",C++
294,2026,2026_542,,C++
295,2026,2026_549,,C++
296,2026,2026_570,,C++
297,2026,2026_573,,C++
298,2026,2026_588,,C++
299,2026,2026_600,,C++
300,2026,2026_604,,C++
301,2026,2026_612,,C++
302,2026,2026_617,,C++
303,2026,2026_621,,C++
304,2026,2026_625,,C++
305,2026,2026_655,,C++
306,2026,2026_664,,C++
307,2026,2026_668,,C++
308,2026,2026_674,,C++
309,2026,2026_678,,C++
310,2026,2026_679,,C++
311,2026,2026_684,,C++
312,2026,2026_687,,C++
313,2026,2026_689,,C++
314,2026,2026_692,,C++
315,2026,2026_694,Bash shell scripting,C++
316,2026,2026_696,,C++
317,2026,2026_697,,C++
318,2026,2026_698,,C++
319,2026,2026_700,,C++
320,2026,2026_704,,C++
321,2026,2026_711,Shell,C++
322,2026,2026_715,,C++
323,2026,2026_716,,C++
324,2026,2026_722,,C++
325,2026,2026_723,,C++
326,2026,2026_730,,C++
327,2026,2026_736,,C++
328,2026,2026_741,,C++
329,2026,2026_747,LabView,C++
330,2026,2026_750,,C++
331,2026,2026_755,,C++
332,2026,2026_756,Mathematica,C++
333,2026,2026_759,,C++
334,2026,2026_762,,C++
335,2026,2026_765,,C++
336,2026,2026_769,,C++
337,2026,2026_770,,C++
338,2026,2026_773,,C++
339,2026,2026_775,,C++
340,2026,2026_776,LabLisp,C++
341,2026,2026_781,,C++
342,2026,2026_785,,C++
343,2026,2026_791,,C++
344,2026,2026_792,,C++
345,2026,2026_793,,C++
346,2026,2026_802,,C++
347,2026,2026_818,,C++
348,2026,2026_822,,C++
349,2026,2026_825,,C++
350,2026,2026_826,,C++
351,2026,2026_836,,C++
352,2026,2026_841,Wolfram/Mathematica,C++
353,2026,2026_842,,C++
354,2026,2026_845,,C++
355,2026,2026_850,,C++
356,2026,2026_856,,C++
357,2026,2026_859,,C++
358,2026,2026_861,Snakemake,C++
359,2026,2026_864,,C++
360,2026,2026_868,,C++
361,2026,2026_869,,C++
362,2026,2026_874,,C++
363,2026,2026_875,,C++
364,2026,2026_876,,C++
365,2026,2026_878,,C++
366,2026,2026_891,,C++
367,2026,2026_892,,C++
368,2026,2026_893,,C++
369,2026,2026_894,Wolfram Language,C++
370,2026,2026_895,,C++
371,2026,2026_903,CUDA,C++
372,2026,2026_906,,C++
373,2026,2026_909,,C++
374,2026,2026_924,,C++
375,2026,2026_926,,C++
376,2026,2026_927,,C++
377,2026,2026_929,Latex,C++
378,2026,2026_930,,C++
379,2026,2026_934,,C++
380,2026,2026_938,,C++
381,2026,2026_940,,C++
382,2026,2026_942,,C++
383,2026,2026_944,,C++
384,2026,2026_947,,C++
385,2026,2026_949,,C++
386,2026,2026_951,,C++
387,2026,2026_952,,C++
388,2026,2026_954,,C++
389,2026,2026_955,,C++
390,2026,2026_956,,C++
391,2026,2026_959,,C++
392,2026,2026_960,,C++
393,2026,2026_986,,C++
394,2026,2026_991,,C++
395,2026,2026_995,,C++
396,2026,2026_1001,,C++
397,2026,2026_1002,,C++
398,2026,2026_1007,,C++
399,2026,2026_1008,,C++
400,2026,2026_1009,BASH,C++
401,2026,2026_1018,Prolog,C++
402,2026,2026_1022,"ansible,bash",C++
403,2026,2026_1026,,C++
404,2026,2026_1034,,C++
405,2026,2026_1038,,C++
406,2026,2026_1043,,C++
407,2026,2026_1045,,C++
408,2026,2026_1056,,C++
409,2026,2026_1058,,C++
410,2026,2026_1065,,C++
411,2026,2026_1070,,C++
412,2026,2026_1073,,C++
413,2026,2026_1075,Mathematica,C++
414,2026,2026_1079,,C++
415,2026,2026_1080,,C++
416,2026,2026_1083,,C++
417,2026,2026_1085,,C++
418,2026,2026_1092,,C++
419,2026,2026_1093,Bash,C++
420,2026,2026_1094,"CUDA, HIP",C++
421,2026,2026_1097,,C++
422,2026,2026_1101,shell scripting,C++
423,2026,2026_1103,,C++
424,2026,2026_1109,,C++
425,2026,2026_1110,,C++
426,2026,2026_1125,,C++
427,2026,2026_1141,,C++
428,2026,2026_1144,,C++
429,2026,2026_1150,Bash,C++
430,2026,2026_1152,,C++
431,2026,2026_1158,,C++
432,2026,2026_1159,,C++
433,2026,2026_1162,,C++
434,2026,2026_140,,Clojure
435,2026,2026_445,,Clojure
436,2026,2026_341,,CoffeeScript
437,2026,2026_516,,CoffeeScript
438,2026,2026_270,Scheme,Common Lisp
439,2026,2026_776,LabLisp,Common Lisp
440,2026,2026_1152,,Common Lisp
441,2026,2026_122,,Dart
442,2026,2026_185,,Dart
443,2026,2026_222,,Dart
444,2026,2026_239,Kotlin,Dart
445,2026,2026_744,,Dart
446,2026,2026_927,,Dart
447,2026,2026_395,,Elixir
448,2026,2026_531,,Elixir
449,2026,2026_867,Elm,Elixir
450,2026,2026_960,,Erlang
451,2026,2026_297,MATLAB,F#
452,2026,2026_867,Elm,F#
453,2026,2026_1,,Fortran
454,2026,2026_8,,Fortran
455,2026,2026_31,,Fortran
456,2026,2026_66,,Fortran
457,2026,2026_68,,Fortran
458,2026,2026_70,,Fortran
459,2026,2026_76,,Fortran
460,2026,2026_83,,Fortran
461,2026,2026_85,,Fortran
462,2026,2026_86,,Fortran
463,2026,2026_93,bash,Fortran
464,2026,2026_103,,Fortran
465,2026,2026_105,,Fortran
466,2026,2026_107,VHDL,Fortran
467,2026,2026_109,,Fortran
468,2026,2026_116,,Fortran
469,2026,2026_118,bash/shell scripts,Fortran
470,2026,2026_119,m4,Fortran
471,2026,2026_133,,Fortran
472,2026,2026_144,,Fortran
473,2026,2026_145,,Fortran
474,2026,2026_147,,Fortran
475,2026,2026_150,,Fortran
476,2026,2026_154,,Fortran
477,2026,2026_157,,Fortran
478,2026,2026_162,SPARQL,Fortran
479,2026,2026_169,,Fortran
480,2026,2026_187,,Fortran
481,2026,2026_189,CUDA,Fortran
482,2026,2026_190,,Fortran
483,2026,2026_192,Shell,Fortran
484,2026,2026_202,,Fortran
485,2026,2026_210,,Fortran
486,2026,2026_211,,Fortran
487,2026,2026_224,,Fortran
488,2026,2026_228,,Fortran
489,2026,2026_249,,Fortran
490,2026,2026_268,,Fortran
491,2026,2026_286,,Fortran
492,2026,2026_297,MATLAB,Fortran
493,2026,2026_304,,Fortran
494,2026,2026_305,Bash/shell languages,Fortran
495,2026,2026_307,,Fortran
496,2026,2026_320,,Fortran
497,2026,2026_326,,Fortran
498,2026,2026_328,,Fortran
499,2026,2026_331,"IDL, PVWave",Fortran
500,2026,2026_342,,Fortran
501,2026,2026_355,,Fortran
502,2026,2026_356,,Fortran
503,2026,2026_405,,Fortran
504,2026,2026_421,,Fortran
505,2026,2026_461,,Fortran
506,2026,2026_475,,Fortran
507,2026,2026_486,,Fortran
508,2026,2026_516,,Fortran
509,2026,2026_537,,Fortran
510,2026,2026_542,,Fortran
511,2026,2026_549,,Fortran
512,2026,2026_550,,Fortran
513,2026,2026_570,,Fortran
514,2026,2026_572,,Fortran
515,2026,2026_584,,Fortran
516,2026,2026_600,,Fortran
517,2026,2026_604,,Fortran
518,2026,2026_652,Bash shell,Fortran
519,2026,2026_664,,Fortran
520,2026,2026_672,,Fortran
521,2026,2026_687,,Fortran
522,2026,2026_689,,Fortran
523,2026,2026_698,,Fortran
524,2026,2026_711,Shell,Fortran
525,2026,2026_715,,Fortran
526,2026,2026_730,,Fortran
527,2026,2026_736,,Fortran
528,2026,2026_737,,Fortran
529,2026,2026_748,,Fortran
530,2026,2026_756,Mathematica,Fortran
531,2026,2026_769,,Fortran
532,2026,2026_773,,Fortran
533,2026,2026_785,,Fortran
534,2026,2026_786,,Fortran
535,2026,2026_790,,Fortran
536,2026,2026_802,,Fortran
537,2026,2026_804,bash,Fortran
538,2026,2026_812,Wolfram Mathematica,Fortran
539,2026,2026_818,,Fortran
540,2026,2026_822,,Fortran
541,2026,2026_834,,Fortran
542,2026,2026_845,,Fortran
543,2026,2026_850,,Fortran
544,2026,2026_856,,Fortran
545,2026,2026_859,,Fortran
546,2026,2026_861,Snakemake,Fortran
547,2026,2026_864,,Fortran
548,2026,2026_866,,Fortran
549,2026,2026_868,,Fortran
550,2026,2026_869,,Fortran
551,2026,2026_878,,Fortran
552,2026,2026_891,,Fortran
553,2026,2026_892,,Fortran
554,2026,2026_893,,Fortran
555,2026,2026_929,Latex,Fortran
556,2026,2026_942,,Fortran
557,2026,2026_951,,Fortran
558,2026,2026_952,,Fortran
559,2026,2026_954,,Fortran
560,2026,2026_962,,Fortran
561,2026,2026_995,,Fortran
562,2026,2026_1001,,Fortran
563,2026,2026_1007,,Fortran
564,2026,2026_1008,,Fortran
565,2026,2026_1011,,Fortran
566,2026,2026_1018,Prolog,Fortran
567,2026,2026_1038,,Fortran
568,2026,2026_1073,,Fortran
569,2026,2026_1075,Mathematica,Fortran
570,2026,2026_1083,,Fortran
571,2026,2026_1093,Bash,Fortran
572,2026,2026_1101,shell scripting,Fortran
573,2026,2026_1109,,Fortran
574,2026,2026_1116,,Fortran
575,2026,2026_1121,,Fortran
576,2026,2026_1127,,Fortran
577,2026,2026_1143,,Fortran
578,2026,2026_1152,,Fortran
579,2026,2026_1158,,Fortran
580,2026,2026_1162,,Fortran
581,2026,2026_3,,Go
582,2026,2026_23,,Go
583,2026,2026_24,,Go
584,2026,2026_98,Shell,Go
585,2026,2026_109,,Go
586,2026,2026_185,,Go
587,2026,2026_192,Shell,Go
588,2026,2026_214,,Go
589,2026,2026_297,MATLAB,Go
590,2026,2026_351,,Go
591,2026,2026_352,,Go
592,2026,2026_413,HCL,Go
593,2026,2026_439,,Go
594,2026,2026_544,,Go
595,2026,2026_597,,Go
596,2026,2026_616,,Go
597,2026,2026_711,Shell,Go
598,2026,2026_719,,Go
599,2026,2026_759,,Go
600,2026,2026_765,,Go
601,2026,2026_822,,Go
602,2026,2026_867,Elm,Go
603,2026,2026_873,,Go
604,2026,2026_927,,Go
605,2026,2026_936,,Go
606,2026,2026_938,,Go
607,2026,2026_940,,Go
608,2026,2026_1018,Prolog,Go
609,2026,2026_1125,,Go
610,2026,2026_1132,,Go
611,2026,2026_59,Knime Worflow Engine,Groovy
612,2026,2026_92,Knime worflow,Groovy
613,2026,2026_364,,Groovy
614,2026,2026_591,Bash,Groovy
615,2026,2026_596,,Groovy
616,2026,2026_616,,Groovy
617,2026,2026_759,,Groovy
618,2026,2026_1099,,Groovy
619,2026,2026_1133,,Groovy
620,2026,2026_270,Scheme,Haskell
621,2026,2026_284,Links,Haskell
622,2026,2026_467,,Haskell
623,2026,2026_867,Elm,Haskell
624,2026,2026_1018,Prolog,Haskell
625,2026,2026_1035,Purescript,Haskell
626,2026,2026_1071,,Haskell
627,2026,2026_1097,,Haskell
628,2026,2026_1103,,Haskell
629,2026,2026_1110,,Haskell
630,2026,2026_12,,Java
631,2026,2026_30,,Java
632,2026,2026_31,,Java
633,2026,2026_34,"Xquery, xslt",Java
634,2026,2026_41,,Java
635,2026,2026_44,,Java
636,2026,2026_45,,Java
637,2026,2026_59,Knime Worflow Engine,Java
638,2026,2026_61,,Java
639,2026,2026_88,,Java
640,2026,2026_92,Knime worflow,Java
641,2026,2026_108,,Java
642,2026,2026_122,,Java
643,2026,2026_125,,Java
644,2026,2026_130,,Java
645,2026,2026_136,,Java
646,2026,2026_140,,Java
647,2026,2026_142,,Java
648,2026,2026_151,,Java
649,2026,2026_162,SPARQL,Java
650,2026,2026_163,,Java
651,2026,2026_176,,Java
652,2026,2026_185,,Java
653,2026,2026_194,,Java
654,2026,2026_195,,Java
655,2026,2026_196,,Java
656,2026,2026_205,Shell (bash),Java
657,2026,2026_220,,Java
658,2026,2026_238,,Java
659,2026,2026_239,Kotlin,Java
660,2026,2026_266,,Java
661,2026,2026_295,,Java
662,2026,2026_316,,Java
663,2026,2026_357,,Java
664,2026,2026_366,,Java
665,2026,2026_385,,Java
666,2026,2026_386,,Java
667,2026,2026_397,,Java
668,2026,2026_407,,Java
669,2026,2026_414,,Java
670,2026,2026_418,,Java
671,2026,2026_421,,Java
672,2026,2026_442,,Java
673,2026,2026_445,,Java
674,2026,2026_498,,Java
675,2026,2026_503,,Java
676,2026,2026_504,,Java
677,2026,2026_510,,Java
678,2026,2026_541,,Java
679,2026,2026_552,,Java
680,2026,2026_603,,Java
681,2026,2026_643,"bash, ansible, ",Java
682,2026,2026_666,,Java
683,2026,2026_685,,Java
684,2026,2026_691,,Java
685,2026,2026_698,,Java
686,2026,2026_713,,Java
687,2026,2026_716,,Java
688,2026,2026_730,,Java
689,2026,2026_732,Angular,Java
690,2026,2026_744,,Java
691,2026,2026_746,,Java
692,2026,2026_764,shell script,Java
693,2026,2026_782,,Java
694,2026,2026_784,,Java
695,2026,2026_806,,Java
696,2026,2026_825,,Java
697,2026,2026_840,Kotlin,Java
698,2026,2026_845,,Java
699,2026,2026_857,,Java
700,2026,2026_873,,Java
701,2026,2026_886,DSLs,Java
702,2026,2026_895,,Java
703,2026,2026_901,,Java
704,2026,2026_923,,Java
705,2026,2026_927,,Java
706,2026,2026_940,,Java
707,2026,2026_998,,Java
708,2026,2026_1001,,Java
709,2026,2026_1011,,Java
710,2026,2026_1018,Prolog,Java
711,2026,2026_1022,"ansible,bash",Java
712,2026,2026_1026,,Java
713,2026,2026_1028,,Java
714,2026,2026_1029,,Java
715,2026,2026_1042,Frameworks Angular y SpringBoot,Java
716,2026,2026_1047,,Java
717,2026,2026_1055,Souffle,Java
718,2026,2026_1058,,Java
719,2026,2026_1076,,Java
720,2026,2026_1083,,Java
721,2026,2026_1115,,Java
722,2026,2026_1125,,Java
723,2026,2026_1126,,Java
724,2026,2026_1130,,Java
725,2026,2026_1135,,Java
726,2026,2026_1138,,Java
727,2026,2026_1142,,Java
728,2026,2026_1149,"XQuery, XSLT, Ant, Bash",Java
729,2026,2026_1151,,Java
730,2026,2026_1,,JavaScript
731,2026,2026_10,,JavaScript
732,2026,2026_15,,JavaScript
733,2026,2026_17,,JavaScript
734,2026,2026_18,,JavaScript
735,2026,2026_23,,JavaScript
736,2026,2026_29,,JavaScript
737,2026,2026_31,,JavaScript
738,2026,2026_34,"Xquery, xslt",JavaScript
739,2026,2026_39,,JavaScript
740,2026,2026_41,,JavaScript
741,2026,2026_48,,JavaScript
742,2026,2026_54,,JavaScript
743,2026,2026_61,,JavaScript
744,2026,2026_67,LabVIEW,JavaScript
745,2026,2026_82,,JavaScript
746,2026,2026_87,,JavaScript
747,2026,2026_92,Knime worflow,JavaScript
748,2026,2026_98,Shell,JavaScript
749,2026,2026_109,,JavaScript
750,2026,2026_124,,JavaScript
751,2026,2026_130,,JavaScript
752,2026,2026_134,,JavaScript
753,2026,2026_136,,JavaScript
754,2026,2026_140,,JavaScript
755,2026,2026_143,,JavaScript
756,2026,2026_145,,JavaScript
757,2026,2026_148,,JavaScript
758,2026,2026_150,,JavaScript
759,2026,2026_153,,JavaScript
760,2026,2026_170,,JavaScript
761,2026,2026_185,,JavaScript
762,2026,2026_194,,JavaScript
763,2026,2026_195,,JavaScript
764,2026,2026_196,,JavaScript
765,2026,2026_197,,JavaScript
766,2026,2026_198,,JavaScript
767,2026,2026_204,,JavaScript
768,2026,2026_206,,JavaScript
769,2026,2026_212,,JavaScript
770,2026,2026_214,,JavaScript
771,2026,2026_215,,JavaScript
772,2026,2026_216,,JavaScript
773,2026,2026_220,,JavaScript
774,2026,2026_222,,JavaScript
775,2026,2026_228,,JavaScript
776,2026,2026_240,,JavaScript
777,2026,2026_241,,JavaScript
778,2026,2026_247,,JavaScript
779,2026,2026_257,,JavaScript
780,2026,2026_260,,JavaScript
781,2026,2026_266,,JavaScript
782,2026,2026_271,,JavaScript
783,2026,2026_277,,JavaScript
784,2026,2026_284,Links,JavaScript
785,2026,2026_295,,JavaScript
786,2026,2026_306,,JavaScript
787,2026,2026_311,,JavaScript
788,2026,2026_315,,JavaScript
789,2026,2026_341,,JavaScript
790,2026,2026_351,,JavaScript
791,2026,2026_352,,JavaScript
792,2026,2026_355,,JavaScript
793,2026,2026_366,,JavaScript
794,2026,2026_369,,JavaScript
795,2026,2026_376,,JavaScript
796,2026,2026_378,,JavaScript
797,2026,2026_381,,JavaScript
798,2026,2026_382,,JavaScript
799,2026,2026_386,,JavaScript
800,2026,2026_389,"shell scripts, CMake",JavaScript
801,2026,2026_391,,JavaScript
802,2026,2026_395,,JavaScript
803,2026,2026_397,,JavaScript
804,2026,2026_407,,JavaScript
805,2026,2026_422,,JavaScript
806,2026,2026_430,,JavaScript
807,2026,2026_431,XSLT,JavaScript
808,2026,2026_437,,JavaScript
809,2026,2026_439,,JavaScript
810,2026,2026_443,XQL,JavaScript
811,2026,2026_445,,JavaScript
812,2026,2026_446,,JavaScript
813,2026,2026_456,"HTML, SHACL",JavaScript
814,2026,2026_460,XSLT,JavaScript
815,2026,2026_467,,JavaScript
816,2026,2026_468,,JavaScript
817,2026,2026_471,,JavaScript
818,2026,2026_475,,JavaScript
819,2026,2026_476,,JavaScript
820,2026,2026_498,,JavaScript
821,2026,2026_501,,JavaScript
822,2026,2026_503,,JavaScript
823,2026,2026_514,,JavaScript
824,2026,2026_516,,JavaScript
825,2026,2026_531,,JavaScript
826,2026,2026_541,,JavaScript
827,2026,2026_543,,JavaScript
828,2026,2026_544,,JavaScript
829,2026,2026_549,,JavaScript
830,2026,2026_573,,JavaScript
831,2026,2026_580,,JavaScript
832,2026,2026_589,,JavaScript
833,2026,2026_596,,JavaScript
834,2026,2026_616,,JavaScript
835,2026,2026_620,,JavaScript
836,2026,2026_636,,JavaScript
837,2026,2026_643,"bash, ansible, ",JavaScript
838,2026,2026_657,,JavaScript
839,2026,2026_658,,JavaScript
840,2026,2026_662,,JavaScript
841,2026,2026_663,,JavaScript
842,2026,2026_680,,JavaScript
843,2026,2026_681,,JavaScript
844,2026,2026_683,,JavaScript
845,2026,2026_685,,JavaScript
846,2026,2026_689,,JavaScript
847,2026,2026_691,,JavaScript
848,2026,2026_696,,JavaScript
849,2026,2026_701,,JavaScript
850,2026,2026_705,,JavaScript
851,2026,2026_708,MERN Stack,JavaScript
852,2026,2026_709,,JavaScript
853,2026,2026_711,Shell,JavaScript
854,2026,2026_713,,JavaScript
855,2026,2026_715,,JavaScript
856,2026,2026_716,,JavaScript
857,2026,2026_723,,JavaScript
858,2026,2026_724,LabVIEW,JavaScript
859,2026,2026_730,,JavaScript
860,2026,2026_737,,JavaScript
861,2026,2026_741,,JavaScript
862,2026,2026_744,,JavaScript
863,2026,2026_749,,JavaScript
864,2026,2026_759,,JavaScript
865,2026,2026_761,,JavaScript
866,2026,2026_762,,JavaScript
867,2026,2026_768,XQuery,JavaScript
868,2026,2026_782,,JavaScript
869,2026,2026_806,,JavaScript
870,2026,2026_815,,JavaScript
871,2026,2026_816,,JavaScript
872,2026,2026_826,,JavaScript
873,2026,2026_831,,JavaScript
874,2026,2026_835,,JavaScript
875,2026,2026_838,,JavaScript
876,2026,2026_840,Kotlin,JavaScript
877,2026,2026_842,,JavaScript
878,2026,2026_845,,JavaScript
879,2026,2026_854,,JavaScript
880,2026,2026_867,Elm,JavaScript
881,2026,2026_873,,JavaScript
882,2026,2026_877,,JavaScript
883,2026,2026_880,,JavaScript
884,2026,2026_886,DSLs,JavaScript
885,2026,2026_892,,JavaScript
886,2026,2026_895,,JavaScript
887,2026,2026_897,,JavaScript
888,2026,2026_898,,JavaScript
889,2026,2026_900,,JavaScript
890,2026,2026_901,,JavaScript
891,2026,2026_905,,JavaScript
892,2026,2026_907,,JavaScript
893,2026,2026_920,,JavaScript
894,2026,2026_924,,JavaScript
895,2026,2026_925,,JavaScript
896,2026,2026_927,,JavaScript
897,2026,2026_932,,JavaScript
898,2026,2026_939,,JavaScript
899,2026,2026_948,,JavaScript
900,2026,2026_960,,JavaScript
901,2026,2026_982,,JavaScript
902,2026,2026_998,,JavaScript
903,2026,2026_1001,,JavaScript
904,2026,2026_1004,bash,JavaScript
905,2026,2026_1008,,JavaScript
906,2026,2026_1012,,JavaScript
907,2026,2026_1017,,JavaScript
908,2026,2026_1019,,JavaScript
909,2026,2026_1022,"ansible,bash",JavaScript
910,2026,2026_1023,,JavaScript
911,2026,2026_1026,,JavaScript
912,2026,2026_1028,,JavaScript
913,2026,2026_1031,,JavaScript
914,2026,2026_1035,Purescript,JavaScript
915,2026,2026_1042,Frameworks Angular y SpringBoot,JavaScript
916,2026,2026_1048,,JavaScript
917,2026,2026_1055,Souffle,JavaScript
918,2026,2026_1058,,JavaScript
919,2026,2026_1069,,JavaScript
920,2026,2026_1071,,JavaScript
921,2026,2026_1073,,JavaScript
922,2026,2026_1080,,JavaScript
923,2026,2026_1081,,JavaScript
924,2026,2026_1083,,JavaScript
925,2026,2026_1088,,JavaScript
926,2026,2026_1093,Bash,JavaScript
927,2026,2026_1106,,JavaScript
928,2026,2026_1114,,JavaScript
929,2026,2026_1117,,JavaScript
930,2026,2026_1125,,JavaScript
931,2026,2026_1126,,JavaScript
932,2026,2026_1128,,JavaScript
933,2026,2026_1129,,JavaScript
934,2026,2026_1132,,JavaScript
935,2026,2026_1133,,JavaScript
936,2026,2026_1135,,JavaScript
937,2026,2026_1137,Bash,JavaScript
938,2026,2026_1138,,JavaScript
939,2026,2026_1140,,JavaScript
940,2026,2026_1142,,JavaScript
941,2026,2026_1149,"XQuery, XSLT, Ant, Bash",JavaScript
942,2026,2026_1153,,JavaScript
943,2026,2026_1155,shell script,JavaScript
944,2026,2026_49,,Julia
945,2026,2026_51,,Julia
946,2026,2026_54,,Julia
947,2026,2026_60,,Julia
948,2026,2026_66,,Julia
949,2026,2026_73,,Julia
950,2026,2026_83,,Julia
951,2026,2026_88,,Julia
952,2026,2026_93,bash,Julia
953,2026,2026_94,,Julia
954,2026,2026_102,,Julia
955,2026,2026_117,,Julia
956,2026,2026_127,,Julia
957,2026,2026_133,,Julia
958,2026,2026_135,,Julia
959,2026,2026_144,,Julia
960,2026,2026_168,,Julia
961,2026,2026_190,,Julia
962,2026,2026_200,,Julia
963,2026,2026_219,,Julia
964,2026,2026_227,,Julia
965,2026,2026_228,,Julia
966,2026,2026_253,,Julia
967,2026,2026_286,,Julia
968,2026,2026_289,,Julia
969,2026,2026_290,,Julia
970,2026,2026_291,,Julia
971,2026,2026_292,Mathematica,Julia
972,2026,2026_294,,Julia
973,2026,2026_298,,Julia
974,2026,2026_302,,Julia
975,2026,2026_312,,Julia
976,2026,2026_313,,Julia
977,2026,2026_317,Bash,Julia
978,2026,2026_326,,Julia
979,2026,2026_328,,Julia
980,2026,2026_338,,Julia
981,2026,2026_342,,Julia
982,2026,2026_363,,Julia
983,2026,2026_378,,Julia
984,2026,2026_387,Scheme,Julia
985,2026,2026_393,,Julia
986,2026,2026_394,,Julia
987,2026,2026_396,,Julia
988,2026,2026_440,,Julia
989,2026,2026_441,,Julia
990,2026,2026_470,,Julia
991,2026,2026_523,,Julia
992,2026,2026_539,,Julia
993,2026,2026_542,,Julia
994,2026,2026_545,,Julia
995,2026,2026_570,,Julia
996,2026,2026_588,,Julia
997,2026,2026_604,,Julia
998,2026,2026_736,,Julia
999,2026,2026_793,,Julia
1000,2026,2026_797,,Julia
1001,2026,2026_804,bash,Julia
1002,2026,2026_821,,Julia
1003,2026,2026_845,,Julia
1004,2026,2026_893,,Julia
1005,2026,2026_910,,Julia
1006,2026,2026_934,,Julia
1007,2026,2026_942,,Julia
1008,2026,2026_971,,Julia
1009,2026,2026_980,,Julia
1010,2026,2026_1007,,Julia
1011,2026,2026_1018,Prolog,Julia
1012,2026,2026_1065,,Julia
1013,2026,2026_1085,,Julia
1014,2026,2026_1103,,Julia
1015,2026,2026_1150,Bash,Julia
1016,2026,2026_1158,,Julia
1017,2026,2026_123,,Lua
1018,2026,2026_257,,Lua
1019,2026,2026_305,Bash/shell languages,Lua
1020,2026,2026_334,,Lua
1021,2026,2026_365,,Lua
1022,2026,2026_408,,Lua
1023,2026,2026_442,,Lua
1024,2026,2026_498,,Lua
1025,2026,2026_501,,Lua
1026,2026,2026_596,,Lua
1027,2026,2026_759,,Lua
1028,2026,2026_818,,Lua
1029,2026,2026_845,,Lua
1030,2026,2026_877,,Lua
1031,2026,2026_938,,Lua
1032,2026,2026_946,LabVIEW ,Lua
1033,2026,2026_980,,Lua
1034,2026,2026_1018,Prolog,Lua
1035,2026,2026_3,,Matlab
1036,2026,2026_9,,Matlab
1037,2026,2026_13,,Matlab
1038,2026,2026_31,,Matlab
1039,2026,2026_39,,Matlab
1040,2026,2026_60,,Matlab
1041,2026,2026_89,,Matlab
1042,2026,2026_124,,Matlab
1043,2026,2026_127,,Matlab
1044,2026,2026_147,,Matlab
1045,2026,2026_157,,Matlab
1046,2026,2026_167,,Matlab
1047,2026,2026_203,,Matlab
1048,2026,2026_212,,Matlab
1049,2026,2026_228,,Matlab
1050,2026,2026_249,,Matlab
1051,2026,2026_273,,Matlab
1052,2026,2026_279,,Matlab
1053,2026,2026_285,,Matlab
1054,2026,2026_313,,Matlab
1055,2026,2026_317,Bash,Matlab
1056,2026,2026_328,,Matlab
1057,2026,2026_349,,Matlab
1058,2026,2026_407,,Matlab
1059,2026,2026_414,,Matlab
1060,2026,2026_421,,Matlab
1061,2026,2026_425,,Matlab
1062,2026,2026_489,,Matlab
1063,2026,2026_496,Powershell,Matlab
1064,2026,2026_542,,Matlab
1065,2026,2026_545,,Matlab
1066,2026,2026_572,,Matlab
1067,2026,2026_582,,Matlab
1068,2026,2026_622,,Matlab
1069,2026,2026_668,,Matlab
1070,2026,2026_680,,Matlab
1071,2026,2026_694,Bash shell scripting,Matlab
1072,2026,2026_700,,Matlab
1073,2026,2026_724,LabVIEW,Matlab
1074,2026,2026_731,,Matlab
1075,2026,2026_759,,Matlab
1076,2026,2026_831,,Matlab
1077,2026,2026_850,,Matlab
1078,2026,2026_856,,Matlab
1079,2026,2026_926,,Matlab
1080,2026,2026_969,bash,Matlab
1081,2026,2026_971,,Matlab
1082,2026,2026_976,,Matlab
1083,2026,2026_978,,Matlab
1084,2026,2026_991,,Matlab
1085,2026,2026_992,,Matlab
1086,2026,2026_1007,,Matlab
1087,2026,2026_1008,,Matlab
1088,2026,2026_1011,,Matlab
1089,2026,2026_1018,Prolog,Matlab
1090,2026,2026_1019,,Matlab
1091,2026,2026_1023,,Matlab
1092,2026,2026_1040,,Matlab
1093,2026,2026_1044,,Matlab
1094,2026,2026_1050,,Matlab
1095,2026,2026_1056,,Matlab
1096,2026,2026_1075,Mathematica,Matlab
1097,2026,2026_1080,,Matlab
1098,2026,2026_1083,,Matlab
1099,2026,2026_1086,,Matlab
1100,2026,2026_1101,shell scripting,Matlab
1101,2026,2026_1103,,Matlab
1102,2026,2026_1113,,Matlab
1103,2026,2026_1143,,Matlab
1104,2026,2026_1150,Bash,Matlab
1105,2026,2026_1155,shell script,Matlab
1106,2026,2026_1162,,Matlab
1107,2026,2026_736,,Objective-C
1108,2026,2026_1058,,Objective-C
1109,2026,2026_116,,Perl
1110,2026,2026_146,,Perl
1111,2026,2026_185,,Perl
1112,2026,2026_268,,Perl
1113,2026,2026_305,Bash/shell languages,Perl
1114,2026,2026_320,,Perl
1115,2026,2026_331,"IDL, PVWave",Perl
1116,2026,2026_334,,Perl
1117,2026,2026_340,,Perl
1118,2026,2026_352,,Perl
1119,2026,2026_356,,Perl
1120,2026,2026_414,,Perl
1121,2026,2026_501,,Perl
1122,2026,2026_547,,Perl
1123,2026,2026_644,Bash,Perl
1124,2026,2026_652,Bash shell,Perl
1125,2026,2026_696,,Perl
1126,2026,2026_806,,Perl
1127,2026,2026_845,,Perl
1128,2026,2026_868,,Perl
1129,2026,2026_880,,Perl
1130,2026,2026_897,,Perl
1131,2026,2026_927,,Perl
1132,2026,2026_932,,Perl
1133,2026,2026_939,,Perl
1134,2026,2026_982,,Perl
1135,2026,2026_1008,,Perl
1136,2026,2026_1018,Prolog,Perl
1137,2026,2026_1040,,Perl
1138,2026,2026_1080,,Perl
1139,2026,2026_1083,,Perl
1140,2026,2026_1093,Bash,Perl
1141,2026,2026_1101,shell scripting,Perl
1142,2026,2026_29,,PHP
1143,2026,2026_41,,PHP
1144,2026,2026_109,,PHP
1145,2026,2026_118,bash/shell scripts,PHP
1146,2026,2026_153,,PHP
1147,2026,2026_154,,PHP
1148,2026,2026_185,,PHP
1149,2026,2026_194,,PHP
1150,2026,2026_277,,PHP
1151,2026,2026_306,,PHP
1152,2026,2026_316,,PHP
1153,2026,2026_341,,PHP
1154,2026,2026_367,,PHP
1155,2026,2026_369,,PHP
1156,2026,2026_391,,PHP
1157,2026,2026_445,,PHP
1158,2026,2026_446,,PHP
1159,2026,2026_481,,PHP
1160,2026,2026_512,,PHP
1161,2026,2026_531,,PHP
1162,2026,2026_652,Bash shell,PHP
1163,2026,2026_689,,PHP
1164,2026,2026_721,,PHP
1165,2026,2026_756,Mathematica,PHP
1166,2026,2026_768,XQuery,PHP
1167,2026,2026_769,,PHP
1168,2026,2026_806,,PHP
1169,2026,2026_842,,PHP
1170,2026,2026_845,,PHP
1171,2026,2026_873,,PHP
1172,2026,2026_880,,PHP
1173,2026,2026_898,,PHP
1174,2026,2026_901,,PHP
1175,2026,2026_920,,PHP
1176,2026,2026_924,,PHP
1177,2026,2026_925,,PHP
1178,2026,2026_927,,PHP
1179,2026,2026_939,,PHP
1180,2026,2026_982,,PHP
1181,2026,2026_998,,PHP
1182,2026,2026_1026,,PHP
1183,2026,2026_1083,,PHP
1184,2026,2026_1093,Bash,PHP
1185,2026,2026_1106,,PHP
1186,2026,2026_1113,,PHP
1187,2026,2026_1114,,PHP
1188,2026,2026_1128,,PHP
1189,2026,2026_1129,,PHP
1190,2026,2026_1142,,PHP
1191,2026,2026_1149,"XQuery, XSLT, Ant, Bash",PHP
1192,2026,2026_1,,Python
1193,2026,2026_3,,Python
1194,2026,2026_5,,Python
1195,2026,2026_8,,Python
1196,2026,2026_9,,Python
1197,2026,2026_10,,Python
1198,2026,2026_11,bash,Python
1199,2026,2026_13,,Python
1200,2026,2026_15,,Python
1201,2026,2026_16,,Python
1202,2026,2026_17,,Python
1203,2026,2026_18,,Python
1204,2026,2026_21,,Python
1205,2026,2026_23,,Python
1206,2026,2026_24,,Python
1207,2026,2026_29,,Python
1208,2026,2026_30,,Python
1209,2026,2026_31,,Python
1210,2026,2026_32,,Python
1211,2026,2026_35,,Python
1212,2026,2026_39,,Python
1213,2026,2026_40,,Python
1214,2026,2026_41,,Python
1215,2026,2026_45,,Python
1216,2026,2026_48,,Python
1217,2026,2026_49,,Python
1218,2026,2026_51,,Python
1219,2026,2026_54,,Python
1220,2026,2026_56,,Python
1221,2026,2026_59,Knime Worflow Engine,Python
1222,2026,2026_60,,Python
1223,2026,2026_61,,Python
1224,2026,2026_66,,Python
1225,2026,2026_67,LabVIEW,Python
1226,2026,2026_68,,Python
1227,2026,2026_70,,Python
1228,2026,2026_72,,Python
1229,2026,2026_73,,Python
1230,2026,2026_76,,Python
1231,2026,2026_77,,Python
1232,2026,2026_81,,Python
1233,2026,2026_82,,Python
1234,2026,2026_83,,Python
1235,2026,2026_84,,Python
1236,2026,2026_85,,Python
1237,2026,2026_86,,Python
1238,2026,2026_87,,Python
1239,2026,2026_88,,Python
1240,2026,2026_90,,Python
1241,2026,2026_91,,Python
1242,2026,2026_92,Knime worflow,Python
1243,2026,2026_93,bash,Python
1244,2026,2026_94,,Python
1245,2026,2026_97,,Python
1246,2026,2026_98,Shell,Python
1247,2026,2026_101,Bash,Python
1248,2026,2026_103,,Python
1249,2026,2026_105,,Python
1250,2026,2026_106,,Python
1251,2026,2026_107,VHDL,Python
1252,2026,2026_108,,Python
1253,2026,2026_109,,Python
1254,2026,2026_110,,Python
1255,2026,2026_116,,Python
1256,2026,2026_117,,Python
1257,2026,2026_118,bash/shell scripts,Python
1258,2026,2026_119,m4,Python
1259,2026,2026_121,,Python
1260,2026,2026_122,,Python
1261,2026,2026_123,,Python
1262,2026,2026_124,,Python
1263,2026,2026_125,,Python
1264,2026,2026_127,,Python
1265,2026,2026_128,,Python
1266,2026,2026_130,,Python
1267,2026,2026_132,linux bash,Python
1268,2026,2026_133,,Python
1269,2026,2026_134,,Python
1270,2026,2026_135,,Python
1271,2026,2026_136,,Python
1272,2026,2026_140,,Python
1273,2026,2026_142,,Python
1274,2026,2026_143,,Python
1275,2026,2026_144,,Python
1276,2026,2026_145,,Python
1277,2026,2026_146,,Python
1278,2026,2026_147,,Python
1279,2026,2026_148,,Python
1280,2026,2026_149,,Python
1281,2026,2026_150,,Python
1282,2026,2026_151,,Python
1283,2026,2026_154,,Python
1284,2026,2026_157,,Python
1285,2026,2026_162,SPARQL,Python
1286,2026,2026_163,,Python
1287,2026,2026_164,,Python
1288,2026,2026_167,,Python
1289,2026,2026_169,,Python
1290,2026,2026_170,,Python
1291,2026,2026_176,,Python
1292,2026,2026_177,,Python
1293,2026,2026_180,,Python
1294,2026,2026_181,,Python
1295,2026,2026_183,,Python
1296,2026,2026_185,,Python
1297,2026,2026_187,,Python
1298,2026,2026_188,,Python
1299,2026,2026_189,CUDA,Python
1300,2026,2026_190,,Python
1301,2026,2026_192,Shell,Python
1302,2026,2026_193,,Python
1303,2026,2026_194,,Python
1304,2026,2026_196,,Python
1305,2026,2026_197,,Python
1306,2026,2026_198,,Python
1307,2026,2026_200,,Python
1308,2026,2026_202,,Python
1309,2026,2026_203,,Python
1310,2026,2026_205,Shell (bash),Python
1311,2026,2026_206,,Python
1312,2026,2026_209,,Python
1313,2026,2026_210,,Python
1314,2026,2026_211,,Python
1315,2026,2026_212,,Python
1316,2026,2026_214,,Python
1317,2026,2026_215,,Python
1318,2026,2026_216,,Python
1319,2026,2026_217,,Python
1320,2026,2026_218,,Python
1321,2026,2026_219,,Python
1322,2026,2026_220,,Python
1323,2026,2026_221,,Python
1324,2026,2026_222,,Python
1325,2026,2026_223,,Python
1326,2026,2026_224,,Python
1327,2026,2026_227,,Python
1328,2026,2026_228,,Python
1329,2026,2026_229,,Python
1330,2026,2026_231,,Python
1331,2026,2026_232,,Python
1332,2026,2026_235,,Python
1333,2026,2026_236,,Python
1334,2026,2026_238,,Python
1335,2026,2026_239,Kotlin,Python
1336,2026,2026_240,,Python
1337,2026,2026_241,,Python
1338,2026,2026_243,,Python
1339,2026,2026_244,,Python
1340,2026,2026_246,,Python
1341,2026,2026_247,,Python
1342,2026,2026_248,,Python
1343,2026,2026_249,,Python
1344,2026,2026_250,,Python
1345,2026,2026_253,,Python
1346,2026,2026_259,,Python
1347,2026,2026_260,,Python
1348,2026,2026_262,,Python
1349,2026,2026_263,,Python
1350,2026,2026_264,Css,Python
1351,2026,2026_265,,Python
1352,2026,2026_266,,Python
1353,2026,2026_267,,Python
1354,2026,2026_268,,Python
1355,2026,2026_270,Scheme,Python
1356,2026,2026_271,,Python
1357,2026,2026_272,bash,Python
1358,2026,2026_273,,Python
1359,2026,2026_275,,Python
1360,2026,2026_279,,Python
1361,2026,2026_281,,Python
1362,2026,2026_285,,Python
1363,2026,2026_286,,Python
1364,2026,2026_289,,Python
1365,2026,2026_290,,Python
1366,2026,2026_291,,Python
1367,2026,2026_294,,Python
1368,2026,2026_296,,Python
1369,2026,2026_297,MATLAB,Python
1370,2026,2026_299,,Python
1371,2026,2026_304,,Python
1372,2026,2026_305,Bash/shell languages,Python
1373,2026,2026_306,,Python
1374,2026,2026_307,,Python
1375,2026,2026_309,,Python
1376,2026,2026_311,,Python
1377,2026,2026_313,,Python
1378,2026,2026_315,,Python
1379,2026,2026_316,,Python
1380,2026,2026_317,Bash,Python
1381,2026,2026_319,,Python
1382,2026,2026_320,,Python
1383,2026,2026_322,,Python
1384,2026,2026_325,,Python
1385,2026,2026_326,,Python
1386,2026,2026_328,,Python
1387,2026,2026_330,,Python
1388,2026,2026_331,"IDL, PVWave",Python
1389,2026,2026_334,,Python
1390,2026,2026_336,,Python
1391,2026,2026_340,,Python
1392,2026,2026_341,,Python
1393,2026,2026_342,,Python
1394,2026,2026_343,,Python
1395,2026,2026_344,"Bash, NextFlow",Python
1396,2026,2026_349,,Python
1397,2026,2026_350,,Python
1398,2026,2026_352,,Python
1399,2026,2026_353,,Python
1400,2026,2026_355,,Python
1401,2026,2026_356,,Python
1402,2026,2026_357,,Python
1403,2026,2026_358,,Python
1404,2026,2026_359,,Python
1405,2026,2026_360,,Python
1406,2026,2026_362,,Python
1407,2026,2026_363,,Python
1408,2026,2026_364,,Python
1409,2026,2026_365,,Python
1410,2026,2026_366,,Python
1411,2026,2026_367,,Python
1412,2026,2026_369,,Python
1413,2026,2026_371,,Python
1414,2026,2026_372,,Python
1415,2026,2026_373,,Python
1416,2026,2026_376,,Python
1417,2026,2026_377,,Python
1418,2026,2026_378,,Python
1419,2026,2026_379,,Python
1420,2026,2026_381,,Python
1421,2026,2026_382,,Python
1422,2026,2026_385,,Python
1423,2026,2026_386,,Python
1424,2026,2026_387,Scheme,Python
1425,2026,2026_388,,Python
1426,2026,2026_390,,Python
1427,2026,2026_391,,Python
1428,2026,2026_395,,Python
1429,2026,2026_397,,Python
1430,2026,2026_403,,Python
1431,2026,2026_405,,Python
1432,2026,2026_407,,Python
1433,2026,2026_408,,Python
1434,2026,2026_411,bash,Python
1435,2026,2026_412,,Python
1436,2026,2026_413,HCL,Python
1437,2026,2026_414,,Python
1438,2026,2026_415,(not really a programming language) bash,Python
1439,2026,2026_418,,Python
1440,2026,2026_420,,Python
1441,2026,2026_421,,Python
1442,2026,2026_422,,Python
1443,2026,2026_424,Kotlin,Python
1444,2026,2026_425,,Python
1445,2026,2026_426,,Python
1446,2026,2026_427,,Python
1447,2026,2026_430,,Python
1448,2026,2026_431,XSLT,Python
1449,2026,2026_433,,Python
1450,2026,2026_434,IDL,Python
1451,2026,2026_436,,Python
1452,2026,2026_437,,Python
1453,2026,2026_439,,Python
1454,2026,2026_440,,Python
1455,2026,2026_441,,Python
1456,2026,2026_442,,Python
1457,2026,2026_443,XQL,Python
1458,2026,2026_445,,Python
1459,2026,2026_448,,Python
1460,2026,2026_451,,Python
1461,2026,2026_452,,Python
1462,2026,2026_453,,Python
1463,2026,2026_456,"HTML, SHACL",Python
1464,2026,2026_458,,Python
1465,2026,2026_459,,Python
1466,2026,2026_461,,Python
1467,2026,2026_466,,Python
1468,2026,2026_467,,Python
1469,2026,2026_468,,Python
1470,2026,2026_469,,Python
1471,2026,2026_470,,Python
1472,2026,2026_471,,Python
1473,2026,2026_472,,Python
1474,2026,2026_474,,Python
1475,2026,2026_475,,Python
1476,2026,2026_476,,Python
1477,2026,2026_478,,Python
1478,2026,2026_481,,Python
1479,2026,2026_484,,Python
1480,2026,2026_485,,Python
1481,2026,2026_486,,Python
1482,2026,2026_487,Bash,Python
1483,2026,2026_488,,Python
1484,2026,2026_489,,Python
1485,2026,2026_494,OCaml,Python
1486,2026,2026_496,Powershell,Python
1487,2026,2026_498,,Python
1488,2026,2026_501,,Python
1489,2026,2026_503,,Python
1490,2026,2026_504,,Python
1491,2026,2026_505,,Python
1492,2026,2026_506,Kotlin,Python
1493,2026,2026_511,,Python
1494,2026,2026_512,,Python
1495,2026,2026_515,,Python
1496,2026,2026_516,,Python
1497,2026,2026_517,,Python
1498,2026,2026_520,,Python
1499,2026,2026_521,,Python
1500,2026,2026_522,,Python
1501,2026,2026_523,,Python
1502,2026,2026_531,,Python
1503,2026,2026_533,Bash,Python
1504,2026,2026_534,"Stan, JAGS",Python
1505,2026,2026_537,,Python
1506,2026,2026_538,,Python
1507,2026,2026_539,,Python
1508,2026,2026_541,,Python
1509,2026,2026_542,,Python
1510,2026,2026_543,,Python
1511,2026,2026_544,,Python
1512,2026,2026_545,,Python
1513,2026,2026_546,,Python
1514,2026,2026_547,,Python
1515,2026,2026_549,,Python
1516,2026,2026_550,,Python
1517,2026,2026_552,,Python
1518,2026,2026_554,,Python
1519,2026,2026_557,,Python
1520,2026,2026_558,,Python
1521,2026,2026_562,,Python
1522,2026,2026_570,,Python
1523,2026,2026_571,,Python
1524,2026,2026_572,,Python
1525,2026,2026_573,,Python
1526,2026,2026_580,,Python
1527,2026,2026_581,IDL,Python
1528,2026,2026_582,,Python
1529,2026,2026_589,,Python
1530,2026,2026_590,,Python
1531,2026,2026_593,,Python
1532,2026,2026_596,,Python
1533,2026,2026_597,,Python
1534,2026,2026_598,,Python
1535,2026,2026_599,,Python
1536,2026,2026_600,,Python
1537,2026,2026_603,,Python
1538,2026,2026_604,,Python
1539,2026,2026_606,,Python
1540,2026,2026_612,,Python
1541,2026,2026_613,,Python
1542,2026,2026_615,,Python
1543,2026,2026_616,,Python
1544,2026,2026_617,,Python
1545,2026,2026_620,,Python
1546,2026,2026_621,,Python
1547,2026,2026_622,,Python
1548,2026,2026_624,,Python
1549,2026,2026_625,,Python
1550,2026,2026_631,,Python
1551,2026,2026_634,,Python
1552,2026,2026_635,,Python
1553,2026,2026_636,,Python
1554,2026,2026_643,"bash, ansible, ",Python
1555,2026,2026_644,Bash,Python
1556,2026,2026_645,,Python
1557,2026,2026_646,,Python
1558,2026,2026_649,,Python
1559,2026,2026_652,Bash shell,Python
1560,2026,2026_653,,Python
1561,2026,2026_654,,Python
1562,2026,2026_655,,Python
1563,2026,2026_657,,Python
1564,2026,2026_658,,Python
1565,2026,2026_663,,Python
1566,2026,2026_664,,Python
1567,2026,2026_666,,Python
1568,2026,2026_667,,Python
1569,2026,2026_668,,Python
1570,2026,2026_671,,Python
1571,2026,2026_672,,Python
1572,2026,2026_675,,Python
1573,2026,2026_677,,Python
1574,2026,2026_679,,Python
1575,2026,2026_680,,Python
1576,2026,2026_683,,Python
1577,2026,2026_685,,Python
1578,2026,2026_687,,Python
1579,2026,2026_688,,Python
1580,2026,2026_689,,Python
1581,2026,2026_690,,Python
1582,2026,2026_691,,Python
1583,2026,2026_692,,Python
1584,2026,2026_694,Bash shell scripting,Python
1585,2026,2026_696,,Python
1586,2026,2026_697,,Python
1587,2026,2026_698,,Python
1588,2026,2026_700,,Python
1589,2026,2026_704,,Python
1590,2026,2026_705,,Python
1591,2026,2026_706,,Python
1592,2026,2026_707,,Python
1593,2026,2026_711,Shell,Python
1594,2026,2026_713,,Python
1595,2026,2026_715,,Python
1596,2026,2026_716,,Python
1597,2026,2026_718,,Python
1598,2026,2026_719,,Python
1599,2026,2026_721,,Python
1600,2026,2026_722,,Python
1601,2026,2026_723,,Python
1602,2026,2026_724,LabVIEW,Python
1603,2026,2026_730,,Python
1604,2026,2026_731,,Python
1605,2026,2026_736,,Python
1606,2026,2026_737,,Python
1607,2026,2026_740,,Python
1608,2026,2026_741,,Python
1609,2026,2026_744,,Python
1610,2026,2026_746,,Python
1611,2026,2026_747,LabView,Python
1612,2026,2026_748,,Python
1613,2026,2026_749,,Python
1614,2026,2026_750,,Python
1615,2026,2026_753,,Python
1616,2026,2026_755,,Python
1617,2026,2026_756,Mathematica,Python
1618,2026,2026_758,,Python
1619,2026,2026_759,,Python
1620,2026,2026_761,,Python
1621,2026,2026_762,,Python
1622,2026,2026_764,shell script,Python
1623,2026,2026_768,XQuery,Python
1624,2026,2026_769,,Python
1625,2026,2026_770,,Python
1626,2026,2026_773,,Python
1627,2026,2026_775,,Python
1628,2026,2026_776,LabLisp,Python
1629,2026,2026_779,,Python
1630,2026,2026_781,,Python
1631,2026,2026_782,,Python
1632,2026,2026_784,,Python
1633,2026,2026_785,,Python
1634,2026,2026_786,,Python
1635,2026,2026_788,,Python
1636,2026,2026_790,,Python
1637,2026,2026_791,,Python
1638,2026,2026_792,,Python
1639,2026,2026_793,,Python
1640,2026,2026_797,,Python
1641,2026,2026_801,,Python
1642,2026,2026_802,,Python
1643,2026,2026_804,bash,Python
1644,2026,2026_805,Mathematica,Python
1645,2026,2026_806,,Python
1646,2026,2026_810,,Python
1647,2026,2026_811,,Python
1648,2026,2026_815,,Python
1649,2026,2026_816,,Python
1650,2026,2026_817,,Python
1651,2026,2026_818,,Python
1652,2026,2026_819,Ansible,Python
1653,2026,2026_820,,Python
1654,2026,2026_821,,Python
1655,2026,2026_822,,Python
1656,2026,2026_823,,Python
1657,2026,2026_825,,Python
1658,2026,2026_826,,Python
1659,2026,2026_829,"bash, nextflow, makefiles",Python
1660,2026,2026_831,,Python
1661,2026,2026_834,,Python
1662,2026,2026_836,,Python
1663,2026,2026_838,,Python
1664,2026,2026_840,Kotlin,Python
1665,2026,2026_841,Wolfram/Mathematica,Python
1666,2026,2026_842,,Python
1667,2026,2026_844,,Python
1668,2026,2026_845,,Python
1669,2026,2026_846,,Python
1670,2026,2026_850,,Python
1671,2026,2026_854,,Python
1672,2026,2026_856,,Python
1673,2026,2026_857,,Python
1674,2026,2026_859,,Python
1675,2026,2026_861,Snakemake,Python
1676,2026,2026_864,,Python
1677,2026,2026_866,,Python
1678,2026,2026_868,,Python
1679,2026,2026_869,,Python
1680,2026,2026_870,Nextflow ,Python
1681,2026,2026_871,,Python
1682,2026,2026_874,,Python
1683,2026,2026_875,,Python
1684,2026,2026_876,,Python
1685,2026,2026_877,,Python
1686,2026,2026_878,,Python
1687,2026,2026_880,,Python
1688,2026,2026_881,,Python
1689,2026,2026_882,,Python
1690,2026,2026_883,,Python
1691,2026,2026_885,,Python
1692,2026,2026_886,DSLs,Python
1693,2026,2026_887,Nextflow,Python
1694,2026,2026_891,,Python
1695,2026,2026_892,,Python
1696,2026,2026_893,,Python
1697,2026,2026_894,Wolfram Language,Python
1698,2026,2026_895,,Python
1699,2026,2026_896,,Python
1700,2026,2026_897,,Python
1701,2026,2026_898,,Python
1702,2026,2026_900,,Python
1703,2026,2026_901,,Python
1704,2026,2026_902,,Python
1705,2026,2026_905,,Python
1706,2026,2026_906,,Python
1707,2026,2026_907,,Python
1708,2026,2026_909,,Python
1709,2026,2026_910,,Python
1710,2026,2026_914,,Python
1711,2026,2026_920,,Python
1712,2026,2026_923,,Python
1713,2026,2026_924,,Python
1714,2026,2026_925,,Python
1715,2026,2026_926,,Python
1716,2026,2026_927,,Python
1717,2026,2026_928,"AWK, Shell, COBOL",Python
1718,2026,2026_929,Latex,Python
1719,2026,2026_930,,Python
1720,2026,2026_931,,Python
1721,2026,2026_932,,Python
1722,2026,2026_934,,Python
1723,2026,2026_935,,Python
1724,2026,2026_936,,Python
1725,2026,2026_938,,Python
1726,2026,2026_939,,Python
1727,2026,2026_942,,Python
1728,2026,2026_943,,Python
1729,2026,2026_944,,Python
1730,2026,2026_946,LabVIEW ,Python
1731,2026,2026_947,,Python
1732,2026,2026_948,,Python
1733,2026,2026_949,,Python
1734,2026,2026_950,,Python
1735,2026,2026_951,,Python
1736,2026,2026_952,,Python
1737,2026,2026_953,"XQL, XSLT",Python
1738,2026,2026_954,,Python
1739,2026,2026_956,,Python
1740,2026,2026_959,,Python
1741,2026,2026_960,,Python
1742,2026,2026_961,,Python
1743,2026,2026_962,,Python
1744,2026,2026_963,,Python
1745,2026,2026_964,,Python
1746,2026,2026_967,,Python
1747,2026,2026_968,,Python
1748,2026,2026_969,bash,Python
1749,2026,2026_971,,Python
1750,2026,2026_973,,Python
1751,2026,2026_975,,Python
1752,2026,2026_976,,Python
1753,2026,2026_978,,Python
1754,2026,2026_979,,Python
1755,2026,2026_980,,Python
1756,2026,2026_981,,Python
1757,2026,2026_982,,Python
1758,2026,2026_987,,Python
1759,2026,2026_991,,Python
1760,2026,2026_992,,Python
1761,2026,2026_998,,Python
1762,2026,2026_1000,,Python
1763,2026,2026_1001,,Python
1764,2026,2026_1002,,Python
1765,2026,2026_1004,bash,Python
1766,2026,2026_1007,,Python
1767,2026,2026_1008,,Python
1768,2026,2026_1009,BASH,Python
1769,2026,2026_1011,,Python
1770,2026,2026_1012,,Python
1771,2026,2026_1014,,Python
1772,2026,2026_1015,,Python
1773,2026,2026_1016,,Python
1774,2026,2026_1017,,Python
1775,2026,2026_1018,Prolog,Python
1776,2026,2026_1019,,Python
1777,2026,2026_1022,"ansible,bash",Python
1778,2026,2026_1023,,Python
1779,2026,2026_1024,,Python
1780,2026,2026_1027,,Python
1781,2026,2026_1028,,Python
1782,2026,2026_1029,,Python
1783,2026,2026_1031,,Python
1784,2026,2026_1034,,Python
1785,2026,2026_1035,Purescript,Python
1786,2026,2026_1036,,Python
1787,2026,2026_1038,,Python
1788,2026,2026_1040,,Python
1789,2026,2026_1043,,Python
1790,2026,2026_1044,,Python
1791,2026,2026_1045,,Python
1792,2026,2026_1046,Ansible,Python
1793,2026,2026_1047,,Python
1794,2026,2026_1050,,Python
1795,2026,2026_1052,,Python
1796,2026,2026_1055,Souffle,Python
1797,2026,2026_1056,,Python
1798,2026,2026_1058,,Python
1799,2026,2026_1060,,Python
1800,2026,2026_1068,,Python
1801,2026,2026_1069,,Python
1802,2026,2026_1070,,Python
1803,2026,2026_1071,,Python
1804,2026,2026_1073,,Python
1805,2026,2026_1075,Mathematica,Python
1806,2026,2026_1077,,Python
1807,2026,2026_1078,,Python
1808,2026,2026_1079,,Python
1809,2026,2026_1080,,Python
1810,2026,2026_1081,,Python
1811,2026,2026_1082,,Python
1812,2026,2026_1083,,Python
1813,2026,2026_1085,,Python
1814,2026,2026_1086,,Python
1815,2026,2026_1088,,Python
1816,2026,2026_1091,,Python
1817,2026,2026_1092,,Python
1818,2026,2026_1093,Bash,Python
1819,2026,2026_1094,"CUDA, HIP",Python
1820,2026,2026_1099,,Python
1821,2026,2026_1101,shell scripting,Python
1822,2026,2026_1103,,Python
1823,2026,2026_1106,,Python
1824,2026,2026_1109,,Python
1825,2026,2026_1110,,Python
1826,2026,2026_1112,,Python
1827,2026,2026_1113,,Python
1828,2026,2026_1114,,Python
1829,2026,2026_1115,,Python
1830,2026,2026_1116,,Python
1831,2026,2026_1117,,Python
1832,2026,2026_1119,,Python
1833,2026,2026_1124,,Python
1834,2026,2026_1125,,Python
1835,2026,2026_1126,,Python
1836,2026,2026_1127,,Python
1837,2026,2026_1128,,Python
1838,2026,2026_1129,,Python
1839,2026,2026_1130,,Python
1840,2026,2026_1131,,Python
1841,2026,2026_1132,,Python
1842,2026,2026_1133,,Python
1843,2026,2026_1134,,Python
1844,2026,2026_1135,,Python
1845,2026,2026_1137,Bash,Python
1846,2026,2026_1138,,Python
1847,2026,2026_1140,,Python
1848,2026,2026_1141,,Python
1849,2026,2026_1142,,Python
1850,2026,2026_1143,,Python
1851,2026,2026_1144,,Python
1852,2026,2026_1145,,Python
1853,2026,2026_1148,,Python
1854,2026,2026_1149,"XQuery, XSLT, Ant, Bash",Python
1855,2026,2026_1151,,Python
1856,2026,2026_1152,,Python
1857,2026,2026_1154,Bash,Python
1858,2026,2026_1155,shell script,Python
1859,2026,2026_1156,,Python
1860,2026,2026_1158,,Python
1861,2026,2026_1159,,Python
1862,2026,2026_1161,,Python
1863,2026,2026_1162,,Python
1864,2026,2026_5,,R
1865,2026,2026_9,,R
1866,2026,2026_17,,R
1867,2026,2026_21,,R
1868,2026,2026_23,,R
1869,2026,2026_27,,R
1870,2026,2026_31,,R
1871,2026,2026_35,,R
1872,2026,2026_46,,R
1873,2026,2026_47,,R
1874,2026,2026_61,,R
1875,2026,2026_70,,R
1876,2026,2026_94,,R
1877,2026,2026_115,,R
1878,2026,2026_127,,R
1879,2026,2026_128,,R
1880,2026,2026_132,linux bash,R
1881,2026,2026_134,,R
1882,2026,2026_142,,R
1883,2026,2026_144,,R
1884,2026,2026_145,,R
1885,2026,2026_146,,R
1886,2026,2026_148,,R
1887,2026,2026_168,,R
1888,2026,2026_170,,R
1889,2026,2026_181,,R
1890,2026,2026_183,,R
1891,2026,2026_188,,R
1892,2026,2026_191,,R
1893,2026,2026_196,,R
1894,2026,2026_210,,R
1895,2026,2026_212,,R
1896,2026,2026_223,,R
1897,2026,2026_228,,R
1898,2026,2026_229,,R
1899,2026,2026_238,,R
1900,2026,2026_239,Kotlin,R
1901,2026,2026_241,,R
1902,2026,2026_248,,R
1903,2026,2026_249,,R
1904,2026,2026_257,,R
1905,2026,2026_271,,R
1906,2026,2026_272,bash,R
1907,2026,2026_273,,R
1908,2026,2026_279,,R
1909,2026,2026_282,,R
1910,2026,2026_296,,R
1911,2026,2026_312,,R
1912,2026,2026_313,,R
1913,2026,2026_316,,R
1914,2026,2026_317,Bash,R
1915,2026,2026_325,,R
1916,2026,2026_340,,R
1917,2026,2026_341,,R
1918,2026,2026_342,,R
1919,2026,2026_344,"Bash, NextFlow",R
1920,2026,2026_349,,R
1921,2026,2026_350,,R
1922,2026,2026_351,,R
1923,2026,2026_358,,R
1924,2026,2026_363,,R
1925,2026,2026_364,,R
1926,2026,2026_365,,R
1927,2026,2026_369,,R
1928,2026,2026_373,,R
1929,2026,2026_376,,R
1930,2026,2026_387,Scheme,R
1931,2026,2026_395,,R
1932,2026,2026_397,,R
1933,2026,2026_403,,R
1934,2026,2026_408,,R
1935,2026,2026_412,,R
1936,2026,2026_414,,R
1937,2026,2026_426,,R
1938,2026,2026_436,,R
1939,2026,2026_445,,R
1940,2026,2026_448,,R
1941,2026,2026_455,,R
1942,2026,2026_458,,R
1943,2026,2026_459,,R
1944,2026,2026_469,,R
1945,2026,2026_470,,R
1946,2026,2026_479,Json (if you mention SQL here...) ,R
1947,2026,2026_482,,R
1948,2026,2026_483,,R
1949,2026,2026_484,,R
1950,2026,2026_486,,R
1951,2026,2026_487,Bash,R
1952,2026,2026_501,,R
1953,2026,2026_503,,R
1954,2026,2026_510,,R
1955,2026,2026_516,,R
1956,2026,2026_520,,R
1957,2026,2026_522,,R
1958,2026,2026_531,,R
1959,2026,2026_533,Bash,R
1960,2026,2026_534,"Stan, JAGS",R
1961,2026,2026_542,,R
1962,2026,2026_545,,R
1963,2026,2026_547,,R
1964,2026,2026_554,,R
1965,2026,2026_580,,R
1966,2026,2026_582,,R
1967,2026,2026_591,Bash,R
1968,2026,2026_593,,R
1969,2026,2026_628,,R
1970,2026,2026_631,,R
1971,2026,2026_644,Bash,R
1972,2026,2026_645,,R
1973,2026,2026_649,,R
1974,2026,2026_657,,R
1975,2026,2026_658,,R
1976,2026,2026_663,,R
1977,2026,2026_664,,R
1978,2026,2026_666,,R
1979,2026,2026_667,,R
1980,2026,2026_668,,R
1981,2026,2026_672,,R
1982,2026,2026_674,,R
1983,2026,2026_675,,R
1984,2026,2026_678,,R
1985,2026,2026_680,,R
1986,2026,2026_694,Bash shell scripting,R
1987,2026,2026_697,,R
1988,2026,2026_698,,R
1989,2026,2026_700,,R
1990,2026,2026_706,,R
1991,2026,2026_711,Shell,R
1992,2026,2026_722,,R
1993,2026,2026_724,LabVIEW,R
1994,2026,2026_740,,R
1995,2026,2026_744,,R
1996,2026,2026_746,,R
1997,2026,2026_751,,R
1998,2026,2026_758,,R
1999,2026,2026_761,,R
2000,2026,2026_787,,R
2001,2026,2026_788,,R
2002,2026,2026_804,bash,R
2003,2026,2026_806,,R
2004,2026,2026_810,,R
2005,2026,2026_821,,R
2006,2026,2026_829,"bash, nextflow, makefiles",R
2007,2026,2026_836,,R
2008,2026,2026_844,,R
2009,2026,2026_845,,R
2010,2026,2026_846,,R
2011,2026,2026_870,Nextflow ,R
2012,2026,2026_877,,R
2013,2026,2026_881,,R
2014,2026,2026_882,,R
2015,2026,2026_887,Nextflow,R
2016,2026,2026_900,,R
2017,2026,2026_904,,R
2018,2026,2026_914,,R
2019,2026,2026_924,,R
2020,2026,2026_931,,R
2021,2026,2026_937,,R
2022,2026,2026_938,,R
2023,2026,2026_948,,R
2024,2026,2026_950,,R
2025,2026,2026_955,,R
2026,2026,2026_961,,R
2027,2026,2026_964,,R
2028,2026,2026_971,,R
2029,2026,2026_979,,R
2030,2026,2026_980,,R
2031,2026,2026_982,,R
2032,2026,2026_986,,R
2033,2026,2026_987,,R
2034,2026,2026_1004,bash,R
2035,2026,2026_1007,,R
2036,2026,2026_1010,,R
2037,2026,2026_1012,,R
2038,2026,2026_1015,,R
2039,2026,2026_1018,Prolog,R
2040,2026,2026_1023,,R
2041,2026,2026_1030,,R
2042,2026,2026_1031,,R
2043,2026,2026_1040,,R
2044,2026,2026_1044,,R
2045,2026,2026_1056,,R
2046,2026,2026_1065,,R
2047,2026,2026_1075,Mathematica,R
2048,2026,2026_1082,,R
2049,2026,2026_1083,,R
2050,2026,2026_1085,,R
2051,2026,2026_1088,,R
2052,2026,2026_1091,,R
2053,2026,2026_1092,,R
2054,2026,2026_1094,"CUDA, HIP",R
2055,2026,2026_1101,shell scripting,R
2056,2026,2026_1103,,R
2057,2026,2026_1104,bash,R
2058,2026,2026_1106,,R
2059,2026,2026_1117,,R
2060,2026,2026_1118,,R
2061,2026,2026_1119,,R
2062,2026,2026_1121,,R
2063,2026,2026_1124,,R
2064,2026,2026_1126,,R
2065,2026,2026_1132,,R
2066,2026,2026_1134,,R
2067,2026,2026_1135,,R
2068,2026,2026_1142,,R
2069,2026,2026_1143,,R
2070,2026,2026_1146,,R
2071,2026,2026_1148,,R
2072,2026,2026_1154,Bash,R
2073,2026,2026_1156,,R
2074,2026,2026_1158,,R
2075,2026,2026_1162,,R
2076,2026,2026_15,,Ruby
2077,2026,2026_29,,Ruby
2078,2026,2026_84,,Ruby
2079,2026,2026_142,,Ruby
2080,2026,2026_185,,Ruby
2081,2026,2026_295,,Ruby
2082,2026,2026_501,,Ruby
2083,2026,2026_681,,Ruby
2084,2026,2026_709,,Ruby
2085,2026,2026_759,,Ruby
2086,2026,2026_768,XQuery,Ruby
2087,2026,2026_806,,Ruby
2088,2026,2026_831,,Ruby
2089,2026,2026_918,,Ruby
2090,2026,2026_927,,Ruby
2091,2026,2026_936,,Ruby
2092,2026,2026_1058,,Ruby
2093,2026,2026_1149,"XQuery, XSLT, Ant, Bash",Ruby
2094,2026,2026_84,,Rust
2095,2026,2026_109,,Rust
2096,2026,2026_135,,Rust
2097,2026,2026_143,,Rust
2098,2026,2026_148,,Rust
2099,2026,2026_150,,Rust
2100,2026,2026_185,,Rust
2101,2026,2026_192,Shell,Rust
2102,2026,2026_200,,Rust
2103,2026,2026_204,,Rust
2104,2026,2026_205,Shell (bash),Rust
2105,2026,2026_219,,Rust
2106,2026,2026_222,,Rust
2107,2026,2026_270,Scheme,Rust
2108,2026,2026_289,,Rust
2109,2026,2026_297,MATLAB,Rust
2110,2026,2026_307,,Rust
2111,2026,2026_342,,Rust
2112,2026,2026_363,,Rust
2113,2026,2026_365,,Rust
2114,2026,2026_390,,Rust
2115,2026,2026_475,,Rust
2116,2026,2026_504,,Rust
2117,2026,2026_546,,Rust
2118,2026,2026_549,,Rust
2119,2026,2026_558,,Rust
2120,2026,2026_570,,Rust
2121,2026,2026_629,Nix,Rust
2122,2026,2026_668,,Rust
2123,2026,2026_690,,Rust
2124,2026,2026_696,,Rust
2125,2026,2026_715,,Rust
2126,2026,2026_723,,Rust
2127,2026,2026_737,,Rust
2128,2026,2026_761,,Rust
2129,2026,2026_816,,Rust
2130,2026,2026_822,,Rust
2131,2026,2026_831,,Rust
2132,2026,2026_841,Wolfram/Mathematica,Rust
2133,2026,2026_845,,Rust
2134,2026,2026_859,,Rust
2135,2026,2026_881,,Rust
2136,2026,2026_907,,Rust
2137,2026,2026_927,,Rust
2138,2026,2026_932,,Rust
2139,2026,2026_934,,Rust
2140,2026,2026_940,,Rust
2141,2026,2026_986,,Rust
2142,2026,2026_1000,,Rust
2143,2026,2026_1007,,Rust
2144,2026,2026_1024,,Rust
2145,2026,2026_1028,,Rust
2146,2026,2026_1035,Purescript,Rust
2147,2026,2026_1065,,Rust
2148,2026,2026_1073,,Rust
2149,2026,2026_1086,,Rust
2150,2026,2026_1110,,Rust
2151,2026,2026_1125,,Rust
2152,2026,2026_1126,,Rust
2153,2026,2026_1131,,Rust
2154,2026,2026_1144,,Rust
2155,2026,2026_1152,,Rust
2156,2026,2026_1158,,Rust
2157,2026,2026_3,,Scala
2158,2026,2026_34,"Xquery, xslt",Scala
2159,2026,2026_140,,Scala
2160,2026,2026_927,,Scala
2161,2026,2026_1055,Souffle,Scala
2162,2026,2026_1,,SQL
2163,2026,2026_8,,SQL
2164,2026,2026_12,,SQL
2165,2026,2026_15,,SQL
2166,2026,2026_18,,SQL
2167,2026,2026_23,,SQL
2168,2026,2026_24,,SQL
2169,2026,2026_29,,SQL
2170,2026,2026_30,,SQL
2171,2026,2026_31,,SQL
2172,2026,2026_35,,SQL
2173,2026,2026_47,,SQL
2174,2026,2026_54,,SQL
2175,2026,2026_59,Knime Worflow Engine,SQL
2176,2026,2026_65,"XSLT, XQuery",SQL
2177,2026,2026_67,LabVIEW,SQL
2178,2026,2026_82,,SQL
2179,2026,2026_88,,SQL
2180,2026,2026_92,Knime worflow,SQL
2181,2026,2026_108,,SQL
2182,2026,2026_109,,SQL
2183,2026,2026_110,,SQL
2184,2026,2026_122,,SQL
2185,2026,2026_124,,SQL
2186,2026,2026_130,,SQL
2187,2026,2026_132,linux bash,SQL
2188,2026,2026_143,,SQL
2189,2026,2026_147,,SQL
2190,2026,2026_148,,SQL
2191,2026,2026_150,,SQL
2192,2026,2026_153,,SQL
2193,2026,2026_154,,SQL
2194,2026,2026_162,SPARQL,SQL
2195,2026,2026_163,,SQL
2196,2026,2026_170,,SQL
2197,2026,2026_176,,SQL
2198,2026,2026_177,,SQL
2199,2026,2026_185,,SQL
2200,2026,2026_188,,SQL
2201,2026,2026_194,,SQL
2202,2026,2026_196,,SQL
2203,2026,2026_197,,SQL
2204,2026,2026_206,,SQL
2205,2026,2026_212,,SQL
2206,2026,2026_216,,SQL
2207,2026,2026_219,,SQL
2208,2026,2026_222,,SQL
2209,2026,2026_227,,SQL
2210,2026,2026_229,,SQL
2211,2026,2026_238,,SQL
2212,2026,2026_240,,SQL
2213,2026,2026_247,,SQL
2214,2026,2026_248,,SQL
2215,2026,2026_264,Css,SQL
2216,2026,2026_266,,SQL
2217,2026,2026_270,Scheme,SQL
2218,2026,2026_271,,SQL
2219,2026,2026_272,bash,SQL
2220,2026,2026_277,,SQL
2221,2026,2026_284,Links,SQL
2222,2026,2026_315,,SQL
2223,2026,2026_316,,SQL
2224,2026,2026_322,,SQL
2225,2026,2026_325,,SQL
2226,2026,2026_328,,SQL
2227,2026,2026_334,,SQL
2228,2026,2026_344,"Bash, NextFlow",SQL
2229,2026,2026_350,,SQL
2230,2026,2026_352,,SQL
2231,2026,2026_358,,SQL
2232,2026,2026_363,,SQL
2233,2026,2026_365,,SQL
2234,2026,2026_366,,SQL
2235,2026,2026_376,,SQL
2236,2026,2026_381,,SQL
2237,2026,2026_386,,SQL
2238,2026,2026_395,,SQL
2239,2026,2026_405,,SQL
2240,2026,2026_408,,SQL
2241,2026,2026_413,HCL,SQL
2242,2026,2026_415,(not really a programming language) bash,SQL
2243,2026,2026_422,,SQL
2244,2026,2026_424,Kotlin,SQL
2245,2026,2026_426,,SQL
2246,2026,2026_427,,SQL
2247,2026,2026_430,,SQL
2248,2026,2026_431,XSLT,SQL
2249,2026,2026_442,,SQL
2250,2026,2026_446,,SQL
2251,2026,2026_453,,SQL
2252,2026,2026_470,,SQL
2253,2026,2026_475,,SQL
2254,2026,2026_476,,SQL
2255,2026,2026_479,Json (if you mention SQL here...) ,SQL
2256,2026,2026_481,,SQL
2257,2026,2026_498,,SQL
2258,2026,2026_501,,SQL
2259,2026,2026_503,,SQL
2260,2026,2026_516,,SQL
2261,2026,2026_517,,SQL
2262,2026,2026_522,,SQL
2263,2026,2026_523,,SQL
2264,2026,2026_531,,SQL
2265,2026,2026_534,"Stan, JAGS",SQL
2266,2026,2026_539,,SQL
2267,2026,2026_549,,SQL
2268,2026,2026_552,,SQL
2269,2026,2026_570,,SQL
2270,2026,2026_571,,SQL
2271,2026,2026_573,,SQL
2272,2026,2026_582,,SQL
2273,2026,2026_596,,SQL
2274,2026,2026_597,,SQL
2275,2026,2026_616,,SQL
2276,2026,2026_643,"bash, ansible, ",SQL
2277,2026,2026_645,,SQL
2278,2026,2026_657,,SQL
2279,2026,2026_658,,SQL
2280,2026,2026_668,,SQL
2281,2026,2026_671,,SQL
2282,2026,2026_672,,SQL
2283,2026,2026_675,,SQL
2284,2026,2026_678,,SQL
2285,2026,2026_679,,SQL
2286,2026,2026_681,,SQL
2287,2026,2026_685,,SQL
2288,2026,2026_689,,SQL
2289,2026,2026_696,,SQL
2290,2026,2026_701,,SQL
2291,2026,2026_705,,SQL
2292,2026,2026_709,,SQL
2293,2026,2026_711,Shell,SQL
2294,2026,2026_715,,SQL
2295,2026,2026_719,,SQL
2296,2026,2026_721,,SQL
2297,2026,2026_724,LabVIEW,SQL
2298,2026,2026_727,,SQL
2299,2026,2026_730,,SQL
2300,2026,2026_732,Angular,SQL
2301,2026,2026_737,,SQL
2302,2026,2026_741,,SQL
2303,2026,2026_746,,SQL
2304,2026,2026_750,,SQL
2305,2026,2026_761,,SQL
2306,2026,2026_764,shell script,SQL
2307,2026,2026_770,,SQL
2308,2026,2026_792,,SQL
2309,2026,2026_801,,SQL
2310,2026,2026_804,bash,SQL
2311,2026,2026_806,,SQL
2312,2026,2026_826,,SQL
2313,2026,2026_842,,SQL
2314,2026,2026_845,,SQL
2315,2026,2026_873,,SQL
2316,2026,2026_874,,SQL
2317,2026,2026_875,,SQL
2318,2026,2026_880,,SQL
2319,2026,2026_881,,SQL
2320,2026,2026_885,,SQL
2321,2026,2026_892,,SQL
2322,2026,2026_896,,SQL
2323,2026,2026_900,,SQL
2324,2026,2026_905,,SQL
2325,2026,2026_906,,SQL
2326,2026,2026_918,,SQL
2327,2026,2026_924,,SQL
2328,2026,2026_928,"AWK, Shell, COBOL",SQL
2329,2026,2026_931,,SQL
2330,2026,2026_932,,SQL
2331,2026,2026_936,,SQL
2332,2026,2026_939,,SQL
2333,2026,2026_943,,SQL
2334,2026,2026_949,,SQL
2335,2026,2026_950,,SQL
2336,2026,2026_961,,SQL
2337,2026,2026_976,,SQL
2338,2026,2026_979,,SQL
2339,2026,2026_982,,SQL
2340,2026,2026_998,,SQL
2341,2026,2026_1008,,SQL
2342,2026,2026_1011,,SQL
2343,2026,2026_1015,,SQL
2344,2026,2026_1018,Prolog,SQL
2345,2026,2026_1019,,SQL
2346,2026,2026_1023,,SQL
2347,2026,2026_1024,,SQL
2348,2026,2026_1026,,SQL
2349,2026,2026_1029,,SQL
2350,2026,2026_1035,Purescript,SQL
2351,2026,2026_1040,,SQL
2352,2026,2026_1042,Frameworks Angular y SpringBoot,SQL
2353,2026,2026_1045,,SQL
2354,2026,2026_1046,Ansible,SQL
2355,2026,2026_1068,,SQL
2356,2026,2026_1083,,SQL
2357,2026,2026_1093,Bash,SQL
2358,2026,2026_1104,bash,SQL
2359,2026,2026_1106,,SQL
2360,2026,2026_1112,,SQL
2361,2026,2026_1113,,SQL
2362,2026,2026_1114,,SQL
2363,2026,2026_1117,,SQL
2364,2026,2026_1119,,SQL
2365,2026,2026_1124,,SQL
2366,2026,2026_1125,,SQL
2367,2026,2026_1126,,SQL
2368,2026,2026_1128,,SQL
2369,2026,2026_1129,,SQL
2370,2026,2026_1132,,SQL
2371,2026,2026_1133,,SQL
2372,2026,2026_1134,,SQL
2373,2026,2026_1142,,SQL
2374,2026,2026_1144,,SQL
2375,2026,2026_1154,Bash,SQL
2376,2026,2026_1157,,SQL
2377,2026,2026_218,,Swift
2378,2026,2026_297,MATLAB,Swift
2379,2026,2026_691,,Swift
2380,2026,2026_701,,Swift
2381,2026,2026_16,,TypeScript
2382,2026,2026_18,,TypeScript
2383,2026,2026_34,"Xquery, xslt",TypeScript
2384,2026,2026_39,,TypeScript
2385,2026,2026_82,,TypeScript
2386,2026,2026_90,,TypeScript
2387,2026,2026_109,,TypeScript
2388,2026,2026_130,,TypeScript
2389,2026,2026_136,,TypeScript
2390,2026,2026_143,,TypeScript
2391,2026,2026_150,,TypeScript
2392,2026,2026_151,,TypeScript
2393,2026,2026_183,,TypeScript
2394,2026,2026_185,,TypeScript
2395,2026,2026_195,,TypeScript
2396,2026,2026_196,,TypeScript
2397,2026,2026_212,,TypeScript
2398,2026,2026_221,,TypeScript
2399,2026,2026_228,,TypeScript
2400,2026,2026_247,,TypeScript
2401,2026,2026_259,,TypeScript
2402,2026,2026_264,Css,TypeScript
2403,2026,2026_266,,TypeScript
2404,2026,2026_277,,TypeScript
2405,2026,2026_311,,TypeScript
2406,2026,2026_341,,TypeScript
2407,2026,2026_352,,TypeScript
2408,2026,2026_363,,TypeScript
2409,2026,2026_369,,TypeScript
2410,2026,2026_420,,TypeScript
2411,2026,2026_422,,TypeScript
2412,2026,2026_424,Kotlin,TypeScript
2413,2026,2026_430,,TypeScript
2414,2026,2026_439,,TypeScript
2415,2026,2026_453,,TypeScript
2416,2026,2026_471,,TypeScript
2417,2026,2026_498,,TypeScript
2418,2026,2026_501,,TypeScript
2419,2026,2026_503,,TypeScript
2420,2026,2026_512,,TypeScript
2421,2026,2026_514,,TypeScript
2422,2026,2026_516,,TypeScript
2423,2026,2026_517,,TypeScript
2424,2026,2026_531,,TypeScript
2425,2026,2026_539,,TypeScript
2426,2026,2026_543,,TypeScript
2427,2026,2026_544,,TypeScript
2428,2026,2026_603,,TypeScript
2429,2026,2026_636,,TypeScript
2430,2026,2026_645,,TypeScript
2431,2026,2026_646,,TypeScript
2432,2026,2026_658,,TypeScript
2433,2026,2026_663,,TypeScript
2434,2026,2026_683,,TypeScript
2435,2026,2026_701,,TypeScript
2436,2026,2026_705,,TypeScript
2437,2026,2026_713,,TypeScript
2438,2026,2026_716,,TypeScript
2439,2026,2026_724,LabVIEW,TypeScript
2440,2026,2026_730,,TypeScript
2441,2026,2026_737,,TypeScript
2442,2026,2026_753,,TypeScript
2443,2026,2026_761,,TypeScript
2444,2026,2026_762,,TypeScript
2445,2026,2026_838,,TypeScript
2446,2026,2026_854,,TypeScript
2447,2026,2026_874,,TypeScript
2448,2026,2026_906,,TypeScript
2449,2026,2026_920,,TypeScript
2450,2026,2026_927,,TypeScript
2451,2026,2026_932,,TypeScript
2452,2026,2026_960,,TypeScript
2453,2026,2026_1022,"ansible,bash",TypeScript
2454,2026,2026_1042,Frameworks Angular y SpringBoot,TypeScript
2455,2026,2026_1048,,TypeScript
2456,2026,2026_1058,,TypeScript
2457,2026,2026_1088,,TypeScript
2458,2026,2026_1106,,TypeScript
2459,2026,2026_1125,,TypeScript
2460,2026,2026_1126,,TypeScript
2461,2026,2026_1129,,TypeScript
2462,2026,2026_1133,,TypeScript
2463,2026,2026_1137,Bash,TypeScript
2464,2026,2026_1140,,TypeScript
2465,2026,2026_1144,,TypeScript
2466,2026,2026_1151,,TypeScript
2467,2026,2026_1153,,TypeScript
2468,2026,2026_1155,shell script,TypeScript
2469,2026,2026_277,,VB.NET
2470,2026,2026_366,,VB.NET
2471,2026,2026_501,,VB.NET
2472,2026,2026_701,,VB.NET
2473,2026,2026_206,,VBA
2474,2026,2026_351,,VBA
2475,2026,2026_427,,VBA
2476,2026,2026_831,,VBA
2477,2026,2026_924,,VBA
2478,2026,2026_1001,,VBA
2479,2026,2026_316,,Visual Basic
2480,2026,2026_366,,Visual Basic
2481,2026,2026_470,,Visual Basic
2482,2026,2026_880,,Visual Basic
2483,2026,2026_924,,Visual Basic
2484,2026,2026_1001,,Visual Basic
