,Year_0,row_id,org6de[other]_0,org6de
0,2026,2026_3,,"Organisation of conferences, workshops and similar events"
1,2026,2026_5,,"Organisation of conferences, workshops and similar events"
2,2026,2026_21,,"Organisation of conferences, workshops and similar events"
3,2026,2026_34,,"Organisation of conferences, workshops and similar events"
4,2026,2026_56,,"Organisation of conferences, workshops and similar events"
5,2026,2026_59,,"Organisation of conferences, workshops and similar events"
6,2026,2026_60,,"Organisation of conferences, workshops and similar events"
7,2026,2026_61,,"Organisation of conferences, workshops and similar events"
8,2026,2026_63,,"Organisation of conferences, workshops and similar events"
9,2026,2026_64,,"Organisation of conferences, workshops and similar events"
10,2026,2026_65,,"Organisation of conferences, workshops and similar events"
11,2026,2026_66,,"Organisation of conferences, workshops and similar events"
12,2026,2026_67,,"Organisation of conferences, workshops and similar events"
13,2026,2026_68,,"Organisation of conferences, workshops and similar events"
14,2026,2026_69,,"Organisation of conferences, workshops and similar events"
15,2026,2026_70,,"Organisation of conferences, workshops and similar events"
16,2026,2026_72,,"Organisation of conferences, workshops and similar events"
17,2026,2026_73,,"Organisation of conferences, workshops and similar events"
18,2026,2026_74,,"Organisation of conferences, workshops and similar events"
19,2026,2026_76,,"Organisation of conferences, workshops and similar events"
20,2026,2026_77,,"Organisation of conferences, workshops and similar events"
21,2026,2026_83,,"Organisation of conferences, workshops and similar events"
22,2026,2026_88,,"Organisation of conferences, workshops and similar events"
23,2026,2026_90,,"Organisation of conferences, workshops and similar events"
24,2026,2026_91,,"Organisation of conferences, workshops and similar events"
25,2026,2026_92,,"Organisation of conferences, workshops and similar events"
26,2026,2026_95,,"Organisation of conferences, workshops and similar events"
27,2026,2026_97,,"Organisation of conferences, workshops and similar events"
28,2026,2026_98,,"Organisation of conferences, workshops and similar events"
29,2026,2026_102,,"Organisation of conferences, workshops and similar events"
30,2026,2026_106,,"Organisation of conferences, workshops and similar events"
31,2026,2026_108,,"Organisation of conferences, workshops and similar events"
32,2026,2026_109,,"Organisation of conferences, workshops and similar events"
33,2026,2026_116,,"Organisation of conferences, workshops and similar events"
34,2026,2026_119,,"Organisation of conferences, workshops and similar events"
35,2026,2026_120,,"Organisation of conferences, workshops and similar events"
36,2026,2026_121,,"Organisation of conferences, workshops and similar events"
37,2026,2026_122,,"Organisation of conferences, workshops and similar events"
38,2026,2026_123,,"Organisation of conferences, workshops and similar events"
39,2026,2026_125,,"Organisation of conferences, workshops and similar events"
40,2026,2026_127,,"Organisation of conferences, workshops and similar events"
41,2026,2026_128,,"Organisation of conferences, workshops and similar events"
42,2026,2026_130,,"Organisation of conferences, workshops and similar events"
43,2026,2026_133,,"Organisation of conferences, workshops and similar events"
44,2026,2026_143,,"Organisation of conferences, workshops and similar events"
45,2026,2026_145,,"Organisation of conferences, workshops and similar events"
46,2026,2026_147,,"Organisation of conferences, workshops and similar events"
47,2026,2026_151,,"Organisation of conferences, workshops and similar events"
48,2026,2026_154,,"Organisation of conferences, workshops and similar events"
49,2026,2026_157,,"Organisation of conferences, workshops and similar events"
50,2026,2026_162,,"Organisation of conferences, workshops and similar events"
51,2026,2026_163,,"Organisation of conferences, workshops and similar events"
52,2026,2026_168,,"Organisation of conferences, workshops and similar events"
53,2026,2026_184,,"Organisation of conferences, workshops and similar events"
54,2026,2026_202,,"Organisation of conferences, workshops and similar events"
55,2026,2026_205,"Again, whatever de-RSE doesn't do.","Organisation of conferences, workshops and similar events"
56,2026,2026_210,,"Organisation of conferences, workshops and similar events"
57,2026,2026_218,,"Organisation of conferences, workshops and similar events"
58,2026,2026_220,,"Organisation of conferences, workshops and similar events"
59,2026,2026_223,,"Organisation of conferences, workshops and similar events"
60,2026,2026_244,,"Organisation of conferences, workshops and similar events"
61,2026,2026_246,,"Organisation of conferences, workshops and similar events"
62,2026,2026_247,,"Organisation of conferences, workshops and similar events"
63,2026,2026_248,,"Organisation of conferences, workshops and similar events"
64,2026,2026_249,,"Organisation of conferences, workshops and similar events"
65,2026,2026_250,,"Organisation of conferences, workshops and similar events"
66,2026,2026_253,,"Organisation of conferences, workshops and similar events"
67,2026,2026_259,,"Organisation of conferences, workshops and similar events"
68,2026,2026_265,,"Organisation of conferences, workshops and similar events"
69,2026,2026_270,,"Organisation of conferences, workshops and similar events"
70,2026,2026_275,,"Organisation of conferences, workshops and similar events"
71,2026,2026_302,,"Organisation of conferences, workshops and similar events"
72,2026,2026_309,,"Organisation of conferences, workshops and similar events"
73,2026,2026_311,,"Organisation of conferences, workshops and similar events"
74,2026,2026_316,,"Organisation of conferences, workshops and similar events"
75,2026,2026_328,,"Organisation of conferences, workshops and similar events"
76,2026,2026_362,,"Organisation of conferences, workshops and similar events"
77,2026,2026_371,,"Organisation of conferences, workshops and similar events"
78,2026,2026_372,,"Organisation of conferences, workshops and similar events"
79,2026,2026_378,,"Organisation of conferences, workshops and similar events"
80,2026,2026_397,,"Organisation of conferences, workshops and similar events"
81,2026,2026_403,,"Organisation of conferences, workshops and similar events"
82,2026,2026_418,,"Organisation of conferences, workshops and similar events"
83,2026,2026_419,,"Organisation of conferences, workshops and similar events"
84,2026,2026_420,,"Organisation of conferences, workshops and similar events"
85,2026,2026_421,,"Organisation of conferences, workshops and similar events"
86,2026,2026_425,,"Organisation of conferences, workshops and similar events"
87,2026,2026_427,,"Organisation of conferences, workshops and similar events"
88,2026,2026_432,,"Organisation of conferences, workshops and similar events"
89,2026,2026_433,,"Organisation of conferences, workshops and similar events"
90,2026,2026_434,,"Organisation of conferences, workshops and similar events"
91,2026,2026_443,,"Organisation of conferences, workshops and similar events"
92,2026,2026_446,,"Organisation of conferences, workshops and similar events"
93,2026,2026_448,,"Organisation of conferences, workshops and similar events"
94,2026,2026_451,,"Organisation of conferences, workshops and similar events"
95,2026,2026_452,,"Organisation of conferences, workshops and similar events"
96,2026,2026_453,,"Organisation of conferences, workshops and similar events"
97,2026,2026_466,,"Organisation of conferences, workshops and similar events"
98,2026,2026_467,,"Organisation of conferences, workshops and similar events"
99,2026,2026_468,,"Organisation of conferences, workshops and similar events"
100,2026,2026_471,,"Organisation of conferences, workshops and similar events"
101,2026,2026_472,,"Organisation of conferences, workshops and similar events"
102,2026,2026_475,,"Organisation of conferences, workshops and similar events"
103,2026,2026_476,,"Organisation of conferences, workshops and similar events"
104,2026,2026_488,,"Organisation of conferences, workshops and similar events"
105,2026,2026_489,,"Organisation of conferences, workshops and similar events"
106,2026,2026_516,"Research Software Directory for Germany, Research Software Engineer directory for Germany (skills and expertise in what, to get connected/find contributors)","Organisation of conferences, workshops and similar events"
107,2026,2026_520,,"Organisation of conferences, workshops and similar events"
108,2026,2026_521,,"Organisation of conferences, workshops and similar events"
109,2026,2026_523,,"Organisation of conferences, workshops and similar events"
110,2026,2026_531,,"Organisation of conferences, workshops and similar events"
111,2026,2026_541,,"Organisation of conferences, workshops and similar events"
112,2026,2026_549,Sichtbarkeit für Community-Engagement bzw. wichtige Beiträge erhöhen,"Organisation of conferences, workshops and similar events"
113,2026,2026_550,Encourage developers to share their software under a free and open-source license,"Organisation of conferences, workshops and similar events"
114,2026,2026_590,,"Organisation of conferences, workshops and similar events"
115,2026,2026_596,,"Organisation of conferences, workshops and similar events"
116,2026,2026_597,,"Organisation of conferences, workshops and similar events"
117,2026,2026_599,,"Organisation of conferences, workshops and similar events"
118,2026,2026_600,,"Organisation of conferences, workshops and similar events"
119,2026,2026_603,,"Organisation of conferences, workshops and similar events"
120,2026,2026_604,,"Organisation of conferences, workshops and similar events"
121,2026,2026_606,,"Organisation of conferences, workshops and similar events"
122,2026,2026_612,,"Organisation of conferences, workshops and similar events"
123,2026,2026_615,,"Organisation of conferences, workshops and similar events"
124,2026,2026_616,,"Organisation of conferences, workshops and similar events"
125,2026,2026_617,,"Organisation of conferences, workshops and similar events"
126,2026,2026_620,,"Organisation of conferences, workshops and similar events"
127,2026,2026_621,,"Organisation of conferences, workshops and similar events"
128,2026,2026_629,,"Organisation of conferences, workshops and similar events"
129,2026,2026_636,,"Organisation of conferences, workshops and similar events"
130,2026,2026_646,,"Organisation of conferences, workshops and similar events"
131,2026,2026_653,,"Organisation of conferences, workshops and similar events"
132,2026,2026_654,,"Organisation of conferences, workshops and similar events"
133,2026,2026_717,,"Organisation of conferences, workshops and similar events"
134,2026,2026_719,,"Organisation of conferences, workshops and similar events"
135,2026,2026_747,"Scholarships and grants specifically for RSE retention and career advancement, prioritizing underrepresented groups","Organisation of conferences, workshops and similar events"
136,2026,2026_781,,"Organisation of conferences, workshops and similar events"
137,2026,2026_782,,"Organisation of conferences, workshops and similar events"
138,2026,2026_784,,"Organisation of conferences, workshops and similar events"
139,2026,2026_785,,"Organisation of conferences, workshops and similar events"
140,2026,2026_787,,"Organisation of conferences, workshops and similar events"
141,2026,2026_836,,"Organisation of conferences, workshops and similar events"
142,2026,2026_840,,"Organisation of conferences, workshops and similar events"
143,2026,2026_856,,"Organisation of conferences, workshops and similar events"
144,2026,2026_869,,"Organisation of conferences, workshops and similar events"
145,2026,2026_870,,"Organisation of conferences, workshops and similar events"
146,2026,2026_879,,"Organisation of conferences, workshops and similar events"
147,2026,2026_891,,"Organisation of conferences, workshops and similar events"
148,2026,2026_893,,"Organisation of conferences, workshops and similar events"
149,2026,2026_897,,"Organisation of conferences, workshops and similar events"
150,2026,2026_901,,"Organisation of conferences, workshops and similar events"
151,2026,2026_953,,"Organisation of conferences, workshops and similar events"
152,2026,2026_974,,"Organisation of conferences, workshops and similar events"
153,2026,2026_1002,,"Organisation of conferences, workshops and similar events"
154,2026,2026_1009,,"Organisation of conferences, workshops and similar events"
155,2026,2026_1027,,"Organisation of conferences, workshops and similar events"
156,2026,2026_1028,,"Organisation of conferences, workshops and similar events"
157,2026,2026_1030,,"Organisation of conferences, workshops and similar events"
158,2026,2026_1056,,"Organisation of conferences, workshops and similar events"
159,2026,2026_1058,,"Organisation of conferences, workshops and similar events"
160,2026,2026_1063,,"Organisation of conferences, workshops and similar events"
161,2026,2026_1065,,"Organisation of conferences, workshops and similar events"
162,2026,2026_1082,,"Organisation of conferences, workshops and similar events"
163,2026,2026_1083,,"Organisation of conferences, workshops and similar events"
164,2026,2026_1092,,"Organisation of conferences, workshops and similar events"
165,2026,2026_1094,,"Organisation of conferences, workshops and similar events"
166,2026,2026_1099,,"Organisation of conferences, workshops and similar events"
167,2026,2026_1104,,"Organisation of conferences, workshops and similar events"
168,2026,2026_1112,,"Organisation of conferences, workshops and similar events"
169,2026,2026_1126,,"Organisation of conferences, workshops and similar events"
170,2026,2026_1127,,"Organisation of conferences, workshops and similar events"
171,2026,2026_1129,,"Organisation of conferences, workshops and similar events"
172,2026,2026_1136,,"Organisation of conferences, workshops and similar events"
173,2026,2026_1138,,"Organisation of conferences, workshops and similar events"
174,2026,2026_1141,,"Organisation of conferences, workshops and similar events"
175,2026,2026_1142,,"Organisation of conferences, workshops and similar events"
176,2026,2026_1144,,"Organisation of conferences, workshops and similar events"
177,2026,2026_1149,,"Organisation of conferences, workshops and similar events"
178,2026,2026_1152,,"Organisation of conferences, workshops and similar events"
179,2026,2026_1157,,"Organisation of conferences, workshops and similar events"
180,2026,2026_1162,,"Organisation of conferences, workshops and similar events"
181,2026,2026_5,,Running regular online talk-series
182,2026,2026_56,,Running regular online talk-series
183,2026,2026_60,,Running regular online talk-series
184,2026,2026_61,,Running regular online talk-series
185,2026,2026_63,,Running regular online talk-series
186,2026,2026_64,,Running regular online talk-series
187,2026,2026_65,,Running regular online talk-series
188,2026,2026_66,,Running regular online talk-series
189,2026,2026_67,,Running regular online talk-series
190,2026,2026_70,,Running regular online talk-series
191,2026,2026_72,,Running regular online talk-series
192,2026,2026_73,,Running regular online talk-series
193,2026,2026_77,,Running regular online talk-series
194,2026,2026_81,,Running regular online talk-series
195,2026,2026_83,,Running regular online talk-series
196,2026,2026_88,,Running regular online talk-series
197,2026,2026_89,,Running regular online talk-series
198,2026,2026_91,,Running regular online talk-series
199,2026,2026_108,,Running regular online talk-series
200,2026,2026_109,,Running regular online talk-series
201,2026,2026_121,,Running regular online talk-series
202,2026,2026_122,,Running regular online talk-series
203,2026,2026_123,,Running regular online talk-series
204,2026,2026_125,,Running regular online talk-series
205,2026,2026_130,,Running regular online talk-series
206,2026,2026_133,,Running regular online talk-series
207,2026,2026_147,,Running regular online talk-series
208,2026,2026_151,,Running regular online talk-series
209,2026,2026_154,,Running regular online talk-series
210,2026,2026_157,,Running regular online talk-series
211,2026,2026_205,"Again, whatever de-RSE doesn't do.",Running regular online talk-series
212,2026,2026_220,,Running regular online talk-series
213,2026,2026_240,,Running regular online talk-series
214,2026,2026_247,,Running regular online talk-series
215,2026,2026_250,,Running regular online talk-series
216,2026,2026_253,,Running regular online talk-series
217,2026,2026_270,,Running regular online talk-series
218,2026,2026_275,,Running regular online talk-series
219,2026,2026_311,,Running regular online talk-series
220,2026,2026_326,,Running regular online talk-series
221,2026,2026_328,,Running regular online talk-series
222,2026,2026_355,,Running regular online talk-series
223,2026,2026_362,,Running regular online talk-series
224,2026,2026_378,,Running regular online talk-series
225,2026,2026_397,,Running regular online talk-series
226,2026,2026_403,,Running regular online talk-series
227,2026,2026_418,,Running regular online talk-series
228,2026,2026_419,,Running regular online talk-series
229,2026,2026_421,,Running regular online talk-series
230,2026,2026_425,,Running regular online talk-series
231,2026,2026_426,,Running regular online talk-series
232,2026,2026_427,,Running regular online talk-series
233,2026,2026_432,,Running regular online talk-series
234,2026,2026_434,,Running regular online talk-series
235,2026,2026_446,,Running regular online talk-series
236,2026,2026_451,,Running regular online talk-series
237,2026,2026_468,,Running regular online talk-series
238,2026,2026_475,,Running regular online talk-series
239,2026,2026_476,,Running regular online talk-series
240,2026,2026_488,,Running regular online talk-series
241,2026,2026_489,,Running regular online talk-series
242,2026,2026_510,,Running regular online talk-series
243,2026,2026_516,"Research Software Directory for Germany, Research Software Engineer directory for Germany (skills and expertise in what, to get connected/find contributors)",Running regular online talk-series
244,2026,2026_522,,Running regular online talk-series
245,2026,2026_523,,Running regular online talk-series
246,2026,2026_531,,Running regular online talk-series
247,2026,2026_541,,Running regular online talk-series
248,2026,2026_590,,Running regular online talk-series
249,2026,2026_593,,Running regular online talk-series
250,2026,2026_596,,Running regular online talk-series
251,2026,2026_597,,Running regular online talk-series
252,2026,2026_599,,Running regular online talk-series
253,2026,2026_603,,Running regular online talk-series
254,2026,2026_612,,Running regular online talk-series
255,2026,2026_616,,Running regular online talk-series
256,2026,2026_617,,Running regular online talk-series
257,2026,2026_620,,Running regular online talk-series
258,2026,2026_628,,Running regular online talk-series
259,2026,2026_646,,Running regular online talk-series
260,2026,2026_653,,Running regular online talk-series
261,2026,2026_717,,Running regular online talk-series
262,2026,2026_719,,Running regular online talk-series
263,2026,2026_747,"Scholarships and grants specifically for RSE retention and career advancement, prioritizing underrepresented groups",Running regular online talk-series
264,2026,2026_782,,Running regular online talk-series
265,2026,2026_784,,Running regular online talk-series
266,2026,2026_813,,Running regular online talk-series
267,2026,2026_879,,Running regular online talk-series
268,2026,2026_893,,Running regular online talk-series
269,2026,2026_897,,Running regular online talk-series
270,2026,2026_901,,Running regular online talk-series
271,2026,2026_974,,Running regular online talk-series
272,2026,2026_1002,,Running regular online talk-series
273,2026,2026_1027,,Running regular online talk-series
274,2026,2026_1056,,Running regular online talk-series
275,2026,2026_1058,,Running regular online talk-series
276,2026,2026_1065,,Running regular online talk-series
277,2026,2026_1092,,Running regular online talk-series
278,2026,2026_1126,,Running regular online talk-series
279,2026,2026_1127,,Running regular online talk-series
280,2026,2026_1136,,Running regular online talk-series
281,2026,2026_1140,,Running regular online talk-series
282,2026,2026_1141,,Running regular online talk-series
283,2026,2026_1142,,Running regular online talk-series
284,2026,2026_1152,,Running regular online talk-series
285,2026,2026_1157,,Running regular online talk-series
286,2026,2026_1162,,Running regular online talk-series
287,2026,2026_3,,Organisation of online and/or in-person trainings
288,2026,2026_5,,Organisation of online and/or in-person trainings
289,2026,2026_21,,Organisation of online and/or in-person trainings
290,2026,2026_34,,Organisation of online and/or in-person trainings
291,2026,2026_60,,Organisation of online and/or in-person trainings
292,2026,2026_63,,Organisation of online and/or in-person trainings
293,2026,2026_64,,Organisation of online and/or in-person trainings
294,2026,2026_65,,Organisation of online and/or in-person trainings
295,2026,2026_66,,Organisation of online and/or in-person trainings
296,2026,2026_67,,Organisation of online and/or in-person trainings
297,2026,2026_68,,Organisation of online and/or in-person trainings
298,2026,2026_70,,Organisation of online and/or in-person trainings
299,2026,2026_72,,Organisation of online and/or in-person trainings
300,2026,2026_73,,Organisation of online and/or in-person trainings
301,2026,2026_74,,Organisation of online and/or in-person trainings
302,2026,2026_76,,Organisation of online and/or in-person trainings
303,2026,2026_77,,Organisation of online and/or in-person trainings
304,2026,2026_81,,Organisation of online and/or in-person trainings
305,2026,2026_88,,Organisation of online and/or in-person trainings
306,2026,2026_90,,Organisation of online and/or in-person trainings
307,2026,2026_91,,Organisation of online and/or in-person trainings
308,2026,2026_94,,Organisation of online and/or in-person trainings
309,2026,2026_102,,Organisation of online and/or in-person trainings
310,2026,2026_108,,Organisation of online and/or in-person trainings
311,2026,2026_109,,Organisation of online and/or in-person trainings
312,2026,2026_116,,Organisation of online and/or in-person trainings
313,2026,2026_119,,Organisation of online and/or in-person trainings
314,2026,2026_120,,Organisation of online and/or in-person trainings
315,2026,2026_122,,Organisation of online and/or in-person trainings
316,2026,2026_123,,Organisation of online and/or in-person trainings
317,2026,2026_124,,Organisation of online and/or in-person trainings
318,2026,2026_125,,Organisation of online and/or in-person trainings
319,2026,2026_127,,Organisation of online and/or in-person trainings
320,2026,2026_128,,Organisation of online and/or in-person trainings
321,2026,2026_130,,Organisation of online and/or in-person trainings
322,2026,2026_133,,Organisation of online and/or in-person trainings
323,2026,2026_134,,Organisation of online and/or in-person trainings
324,2026,2026_140,,Organisation of online and/or in-person trainings
325,2026,2026_143,,Organisation of online and/or in-person trainings
326,2026,2026_145,,Organisation of online and/or in-person trainings
327,2026,2026_147,,Organisation of online and/or in-person trainings
328,2026,2026_151,,Organisation of online and/or in-person trainings
329,2026,2026_154,,Organisation of online and/or in-person trainings
330,2026,2026_157,,Organisation of online and/or in-person trainings
331,2026,2026_162,,Organisation of online and/or in-person trainings
332,2026,2026_168,,Organisation of online and/or in-person trainings
333,2026,2026_181,,Organisation of online and/or in-person trainings
334,2026,2026_184,,Organisation of online and/or in-person trainings
335,2026,2026_187,,Organisation of online and/or in-person trainings
336,2026,2026_197,,Organisation of online and/or in-person trainings
337,2026,2026_202,,Organisation of online and/or in-person trainings
338,2026,2026_218,,Organisation of online and/or in-person trainings
339,2026,2026_223,,Organisation of online and/or in-person trainings
340,2026,2026_244,,Organisation of online and/or in-person trainings
341,2026,2026_248,,Organisation of online and/or in-person trainings
342,2026,2026_249,,Organisation of online and/or in-person trainings
343,2026,2026_250,,Organisation of online and/or in-person trainings
344,2026,2026_253,,Organisation of online and/or in-person trainings
345,2026,2026_259,,Organisation of online and/or in-person trainings
346,2026,2026_265,,Organisation of online and/or in-person trainings
347,2026,2026_267,,Organisation of online and/or in-person trainings
348,2026,2026_270,,Organisation of online and/or in-person trainings
349,2026,2026_275,,Organisation of online and/or in-person trainings
350,2026,2026_309,,Organisation of online and/or in-person trainings
351,2026,2026_311,,Organisation of online and/or in-person trainings
352,2026,2026_316,,Organisation of online and/or in-person trainings
353,2026,2026_326,,Organisation of online and/or in-person trainings
354,2026,2026_360,,Organisation of online and/or in-person trainings
355,2026,2026_362,,Organisation of online and/or in-person trainings
356,2026,2026_372,,Organisation of online and/or in-person trainings
357,2026,2026_378,,Organisation of online and/or in-person trainings
358,2026,2026_397,,Organisation of online and/or in-person trainings
359,2026,2026_403,,Organisation of online and/or in-person trainings
360,2026,2026_418,,Organisation of online and/or in-person trainings
361,2026,2026_419,,Organisation of online and/or in-person trainings
362,2026,2026_427,,Organisation of online and/or in-person trainings
363,2026,2026_434,,Organisation of online and/or in-person trainings
364,2026,2026_446,,Organisation of online and/or in-person trainings
365,2026,2026_451,,Organisation of online and/or in-person trainings
366,2026,2026_453,,Organisation of online and/or in-person trainings
367,2026,2026_466,,Organisation of online and/or in-person trainings
368,2026,2026_467,,Organisation of online and/or in-person trainings
369,2026,2026_468,,Organisation of online and/or in-person trainings
370,2026,2026_471,,Organisation of online and/or in-person trainings
371,2026,2026_472,,Organisation of online and/or in-person trainings
372,2026,2026_476,,Organisation of online and/or in-person trainings
373,2026,2026_485,,Organisation of online and/or in-person trainings
374,2026,2026_488,,Organisation of online and/or in-person trainings
375,2026,2026_489,,Organisation of online and/or in-person trainings
376,2026,2026_510,,Organisation of online and/or in-person trainings
377,2026,2026_516,"Research Software Directory for Germany, Research Software Engineer directory for Germany (skills and expertise in what, to get connected/find contributors)",Organisation of online and/or in-person trainings
378,2026,2026_520,,Organisation of online and/or in-person trainings
379,2026,2026_522,,Organisation of online and/or in-person trainings
380,2026,2026_523,,Organisation of online and/or in-person trainings
381,2026,2026_531,,Organisation of online and/or in-person trainings
382,2026,2026_541,,Organisation of online and/or in-person trainings
383,2026,2026_550,Encourage developers to share their software under a free and open-source license,Organisation of online and/or in-person trainings
384,2026,2026_590,,Organisation of online and/or in-person trainings
385,2026,2026_593,,Organisation of online and/or in-person trainings
386,2026,2026_596,,Organisation of online and/or in-person trainings
387,2026,2026_597,,Organisation of online and/or in-person trainings
388,2026,2026_603,,Organisation of online and/or in-person trainings
389,2026,2026_604,,Organisation of online and/or in-person trainings
390,2026,2026_606,,Organisation of online and/or in-person trainings
391,2026,2026_612,,Organisation of online and/or in-person trainings
392,2026,2026_613,,Organisation of online and/or in-person trainings
393,2026,2026_615,,Organisation of online and/or in-person trainings
394,2026,2026_616,,Organisation of online and/or in-person trainings
395,2026,2026_617,,Organisation of online and/or in-person trainings
396,2026,2026_621,,Organisation of online and/or in-person trainings
397,2026,2026_628,,Organisation of online and/or in-person trainings
398,2026,2026_629,,Organisation of online and/or in-person trainings
399,2026,2026_635,,Organisation of online and/or in-person trainings
400,2026,2026_636,,Organisation of online and/or in-person trainings
401,2026,2026_653,,Organisation of online and/or in-person trainings
402,2026,2026_717,,Organisation of online and/or in-person trainings
403,2026,2026_719,,Organisation of online and/or in-person trainings
404,2026,2026_747,"Scholarships and grants specifically for RSE retention and career advancement, prioritizing underrepresented groups",Organisation of online and/or in-person trainings
405,2026,2026_782,,Organisation of online and/or in-person trainings
406,2026,2026_784,,Organisation of online and/or in-person trainings
407,2026,2026_785,,Organisation of online and/or in-person trainings
408,2026,2026_836,,Organisation of online and/or in-person trainings
409,2026,2026_840,,Organisation of online and/or in-person trainings
410,2026,2026_856,,Organisation of online and/or in-person trainings
411,2026,2026_869,,Organisation of online and/or in-person trainings
412,2026,2026_870,,Organisation of online and/or in-person trainings
413,2026,2026_879,,Organisation of online and/or in-person trainings
414,2026,2026_881,,Organisation of online and/or in-person trainings
415,2026,2026_893,,Organisation of online and/or in-person trainings
416,2026,2026_901,,Organisation of online and/or in-person trainings
417,2026,2026_953,,Organisation of online and/or in-person trainings
418,2026,2026_974,,Organisation of online and/or in-person trainings
419,2026,2026_1009,,Organisation of online and/or in-person trainings
420,2026,2026_1027,,Organisation of online and/or in-person trainings
421,2026,2026_1056,,Organisation of online and/or in-person trainings
422,2026,2026_1058,,Organisation of online and/or in-person trainings
423,2026,2026_1063,,Organisation of online and/or in-person trainings
424,2026,2026_1065,,Organisation of online and/or in-person trainings
425,2026,2026_1082,,Organisation of online and/or in-person trainings
426,2026,2026_1092,,Organisation of online and/or in-person trainings
427,2026,2026_1094,,Organisation of online and/or in-person trainings
428,2026,2026_1099,,Organisation of online and/or in-person trainings
429,2026,2026_1126,,Organisation of online and/or in-person trainings
430,2026,2026_1127,,Organisation of online and/or in-person trainings
431,2026,2026_1136,,Organisation of online and/or in-person trainings
432,2026,2026_1138,,Organisation of online and/or in-person trainings
433,2026,2026_1140,,Organisation of online and/or in-person trainings
434,2026,2026_1150,,Organisation of online and/or in-person trainings
435,2026,2026_1152,,Organisation of online and/or in-person trainings
436,2026,2026_1157,,Organisation of online and/or in-person trainings
437,2026,2026_1162,,Organisation of online and/or in-person trainings
438,2026,2026_3,,Hosting an easily searchable database of trainings available through other institutions
439,2026,2026_21,,Hosting an easily searchable database of trainings available through other institutions
440,2026,2026_59,,Hosting an easily searchable database of trainings available through other institutions
441,2026,2026_60,,Hosting an easily searchable database of trainings available through other institutions
442,2026,2026_63,,Hosting an easily searchable database of trainings available through other institutions
443,2026,2026_64,,Hosting an easily searchable database of trainings available through other institutions
444,2026,2026_66,,Hosting an easily searchable database of trainings available through other institutions
445,2026,2026_69,,Hosting an easily searchable database of trainings available through other institutions
446,2026,2026_70,,Hosting an easily searchable database of trainings available through other institutions
447,2026,2026_72,,Hosting an easily searchable database of trainings available through other institutions
448,2026,2026_74,,Hosting an easily searchable database of trainings available through other institutions
449,2026,2026_76,,Hosting an easily searchable database of trainings available through other institutions
450,2026,2026_77,,Hosting an easily searchable database of trainings available through other institutions
451,2026,2026_81,,Hosting an easily searchable database of trainings available through other institutions
452,2026,2026_88,,Hosting an easily searchable database of trainings available through other institutions
453,2026,2026_90,,Hosting an easily searchable database of trainings available through other institutions
454,2026,2026_91,,Hosting an easily searchable database of trainings available through other institutions
455,2026,2026_92,,Hosting an easily searchable database of trainings available through other institutions
456,2026,2026_94,,Hosting an easily searchable database of trainings available through other institutions
457,2026,2026_102,,Hosting an easily searchable database of trainings available through other institutions
458,2026,2026_109,,Hosting an easily searchable database of trainings available through other institutions
459,2026,2026_120,,Hosting an easily searchable database of trainings available through other institutions
460,2026,2026_123,,Hosting an easily searchable database of trainings available through other institutions
461,2026,2026_124,,Hosting an easily searchable database of trainings available through other institutions
462,2026,2026_125,,Hosting an easily searchable database of trainings available through other institutions
463,2026,2026_127,,Hosting an easily searchable database of trainings available through other institutions
464,2026,2026_128,,Hosting an easily searchable database of trainings available through other institutions
465,2026,2026_130,,Hosting an easily searchable database of trainings available through other institutions
466,2026,2026_134,,Hosting an easily searchable database of trainings available through other institutions
467,2026,2026_145,,Hosting an easily searchable database of trainings available through other institutions
468,2026,2026_147,,Hosting an easily searchable database of trainings available through other institutions
469,2026,2026_151,,Hosting an easily searchable database of trainings available through other institutions
470,2026,2026_154,,Hosting an easily searchable database of trainings available through other institutions
471,2026,2026_157,,Hosting an easily searchable database of trainings available through other institutions
472,2026,2026_163,,Hosting an easily searchable database of trainings available through other institutions
473,2026,2026_168,,Hosting an easily searchable database of trainings available through other institutions
474,2026,2026_181,,Hosting an easily searchable database of trainings available through other institutions
475,2026,2026_205,"Again, whatever de-RSE doesn't do.",Hosting an easily searchable database of trainings available through other institutions
476,2026,2026_210,,Hosting an easily searchable database of trainings available through other institutions
477,2026,2026_218,,Hosting an easily searchable database of trainings available through other institutions
478,2026,2026_220,,Hosting an easily searchable database of trainings available through other institutions
479,2026,2026_223,,Hosting an easily searchable database of trainings available through other institutions
480,2026,2026_240,,Hosting an easily searchable database of trainings available through other institutions
481,2026,2026_244,,Hosting an easily searchable database of trainings available through other institutions
482,2026,2026_247,,Hosting an easily searchable database of trainings available through other institutions
483,2026,2026_248,,Hosting an easily searchable database of trainings available through other institutions
484,2026,2026_265,,Hosting an easily searchable database of trainings available through other institutions
485,2026,2026_267,,Hosting an easily searchable database of trainings available through other institutions
486,2026,2026_270,,Hosting an easily searchable database of trainings available through other institutions
487,2026,2026_275,,Hosting an easily searchable database of trainings available through other institutions
488,2026,2026_309,,Hosting an easily searchable database of trainings available through other institutions
489,2026,2026_311,,Hosting an easily searchable database of trainings available through other institutions
490,2026,2026_316,,Hosting an easily searchable database of trainings available through other institutions
491,2026,2026_326,,Hosting an easily searchable database of trainings available through other institutions
492,2026,2026_328,,Hosting an easily searchable database of trainings available through other institutions
493,2026,2026_355,,Hosting an easily searchable database of trainings available through other institutions
494,2026,2026_362,,Hosting an easily searchable database of trainings available through other institutions
495,2026,2026_372,,Hosting an easily searchable database of trainings available through other institutions
496,2026,2026_378,,Hosting an easily searchable database of trainings available through other institutions
497,2026,2026_403,,Hosting an easily searchable database of trainings available through other institutions
498,2026,2026_418,,Hosting an easily searchable database of trainings available through other institutions
499,2026,2026_419,,Hosting an easily searchable database of trainings available through other institutions
500,2026,2026_420,,Hosting an easily searchable database of trainings available through other institutions
501,2026,2026_425,,Hosting an easily searchable database of trainings available through other institutions
502,2026,2026_426,,Hosting an easily searchable database of trainings available through other institutions
503,2026,2026_433,,Hosting an easily searchable database of trainings available through other institutions
504,2026,2026_434,,Hosting an easily searchable database of trainings available through other institutions
505,2026,2026_443,,Hosting an easily searchable database of trainings available through other institutions
506,2026,2026_446,,Hosting an easily searchable database of trainings available through other institutions
507,2026,2026_448,,Hosting an easily searchable database of trainings available through other institutions
508,2026,2026_451,,Hosting an easily searchable database of trainings available through other institutions
509,2026,2026_452,,Hosting an easily searchable database of trainings available through other institutions
510,2026,2026_453,,Hosting an easily searchable database of trainings available through other institutions
511,2026,2026_466,,Hosting an easily searchable database of trainings available through other institutions
512,2026,2026_467,,Hosting an easily searchable database of trainings available through other institutions
513,2026,2026_471,,Hosting an easily searchable database of trainings available through other institutions
514,2026,2026_474,"From my experience in my previous job, i learned that creating training material and giving trainings is of great value, but the time investment is so high, that when they would be sold commercially, basically no revenue can be generated. Also it probably takes a few years until a training is well-polished, requiring repeated testing of the training material. I think allocating a budged per employee per year, to attend to external trainings or buy access to training material is a better effort to satisfly the broad range of possible skills and give everyone the opportunity to excell their knowledge specifically in the area where its needed, individually. I think an RSE community benefits from a broad range of skills, distributed across many people, that have an easy path to exchange information and feel comfortable doing so. In the end, a tight connection between juniors and seniors is a very good way to educate",Hosting an easily searchable database of trainings available through other institutions
515,2026,2026_476,,Hosting an easily searchable database of trainings available through other institutions
516,2026,2026_485,,Hosting an easily searchable database of trainings available through other institutions
517,2026,2026_488,,Hosting an easily searchable database of trainings available through other institutions
518,2026,2026_510,,Hosting an easily searchable database of trainings available through other institutions
519,2026,2026_516,"Research Software Directory for Germany, Research Software Engineer directory for Germany (skills and expertise in what, to get connected/find contributors)",Hosting an easily searchable database of trainings available through other institutions
520,2026,2026_521,,Hosting an easily searchable database of trainings available through other institutions
521,2026,2026_522,,Hosting an easily searchable database of trainings available through other institutions
522,2026,2026_523,,Hosting an easily searchable database of trainings available through other institutions
523,2026,2026_531,,Hosting an easily searchable database of trainings available through other institutions
524,2026,2026_541,,Hosting an easily searchable database of trainings available through other institutions
525,2026,2026_549,Sichtbarkeit für Community-Engagement bzw. wichtige Beiträge erhöhen,Hosting an easily searchable database of trainings available through other institutions
526,2026,2026_550,Encourage developers to share their software under a free and open-source license,Hosting an easily searchable database of trainings available through other institutions
527,2026,2026_590,,Hosting an easily searchable database of trainings available through other institutions
528,2026,2026_597,,Hosting an easily searchable database of trainings available through other institutions
529,2026,2026_603,,Hosting an easily searchable database of trainings available through other institutions
530,2026,2026_606,,Hosting an easily searchable database of trainings available through other institutions
531,2026,2026_612,,Hosting an easily searchable database of trainings available through other institutions
532,2026,2026_615,,Hosting an easily searchable database of trainings available through other institutions
533,2026,2026_616,,Hosting an easily searchable database of trainings available through other institutions
534,2026,2026_617,,Hosting an easily searchable database of trainings available through other institutions
535,2026,2026_620,,Hosting an easily searchable database of trainings available through other institutions
536,2026,2026_621,,Hosting an easily searchable database of trainings available through other institutions
537,2026,2026_628,,Hosting an easily searchable database of trainings available through other institutions
538,2026,2026_635,,Hosting an easily searchable database of trainings available through other institutions
539,2026,2026_636,,Hosting an easily searchable database of trainings available through other institutions
540,2026,2026_653,,Hosting an easily searchable database of trainings available through other institutions
541,2026,2026_654,,Hosting an easily searchable database of trainings available through other institutions
542,2026,2026_719,,Hosting an easily searchable database of trainings available through other institutions
543,2026,2026_747,"Scholarships and grants specifically for RSE retention and career advancement, prioritizing underrepresented groups",Hosting an easily searchable database of trainings available through other institutions
544,2026,2026_785,,Hosting an easily searchable database of trainings available through other institutions
545,2026,2026_787,,Hosting an easily searchable database of trainings available through other institutions
546,2026,2026_856,,Hosting an easily searchable database of trainings available through other institutions
547,2026,2026_869,,Hosting an easily searchable database of trainings available through other institutions
548,2026,2026_870,,Hosting an easily searchable database of trainings available through other institutions
549,2026,2026_879,,Hosting an easily searchable database of trainings available through other institutions
550,2026,2026_891,,Hosting an easily searchable database of trainings available through other institutions
551,2026,2026_893,,Hosting an easily searchable database of trainings available through other institutions
552,2026,2026_897,,Hosting an easily searchable database of trainings available through other institutions
553,2026,2026_955,,Hosting an easily searchable database of trainings available through other institutions
554,2026,2026_974,,Hosting an easily searchable database of trainings available through other institutions
555,2026,2026_1027,,Hosting an easily searchable database of trainings available through other institutions
556,2026,2026_1028,,Hosting an easily searchable database of trainings available through other institutions
557,2026,2026_1056,,Hosting an easily searchable database of trainings available through other institutions
558,2026,2026_1058,,Hosting an easily searchable database of trainings available through other institutions
559,2026,2026_1065,,Hosting an easily searchable database of trainings available through other institutions
560,2026,2026_1082,,Hosting an easily searchable database of trainings available through other institutions
561,2026,2026_1083,,Hosting an easily searchable database of trainings available through other institutions
562,2026,2026_1092,,Hosting an easily searchable database of trainings available through other institutions
563,2026,2026_1094,,Hosting an easily searchable database of trainings available through other institutions
564,2026,2026_1104,,Hosting an easily searchable database of trainings available through other institutions
565,2026,2026_1126,,Hosting an easily searchable database of trainings available through other institutions
566,2026,2026_1129,,Hosting an easily searchable database of trainings available through other institutions
567,2026,2026_1136,,Hosting an easily searchable database of trainings available through other institutions
568,2026,2026_1138,,Hosting an easily searchable database of trainings available through other institutions
569,2026,2026_1140,,Hosting an easily searchable database of trainings available through other institutions
570,2026,2026_1141,,Hosting an easily searchable database of trainings available through other institutions
571,2026,2026_1149,,Hosting an easily searchable database of trainings available through other institutions
572,2026,2026_1150,,Hosting an easily searchable database of trainings available through other institutions
573,2026,2026_1157,,Hosting an easily searchable database of trainings available through other institutions
574,2026,2026_1162,,Hosting an easily searchable database of trainings available through other institutions
575,2026,2026_21,,Compilation and development of freely available training materials (for teaching and self-studying)
576,2026,2026_34,,Compilation and development of freely available training materials (for teaching and self-studying)
577,2026,2026_59,,Compilation and development of freely available training materials (for teaching and self-studying)
578,2026,2026_60,,Compilation and development of freely available training materials (for teaching and self-studying)
579,2026,2026_63,,Compilation and development of freely available training materials (for teaching and self-studying)
580,2026,2026_65,,Compilation and development of freely available training materials (for teaching and self-studying)
581,2026,2026_66,,Compilation and development of freely available training materials (for teaching and self-studying)
582,2026,2026_67,,Compilation and development of freely available training materials (for teaching and self-studying)
583,2026,2026_69,,Compilation and development of freely available training materials (for teaching and self-studying)
584,2026,2026_70,,Compilation and development of freely available training materials (for teaching and self-studying)
585,2026,2026_72,,Compilation and development of freely available training materials (for teaching and self-studying)
586,2026,2026_73,,Compilation and development of freely available training materials (for teaching and self-studying)
587,2026,2026_74,,Compilation and development of freely available training materials (for teaching and self-studying)
588,2026,2026_76,,Compilation and development of freely available training materials (for teaching and self-studying)
589,2026,2026_88,,Compilation and development of freely available training materials (for teaching and self-studying)
590,2026,2026_91,,Compilation and development of freely available training materials (for teaching and self-studying)
591,2026,2026_92,,Compilation and development of freely available training materials (for teaching and self-studying)
592,2026,2026_94,,Compilation and development of freely available training materials (for teaching and self-studying)
593,2026,2026_102,,Compilation and development of freely available training materials (for teaching and self-studying)
594,2026,2026_116,,Compilation and development of freely available training materials (for teaching and self-studying)
595,2026,2026_119,,Compilation and development of freely available training materials (for teaching and self-studying)
596,2026,2026_121,,Compilation and development of freely available training materials (for teaching and self-studying)
597,2026,2026_122,,Compilation and development of freely available training materials (for teaching and self-studying)
598,2026,2026_124,,Compilation and development of freely available training materials (for teaching and self-studying)
599,2026,2026_125,,Compilation and development of freely available training materials (for teaching and self-studying)
600,2026,2026_127,,Compilation and development of freely available training materials (for teaching and self-studying)
601,2026,2026_128,,Compilation and development of freely available training materials (for teaching and self-studying)
602,2026,2026_134,,Compilation and development of freely available training materials (for teaching and self-studying)
603,2026,2026_140,,Compilation and development of freely available training materials (for teaching and self-studying)
604,2026,2026_143,,Compilation and development of freely available training materials (for teaching and self-studying)
605,2026,2026_145,,Compilation and development of freely available training materials (for teaching and self-studying)
606,2026,2026_147,,Compilation and development of freely available training materials (for teaching and self-studying)
607,2026,2026_151,,Compilation and development of freely available training materials (for teaching and self-studying)
608,2026,2026_154,,Compilation and development of freely available training materials (for teaching and self-studying)
609,2026,2026_157,,Compilation and development of freely available training materials (for teaching and self-studying)
610,2026,2026_162,,Compilation and development of freely available training materials (for teaching and self-studying)
611,2026,2026_168,,Compilation and development of freely available training materials (for teaching and self-studying)
612,2026,2026_202,,Compilation and development of freely available training materials (for teaching and self-studying)
613,2026,2026_205,"Again, whatever de-RSE doesn't do.",Compilation and development of freely available training materials (for teaching and self-studying)
614,2026,2026_218,,Compilation and development of freely available training materials (for teaching and self-studying)
615,2026,2026_223,,Compilation and development of freely available training materials (for teaching and self-studying)
616,2026,2026_244,,Compilation and development of freely available training materials (for teaching and self-studying)
617,2026,2026_247,,Compilation and development of freely available training materials (for teaching and self-studying)
618,2026,2026_248,,Compilation and development of freely available training materials (for teaching and self-studying)
619,2026,2026_249,,Compilation and development of freely available training materials (for teaching and self-studying)
620,2026,2026_250,,Compilation and development of freely available training materials (for teaching and self-studying)
621,2026,2026_253,,Compilation and development of freely available training materials (for teaching and self-studying)
622,2026,2026_267,,Compilation and development of freely available training materials (for teaching and self-studying)
623,2026,2026_270,,Compilation and development of freely available training materials (for teaching and self-studying)
624,2026,2026_275,,Compilation and development of freely available training materials (for teaching and self-studying)
625,2026,2026_309,,Compilation and development of freely available training materials (for teaching and self-studying)
626,2026,2026_311,,Compilation and development of freely available training materials (for teaching and self-studying)
627,2026,2026_316,,Compilation and development of freely available training materials (for teaching and self-studying)
628,2026,2026_326,,Compilation and development of freely available training materials (for teaching and self-studying)
629,2026,2026_328,,Compilation and development of freely available training materials (for teaching and self-studying)
630,2026,2026_362,,Compilation and development of freely available training materials (for teaching and self-studying)
631,2026,2026_378,,Compilation and development of freely available training materials (for teaching and self-studying)
632,2026,2026_403,,Compilation and development of freely available training materials (for teaching and self-studying)
633,2026,2026_419,,Compilation and development of freely available training materials (for teaching and self-studying)
634,2026,2026_420,,Compilation and development of freely available training materials (for teaching and self-studying)
635,2026,2026_421,,Compilation and development of freely available training materials (for teaching and self-studying)
636,2026,2026_425,,Compilation and development of freely available training materials (for teaching and self-studying)
637,2026,2026_433,,Compilation and development of freely available training materials (for teaching and self-studying)
638,2026,2026_434,,Compilation and development of freely available training materials (for teaching and self-studying)
639,2026,2026_443,,Compilation and development of freely available training materials (for teaching and self-studying)
640,2026,2026_446,,Compilation and development of freely available training materials (for teaching and self-studying)
641,2026,2026_451,,Compilation and development of freely available training materials (for teaching and self-studying)
642,2026,2026_452,,Compilation and development of freely available training materials (for teaching and self-studying)
643,2026,2026_466,,Compilation and development of freely available training materials (for teaching and self-studying)
644,2026,2026_467,,Compilation and development of freely available training materials (for teaching and self-studying)
645,2026,2026_471,,Compilation and development of freely available training materials (for teaching and self-studying)
646,2026,2026_475,,Compilation and development of freely available training materials (for teaching and self-studying)
647,2026,2026_476,,Compilation and development of freely available training materials (for teaching and self-studying)
648,2026,2026_485,,Compilation and development of freely available training materials (for teaching and self-studying)
649,2026,2026_488,,Compilation and development of freely available training materials (for teaching and self-studying)
650,2026,2026_489,,Compilation and development of freely available training materials (for teaching and self-studying)
651,2026,2026_510,,Compilation and development of freely available training materials (for teaching and self-studying)
652,2026,2026_520,,Compilation and development of freely available training materials (for teaching and self-studying)
653,2026,2026_521,,Compilation and development of freely available training materials (for teaching and self-studying)
654,2026,2026_522,,Compilation and development of freely available training materials (for teaching and self-studying)
655,2026,2026_523,,Compilation and development of freely available training materials (for teaching and self-studying)
656,2026,2026_541,,Compilation and development of freely available training materials (for teaching and self-studying)
657,2026,2026_549,Sichtbarkeit für Community-Engagement bzw. wichtige Beiträge erhöhen,Compilation and development of freely available training materials (for teaching and self-studying)
658,2026,2026_550,Encourage developers to share their software under a free and open-source license,Compilation and development of freely available training materials (for teaching and self-studying)
659,2026,2026_596,,Compilation and development of freely available training materials (for teaching and self-studying)
660,2026,2026_597,,Compilation and development of freely available training materials (for teaching and self-studying)
661,2026,2026_600,,Compilation and development of freely available training materials (for teaching and self-studying)
662,2026,2026_603,,Compilation and development of freely available training materials (for teaching and self-studying)
663,2026,2026_604,,Compilation and development of freely available training materials (for teaching and self-studying)
664,2026,2026_612,,Compilation and development of freely available training materials (for teaching and self-studying)
665,2026,2026_613,,Compilation and development of freely available training materials (for teaching and self-studying)
666,2026,2026_616,,Compilation and development of freely available training materials (for teaching and self-studying)
667,2026,2026_617,,Compilation and development of freely available training materials (for teaching and self-studying)
668,2026,2026_621,,Compilation and development of freely available training materials (for teaching and self-studying)
669,2026,2026_628,,Compilation and development of freely available training materials (for teaching and self-studying)
670,2026,2026_635,,Compilation and development of freely available training materials (for teaching and self-studying)
671,2026,2026_636,,Compilation and development of freely available training materials (for teaching and self-studying)
672,2026,2026_653,,Compilation and development of freely available training materials (for teaching and self-studying)
673,2026,2026_654,,Compilation and development of freely available training materials (for teaching and self-studying)
674,2026,2026_718,,Compilation and development of freely available training materials (for teaching and self-studying)
675,2026,2026_719,,Compilation and development of freely available training materials (for teaching and self-studying)
676,2026,2026_747,"Scholarships and grants specifically for RSE retention and career advancement, prioritizing underrepresented groups",Compilation and development of freely available training materials (for teaching and self-studying)
677,2026,2026_781,,Compilation and development of freely available training materials (for teaching and self-studying)
678,2026,2026_784,,Compilation and development of freely available training materials (for teaching and self-studying)
679,2026,2026_785,,Compilation and development of freely available training materials (for teaching and self-studying)
680,2026,2026_840,,Compilation and development of freely available training materials (for teaching and self-studying)
681,2026,2026_869,,Compilation and development of freely available training materials (for teaching and self-studying)
682,2026,2026_870,,Compilation and development of freely available training materials (for teaching and self-studying)
683,2026,2026_879,,Compilation and development of freely available training materials (for teaching and self-studying)
684,2026,2026_881,,Compilation and development of freely available training materials (for teaching and self-studying)
685,2026,2026_891,,Compilation and development of freely available training materials (for teaching and self-studying)
686,2026,2026_893,,Compilation and development of freely available training materials (for teaching and self-studying)
687,2026,2026_897,,Compilation and development of freely available training materials (for teaching and self-studying)
688,2026,2026_955,,Compilation and development of freely available training materials (for teaching and self-studying)
689,2026,2026_974,,Compilation and development of freely available training materials (for teaching and self-studying)
690,2026,2026_1027,,Compilation and development of freely available training materials (for teaching and self-studying)
691,2026,2026_1028,,Compilation and development of freely available training materials (for teaching and self-studying)
692,2026,2026_1056,,Compilation and development of freely available training materials (for teaching and self-studying)
693,2026,2026_1058,,Compilation and development of freely available training materials (for teaching and self-studying)
694,2026,2026_1063,,Compilation and development of freely available training materials (for teaching and self-studying)
695,2026,2026_1065,,Compilation and development of freely available training materials (for teaching and self-studying)
696,2026,2026_1082,,Compilation and development of freely available training materials (for teaching and self-studying)
697,2026,2026_1083,,Compilation and development of freely available training materials (for teaching and self-studying)
698,2026,2026_1092,,Compilation and development of freely available training materials (for teaching and self-studying)
699,2026,2026_1099,,Compilation and development of freely available training materials (for teaching and self-studying)
700,2026,2026_1112,,Compilation and development of freely available training materials (for teaching and self-studying)
701,2026,2026_1126,,Compilation and development of freely available training materials (for teaching and self-studying)
702,2026,2026_1127,,Compilation and development of freely available training materials (for teaching and self-studying)
703,2026,2026_1129,,Compilation and development of freely available training materials (for teaching and self-studying)
704,2026,2026_1136,,Compilation and development of freely available training materials (for teaching and self-studying)
705,2026,2026_1140,,Compilation and development of freely available training materials (for teaching and self-studying)
706,2026,2026_1142,,Compilation and development of freely available training materials (for teaching and self-studying)
707,2026,2026_1144,,Compilation and development of freely available training materials (for teaching and self-studying)
708,2026,2026_1149,,Compilation and development of freely available training materials (for teaching and self-studying)
709,2026,2026_1157,,Compilation and development of freely available training materials (for teaching and self-studying)
710,2026,2026_1162,,Compilation and development of freely available training materials (for teaching and self-studying)
711,2026,2026_5,,
712,2026,2026_34,,
713,2026,2026_59,,
714,2026,2026_60,,
715,2026,2026_63,,
716,2026,2026_66,,
717,2026,2026_69,,
718,2026,2026_70,,
719,2026,2026_73,,
720,2026,2026_74,,
721,2026,2026_76,,
722,2026,2026_88,,
723,2026,2026_90,,
724,2026,2026_92,,
725,2026,2026_94,,
726,2026,2026_102,,
727,2026,2026_109,,
728,2026,2026_119,,
729,2026,2026_121,,
730,2026,2026_125,,
731,2026,2026_127,,
732,2026,2026_134,,
733,2026,2026_140,,
734,2026,2026_151,,
735,2026,2026_154,,
736,2026,2026_157,,
737,2026,2026_168,,
738,2026,2026_181,,
739,2026,2026_197,,
740,2026,2026_210,,
741,2026,2026_223,,
742,2026,2026_244,,
743,2026,2026_247,,
744,2026,2026_249,,
745,2026,2026_259,,
746,2026,2026_270,,
747,2026,2026_316,,
748,2026,2026_362,,
749,2026,2026_372,,
750,2026,2026_403,,
751,2026,2026_419,,
752,2026,2026_420,,
753,2026,2026_426,,
754,2026,2026_427,,
755,2026,2026_434,,
756,2026,2026_446,,
757,2026,2026_451,,
758,2026,2026_453,,
759,2026,2026_471,,
760,2026,2026_475,,
761,2026,2026_476,,
762,2026,2026_485,,
763,2026,2026_488,,
764,2026,2026_489,,
765,2026,2026_520,,
766,2026,2026_521,,
767,2026,2026_522,,
768,2026,2026_523,,
769,2026,2026_541,,
770,2026,2026_597,,
771,2026,2026_599,,
772,2026,2026_600,,
773,2026,2026_603,,
774,2026,2026_604,,
775,2026,2026_606,,
776,2026,2026_612,,
777,2026,2026_613,,
778,2026,2026_615,,
779,2026,2026_616,,
780,2026,2026_629,,
781,2026,2026_653,,
782,2026,2026_719,,
783,2026,2026_747,"Scholarships and grants specifically for RSE retention and career advancement, prioritizing underrepresented groups",
784,2026,2026_785,,
785,2026,2026_786,,
786,2026,2026_836,,
787,2026,2026_879,,
788,2026,2026_891,,
789,2026,2026_893,,
790,2026,2026_897,,
791,2026,2026_974,,
792,2026,2026_1030,,
793,2026,2026_1056,,
794,2026,2026_1058,,
795,2026,2026_1065,,
796,2026,2026_1082,,
797,2026,2026_1092,,
798,2026,2026_1104,,
799,2026,2026_1136,,
800,2026,2026_1150,,
801,2026,2026_1157,,
802,2026,2026_1162,,
803,2026,2026_3,,Fostering networking within the RSE community via a moderated matrix space (or similar)
804,2026,2026_5,,Fostering networking within the RSE community via a moderated matrix space (or similar)
805,2026,2026_21,,Fostering networking within the RSE community via a moderated matrix space (or similar)
806,2026,2026_34,,Fostering networking within the RSE community via a moderated matrix space (or similar)
807,2026,2026_56,,Fostering networking within the RSE community via a moderated matrix space (or similar)
808,2026,2026_60,,Fostering networking within the RSE community via a moderated matrix space (or similar)
809,2026,2026_61,,Fostering networking within the RSE community via a moderated matrix space (or similar)
810,2026,2026_63,,Fostering networking within the RSE community via a moderated matrix space (or similar)
811,2026,2026_64,,Fostering networking within the RSE community via a moderated matrix space (or similar)
812,2026,2026_65,,Fostering networking within the RSE community via a moderated matrix space (or similar)
813,2026,2026_66,,Fostering networking within the RSE community via a moderated matrix space (or similar)
814,2026,2026_70,,Fostering networking within the RSE community via a moderated matrix space (or similar)
815,2026,2026_73,,Fostering networking within the RSE community via a moderated matrix space (or similar)
816,2026,2026_74,,Fostering networking within the RSE community via a moderated matrix space (or similar)
817,2026,2026_83,,Fostering networking within the RSE community via a moderated matrix space (or similar)
818,2026,2026_88,,Fostering networking within the RSE community via a moderated matrix space (or similar)
819,2026,2026_97,,Fostering networking within the RSE community via a moderated matrix space (or similar)
820,2026,2026_98,,Fostering networking within the RSE community via a moderated matrix space (or similar)
821,2026,2026_102,,Fostering networking within the RSE community via a moderated matrix space (or similar)
822,2026,2026_108,,Fostering networking within the RSE community via a moderated matrix space (or similar)
823,2026,2026_109,,Fostering networking within the RSE community via a moderated matrix space (or similar)
824,2026,2026_120,,Fostering networking within the RSE community via a moderated matrix space (or similar)
825,2026,2026_121,,Fostering networking within the RSE community via a moderated matrix space (or similar)
826,2026,2026_125,,Fostering networking within the RSE community via a moderated matrix space (or similar)
827,2026,2026_128,,Fostering networking within the RSE community via a moderated matrix space (or similar)
828,2026,2026_130,,Fostering networking within the RSE community via a moderated matrix space (or similar)
829,2026,2026_143,,Fostering networking within the RSE community via a moderated matrix space (or similar)
830,2026,2026_145,,Fostering networking within the RSE community via a moderated matrix space (or similar)
831,2026,2026_147,,Fostering networking within the RSE community via a moderated matrix space (or similar)
832,2026,2026_151,,Fostering networking within the RSE community via a moderated matrix space (or similar)
833,2026,2026_154,,Fostering networking within the RSE community via a moderated matrix space (or similar)
834,2026,2026_168,,Fostering networking within the RSE community via a moderated matrix space (or similar)
835,2026,2026_184,,Fostering networking within the RSE community via a moderated matrix space (or similar)
836,2026,2026_218,,Fostering networking within the RSE community via a moderated matrix space (or similar)
837,2026,2026_244,,Fostering networking within the RSE community via a moderated matrix space (or similar)
838,2026,2026_249,,Fostering networking within the RSE community via a moderated matrix space (or similar)
839,2026,2026_253,,Fostering networking within the RSE community via a moderated matrix space (or similar)
840,2026,2026_309,,Fostering networking within the RSE community via a moderated matrix space (or similar)
841,2026,2026_311,,Fostering networking within the RSE community via a moderated matrix space (or similar)
842,2026,2026_316,,Fostering networking within the RSE community via a moderated matrix space (or similar)
843,2026,2026_355,,Fostering networking within the RSE community via a moderated matrix space (or similar)
844,2026,2026_371,,Fostering networking within the RSE community via a moderated matrix space (or similar)
845,2026,2026_372,,Fostering networking within the RSE community via a moderated matrix space (or similar)
846,2026,2026_379,,Fostering networking within the RSE community via a moderated matrix space (or similar)
847,2026,2026_403,,Fostering networking within the RSE community via a moderated matrix space (or similar)
848,2026,2026_418,,Fostering networking within the RSE community via a moderated matrix space (or similar)
849,2026,2026_419,,Fostering networking within the RSE community via a moderated matrix space (or similar)
850,2026,2026_420,,Fostering networking within the RSE community via a moderated matrix space (or similar)
851,2026,2026_421,,Fostering networking within the RSE community via a moderated matrix space (or similar)
852,2026,2026_425,,Fostering networking within the RSE community via a moderated matrix space (or similar)
853,2026,2026_426,,Fostering networking within the RSE community via a moderated matrix space (or similar)
854,2026,2026_427,,Fostering networking within the RSE community via a moderated matrix space (or similar)
855,2026,2026_433,,Fostering networking within the RSE community via a moderated matrix space (or similar)
856,2026,2026_434,,Fostering networking within the RSE community via a moderated matrix space (or similar)
857,2026,2026_446,,Fostering networking within the RSE community via a moderated matrix space (or similar)
858,2026,2026_472,,Fostering networking within the RSE community via a moderated matrix space (or similar)
859,2026,2026_476,,Fostering networking within the RSE community via a moderated matrix space (or similar)
860,2026,2026_488,,Fostering networking within the RSE community via a moderated matrix space (or similar)
861,2026,2026_516,"Research Software Directory for Germany, Research Software Engineer directory for Germany (skills and expertise in what, to get connected/find contributors)",Fostering networking within the RSE community via a moderated matrix space (or similar)
862,2026,2026_522,,Fostering networking within the RSE community via a moderated matrix space (or similar)
863,2026,2026_549,Sichtbarkeit für Community-Engagement bzw. wichtige Beiträge erhöhen,Fostering networking within the RSE community via a moderated matrix space (or similar)
864,2026,2026_597,,Fostering networking within the RSE community via a moderated matrix space (or similar)
865,2026,2026_599,,Fostering networking within the RSE community via a moderated matrix space (or similar)
866,2026,2026_603,,Fostering networking within the RSE community via a moderated matrix space (or similar)
867,2026,2026_606,,Fostering networking within the RSE community via a moderated matrix space (or similar)
868,2026,2026_612,,Fostering networking within the RSE community via a moderated matrix space (or similar)
869,2026,2026_615,,Fostering networking within the RSE community via a moderated matrix space (or similar)
870,2026,2026_616,,Fostering networking within the RSE community via a moderated matrix space (or similar)
871,2026,2026_617,,Fostering networking within the RSE community via a moderated matrix space (or similar)
872,2026,2026_646,,Fostering networking within the RSE community via a moderated matrix space (or similar)
873,2026,2026_719,,Fostering networking within the RSE community via a moderated matrix space (or similar)
874,2026,2026_747,"Scholarships and grants specifically for RSE retention and career advancement, prioritizing underrepresented groups",Fostering networking within the RSE community via a moderated matrix space (or similar)
875,2026,2026_782,,Fostering networking within the RSE community via a moderated matrix space (or similar)
876,2026,2026_840,,Fostering networking within the RSE community via a moderated matrix space (or similar)
877,2026,2026_856,,Fostering networking within the RSE community via a moderated matrix space (or similar)
878,2026,2026_869,,Fostering networking within the RSE community via a moderated matrix space (or similar)
879,2026,2026_870,,Fostering networking within the RSE community via a moderated matrix space (or similar)
880,2026,2026_893,,Fostering networking within the RSE community via a moderated matrix space (or similar)
881,2026,2026_897,,Fostering networking within the RSE community via a moderated matrix space (or similar)
882,2026,2026_901,,Fostering networking within the RSE community via a moderated matrix space (or similar)
883,2026,2026_1027,,Fostering networking within the RSE community via a moderated matrix space (or similar)
884,2026,2026_1028,,Fostering networking within the RSE community via a moderated matrix space (or similar)
885,2026,2026_1056,,Fostering networking within the RSE community via a moderated matrix space (or similar)
886,2026,2026_1058,,Fostering networking within the RSE community via a moderated matrix space (or similar)
887,2026,2026_1065,,Fostering networking within the RSE community via a moderated matrix space (or similar)
888,2026,2026_1094,,Fostering networking within the RSE community via a moderated matrix space (or similar)
889,2026,2026_1112,,Fostering networking within the RSE community via a moderated matrix space (or similar)
890,2026,2026_1126,,Fostering networking within the RSE community via a moderated matrix space (or similar)
891,2026,2026_1136,,Fostering networking within the RSE community via a moderated matrix space (or similar)
892,2026,2026_1138,,Fostering networking within the RSE community via a moderated matrix space (or similar)
893,2026,2026_1141,,Fostering networking within the RSE community via a moderated matrix space (or similar)
894,2026,2026_1142,,Fostering networking within the RSE community via a moderated matrix space (or similar)
895,2026,2026_1149,,Fostering networking within the RSE community via a moderated matrix space (or similar)
896,2026,2026_1150,,Fostering networking within the RSE community via a moderated matrix space (or similar)
897,2026,2026_1157,,Fostering networking within the RSE community via a moderated matrix space (or similar)
898,2026,2026_1162,,Fostering networking within the RSE community via a moderated matrix space (or similar)
