,Year_0,row_id,ukrse3[other]_0,ukrse3
0,2026,2026_18,,Conferences
1,2026,2026_29,,Conferences
2,2026,2026_34,,Conferences
3,2026,2026_35,,Conferences
4,2026,2026_46,,Conferences
5,2026,2026_47,,Conferences
6,2026,2026_51,,Conferences
7,2026,2026_59,,Conferences
8,2026,2026_90,,Conferences
9,2026,2026_92,,Conferences
10,2026,2026_105,,Conferences
11,2026,2026_108,,Conferences
12,2026,2026_123,,Conferences
13,2026,2026_132,,Conferences
14,2026,2026_146,,Conferences
15,2026,2026_148,,Conferences
16,2026,2026_162,,Conferences
17,2026,2026_167,,Conferences
18,2026,2026_176,,Conferences
19,2026,2026_191,,Conferences
20,2026,2026_196,,Conferences
21,2026,2026_216,,Conferences
22,2026,2026_229,,Conferences
23,2026,2026_239,,Conferences
24,2026,2026_240,,Conferences
25,2026,2026_241,,Conferences
26,2026,2026_249,,Conferences
27,2026,2026_260,,Conferences
28,2026,2026_295,,Conferences
29,2026,2026_296,,Conferences
30,2026,2026_299,,Conferences
31,2026,2026_305,,Conferences
32,2026,2026_307,,Conferences
33,2026,2026_311,,Conferences
34,2026,2026_317,,Conferences
35,2026,2026_341,,Conferences
36,2026,2026_342,,Conferences
37,2026,2026_349,,Conferences
38,2026,2026_350,,Conferences
39,2026,2026_356,,Conferences
40,2026,2026_363,,Conferences
41,2026,2026_365,,Conferences
42,2026,2026_367,,Conferences
43,2026,2026_403,,Conferences
44,2026,2026_420,,Conferences
45,2026,2026_421,,Conferences
46,2026,2026_441,,Conferences
47,2026,2026_442,,Conferences
48,2026,2026_443,,Conferences
49,2026,2026_448,,Conferences
50,2026,2026_456,Carpentries workshop,Conferences
51,2026,2026_476,,Conferences
52,2026,2026_481,,Conferences
53,2026,2026_483,,Conferences
54,2026,2026_496,,Conferences
55,2026,2026_503,,Conferences
56,2026,2026_522,,Conferences
57,2026,2026_534,,Conferences
58,2026,2026_549,,Conferences
59,2026,2026_554,,Conferences
60,2026,2026_558,,Conferences
61,2026,2026_570,,Conferences
62,2026,2026_589,,Conferences
63,2026,2026_599,,Conferences
64,2026,2026_603,,Conferences
65,2026,2026_604,,Conferences
66,2026,2026_616,,Conferences
67,2026,2026_622,,Conferences
68,2026,2026_624,,Conferences
69,2026,2026_634,,Conferences
70,2026,2026_645,,Conferences
71,2026,2026_655,,Conferences
72,2026,2026_680,,Conferences
73,2026,2026_684,,Conferences
74,2026,2026_687,,Conferences
75,2026,2026_691,,Conferences
76,2026,2026_692,,Conferences
77,2026,2026_700,,Conferences
78,2026,2026_711,,Conferences
79,2026,2026_736,,Conferences
80,2026,2026_737,,Conferences
81,2026,2026_744,,Conferences
82,2026,2026_753,,Conferences
83,2026,2026_793,,Conferences
84,2026,2026_804,,Conferences
85,2026,2026_816,,Conferences
86,2026,2026_818,,Conferences
87,2026,2026_820,,Conferences
88,2026,2026_850,,Conferences
89,2026,2026_861,,Conferences
90,2026,2026_862,,Conferences
91,2026,2026_866,,Conferences
92,2026,2026_870,,Conferences
93,2026,2026_878,,Conferences
94,2026,2026_896,,Conferences
95,2026,2026_897,,Conferences
96,2026,2026_900,,Conferences
97,2026,2026_906,,Conferences
98,2026,2026_929,,Conferences
99,2026,2026_936,,Conferences
100,2026,2026_944,,Conferences
101,2026,2026_978,,Conferences
102,2026,2026_1002,,Conferences
103,2026,2026_1007,,Conferences
104,2026,2026_1042,,Conferences
105,2026,2026_1052,,Conferences
106,2026,2026_1065,,Conferences
107,2026,2026_1073,,Conferences
108,2026,2026_1114,,Conferences
109,2026,2026_1118,,Conferences
110,2026,2026_1126,,Conferences
111,2026,2026_1128,,Conferences
112,2026,2026_1142,,Conferences
113,2026,2026_1143,,Conferences
114,2026,2026_1145,,Conferences
115,2026,2026_1149,,Conferences
116,2026,2026_1152,,Conferences
117,2026,2026_1154,,Conferences
118,2026,2026_1155,,Conferences
119,2026,2026_1,,Learned on-the-job
120,2026,2026_3,,Learned on-the-job
121,2026,2026_5,,Learned on-the-job
122,2026,2026_8,,Learned on-the-job
123,2026,2026_9,,Learned on-the-job
124,2026,2026_10,,Learned on-the-job
125,2026,2026_11,,Learned on-the-job
126,2026,2026_12,,Learned on-the-job
127,2026,2026_13,,Learned on-the-job
128,2026,2026_15,,Learned on-the-job
129,2026,2026_16,,Learned on-the-job
130,2026,2026_17,,Learned on-the-job
131,2026,2026_18,,Learned on-the-job
132,2026,2026_21,"Learned on-the-job as a SWE in industry, not in my current role in academia.",Learned on-the-job
133,2026,2026_23,,Learned on-the-job
134,2026,2026_24,,Learned on-the-job
135,2026,2026_27,,Learned on-the-job
136,2026,2026_29,,Learned on-the-job
137,2026,2026_30,,Learned on-the-job
138,2026,2026_31,,Learned on-the-job
139,2026,2026_32,,Learned on-the-job
140,2026,2026_34,,Learned on-the-job
141,2026,2026_35,,Learned on-the-job
142,2026,2026_39,,Learned on-the-job
143,2026,2026_40,,Learned on-the-job
144,2026,2026_41,,Learned on-the-job
145,2026,2026_45,,Learned on-the-job
146,2026,2026_46,,Learned on-the-job
147,2026,2026_48,,Learned on-the-job
148,2026,2026_49,,Learned on-the-job
149,2026,2026_51,,Learned on-the-job
150,2026,2026_54,,Learned on-the-job
151,2026,2026_56,,Learned on-the-job
152,2026,2026_59,,Learned on-the-job
153,2026,2026_60,,Learned on-the-job
154,2026,2026_65,,Learned on-the-job
155,2026,2026_66,,Learned on-the-job
156,2026,2026_67,,Learned on-the-job
157,2026,2026_68,,Learned on-the-job
158,2026,2026_69,,Learned on-the-job
159,2026,2026_70,,Learned on-the-job
160,2026,2026_72,,Learned on-the-job
161,2026,2026_73,,Learned on-the-job
162,2026,2026_76,,Learned on-the-job
163,2026,2026_81,,Learned on-the-job
164,2026,2026_82,,Learned on-the-job
165,2026,2026_83,,Learned on-the-job
166,2026,2026_84,,Learned on-the-job
167,2026,2026_85,,Learned on-the-job
168,2026,2026_87,,Learned on-the-job
169,2026,2026_88,,Learned on-the-job
170,2026,2026_89,,Learned on-the-job
171,2026,2026_90,,Learned on-the-job
172,2026,2026_91,,Learned on-the-job
173,2026,2026_92,,Learned on-the-job
174,2026,2026_93,,Learned on-the-job
175,2026,2026_94,,Learned on-the-job
176,2026,2026_95,,Learned on-the-job
177,2026,2026_97,,Learned on-the-job
178,2026,2026_98,,Learned on-the-job
179,2026,2026_101,,Learned on-the-job
180,2026,2026_102,,Learned on-the-job
181,2026,2026_103,,Learned on-the-job
182,2026,2026_105,,Learned on-the-job
183,2026,2026_106,,Learned on-the-job
184,2026,2026_107,,Learned on-the-job
185,2026,2026_108,,Learned on-the-job
186,2026,2026_109,,Learned on-the-job
187,2026,2026_118,,Learned on-the-job
188,2026,2026_119,,Learned on-the-job
189,2026,2026_121,,Learned on-the-job
190,2026,2026_123,,Learned on-the-job
191,2026,2026_124,,Learned on-the-job
192,2026,2026_125,,Learned on-the-job
193,2026,2026_128,,Learned on-the-job
194,2026,2026_130,,Learned on-the-job
195,2026,2026_132,,Learned on-the-job
196,2026,2026_133,,Learned on-the-job
197,2026,2026_134,,Learned on-the-job
198,2026,2026_135,,Learned on-the-job
199,2026,2026_136,,Learned on-the-job
200,2026,2026_140,,Learned on-the-job
201,2026,2026_142,,Learned on-the-job
202,2026,2026_143,,Learned on-the-job
203,2026,2026_144,,Learned on-the-job
204,2026,2026_145,,Learned on-the-job
205,2026,2026_146,,Learned on-the-job
206,2026,2026_147,,Learned on-the-job
207,2026,2026_148,,Learned on-the-job
208,2026,2026_149,,Learned on-the-job
209,2026,2026_150,,Learned on-the-job
210,2026,2026_151,,Learned on-the-job
211,2026,2026_153,,Learned on-the-job
212,2026,2026_154,,Learned on-the-job
213,2026,2026_157,,Learned on-the-job
214,2026,2026_167,,Learned on-the-job
215,2026,2026_169,,Learned on-the-job
216,2026,2026_170,,Learned on-the-job
217,2026,2026_176,,Learned on-the-job
218,2026,2026_177,,Learned on-the-job
219,2026,2026_180,,Learned on-the-job
220,2026,2026_183,,Learned on-the-job
221,2026,2026_185,,Learned on-the-job
222,2026,2026_187,,Learned on-the-job
223,2026,2026_188,,Learned on-the-job
224,2026,2026_189,,Learned on-the-job
225,2026,2026_190,,Learned on-the-job
226,2026,2026_191,,Learned on-the-job
227,2026,2026_192,,Learned on-the-job
228,2026,2026_193,Attending training courses while previously employed in private industry,Learned on-the-job
229,2026,2026_195,,Learned on-the-job
230,2026,2026_196,,Learned on-the-job
231,2026,2026_197,,Learned on-the-job
232,2026,2026_198,,Learned on-the-job
233,2026,2026_200,,Learned on-the-job
234,2026,2026_202,,Learned on-the-job
235,2026,2026_203,,Learned on-the-job
236,2026,2026_204,,Learned on-the-job
237,2026,2026_205,,Learned on-the-job
238,2026,2026_206,,Learned on-the-job
239,2026,2026_209,,Learned on-the-job
240,2026,2026_210,,Learned on-the-job
241,2026,2026_211,,Learned on-the-job
242,2026,2026_212,,Learned on-the-job
243,2026,2026_214,,Learned on-the-job
244,2026,2026_215,,Learned on-the-job
245,2026,2026_216,,Learned on-the-job
246,2026,2026_217,,Learned on-the-job
247,2026,2026_219,,Learned on-the-job
248,2026,2026_220,,Learned on-the-job
249,2026,2026_221,,Learned on-the-job
250,2026,2026_222,,Learned on-the-job
251,2026,2026_224,,Learned on-the-job
252,2026,2026_227,,Learned on-the-job
253,2026,2026_228,,Learned on-the-job
254,2026,2026_229,,Learned on-the-job
255,2026,2026_231,,Learned on-the-job
256,2026,2026_232,,Learned on-the-job
257,2026,2026_235,,Learned on-the-job
258,2026,2026_236,During my own PhD research and postdocs,Learned on-the-job
259,2026,2026_238,,Learned on-the-job
260,2026,2026_239,,Learned on-the-job
261,2026,2026_241,,Learned on-the-job
262,2026,2026_243,,Learned on-the-job
263,2026,2026_244,,Learned on-the-job
264,2026,2026_248,,Learned on-the-job
265,2026,2026_249,,Learned on-the-job
266,2026,2026_250,,Learned on-the-job
267,2026,2026_253,,Learned on-the-job
268,2026,2026_257,,Learned on-the-job
269,2026,2026_259,,Learned on-the-job
270,2026,2026_260,,Learned on-the-job
271,2026,2026_263,,Learned on-the-job
272,2026,2026_264,,Learned on-the-job
273,2026,2026_265,,Learned on-the-job
274,2026,2026_266,,Learned on-the-job
275,2026,2026_267,,Learned on-the-job
276,2026,2026_268,,Learned on-the-job
277,2026,2026_270,,Learned on-the-job
278,2026,2026_271,Apprenticeship,Learned on-the-job
279,2026,2026_272,,Learned on-the-job
280,2026,2026_273,,Learned on-the-job
281,2026,2026_277,,Learned on-the-job
282,2026,2026_279,,Learned on-the-job
283,2026,2026_281,,Learned on-the-job
284,2026,2026_282,,Learned on-the-job
285,2026,2026_284,,Learned on-the-job
286,2026,2026_285,,Learned on-the-job
287,2026,2026_289,,Learned on-the-job
288,2026,2026_291,,Learned on-the-job
289,2026,2026_295,,Learned on-the-job
290,2026,2026_296,,Learned on-the-job
291,2026,2026_298,,Learned on-the-job
292,2026,2026_299,,Learned on-the-job
293,2026,2026_302,,Learned on-the-job
294,2026,2026_304,,Learned on-the-job
295,2026,2026_305,,Learned on-the-job
296,2026,2026_306,,Learned on-the-job
297,2026,2026_307,,Learned on-the-job
298,2026,2026_309,,Learned on-the-job
299,2026,2026_311,,Learned on-the-job
300,2026,2026_312,,Learned on-the-job
301,2026,2026_315,,Learned on-the-job
302,2026,2026_316,Qualifikationsmaßnahme der Bundesagentur für Arbeit,Learned on-the-job
303,2026,2026_317,,Learned on-the-job
304,2026,2026_319,,Learned on-the-job
305,2026,2026_320,,Learned on-the-job
306,2026,2026_325,,Learned on-the-job
307,2026,2026_326,,Learned on-the-job
308,2026,2026_330,Courses offered by CSC in Finland,Learned on-the-job
309,2026,2026_331,,Learned on-the-job
310,2026,2026_334,,Learned on-the-job
311,2026,2026_336,,Learned on-the-job
312,2026,2026_338,,Learned on-the-job
313,2026,2026_340,,Learned on-the-job
314,2026,2026_341,,Learned on-the-job
315,2026,2026_342,,Learned on-the-job
316,2026,2026_343,,Learned on-the-job
317,2026,2026_344,,Learned on-the-job
318,2026,2026_346,,Learned on-the-job
319,2026,2026_349,,Learned on-the-job
320,2026,2026_350,,Learned on-the-job
321,2026,2026_351,,Learned on-the-job
322,2026,2026_352,previous work as consultant to artists,Learned on-the-job
323,2026,2026_353,,Learned on-the-job
324,2026,2026_355,,Learned on-the-job
325,2026,2026_356,,Learned on-the-job
326,2026,2026_357,,Learned on-the-job
327,2026,2026_358,,Learned on-the-job
328,2026,2026_359,,Learned on-the-job
329,2026,2026_360,,Learned on-the-job
330,2026,2026_363,,Learned on-the-job
331,2026,2026_366,,Learned on-the-job
332,2026,2026_367,,Learned on-the-job
333,2026,2026_369,,Learned on-the-job
334,2026,2026_372,Habe Informatik studiert,Learned on-the-job
335,2026,2026_373,,Learned on-the-job
336,2026,2026_376,,Learned on-the-job
337,2026,2026_377,,Learned on-the-job
338,2026,2026_378,,Learned on-the-job
339,2026,2026_381,,Learned on-the-job
340,2026,2026_382,,Learned on-the-job
341,2026,2026_385,,Learned on-the-job
342,2026,2026_386,,Learned on-the-job
343,2026,2026_388,,Learned on-the-job
344,2026,2026_389,,Learned on-the-job
345,2026,2026_391,,Learned on-the-job
346,2026,2026_394,,Learned on-the-job
347,2026,2026_395,,Learned on-the-job
348,2026,2026_403,,Learned on-the-job
349,2026,2026_405,,Learned on-the-job
350,2026,2026_407,,Learned on-the-job
351,2026,2026_408,,Learned on-the-job
352,2026,2026_411,,Learned on-the-job
353,2026,2026_412,,Learned on-the-job
354,2026,2026_413,Working on open source projects,Learned on-the-job
355,2026,2026_415,,Learned on-the-job
356,2026,2026_418,,Learned on-the-job
357,2026,2026_420,,Learned on-the-job
358,2026,2026_421,,Learned on-the-job
359,2026,2026_422,,Learned on-the-job
360,2026,2026_424,,Learned on-the-job
361,2026,2026_427,,Learned on-the-job
362,2026,2026_430,Courses organised by my employer,Learned on-the-job
363,2026,2026_431,,Learned on-the-job
364,2026,2026_433,,Learned on-the-job
365,2026,2026_434,,Learned on-the-job
366,2026,2026_436,,Learned on-the-job
367,2026,2026_437,,Learned on-the-job
368,2026,2026_439,,Learned on-the-job
369,2026,2026_440,,Learned on-the-job
370,2026,2026_441,,Learned on-the-job
371,2026,2026_442,,Learned on-the-job
372,2026,2026_445,,Learned on-the-job
373,2026,2026_446,,Learned on-the-job
374,2026,2026_448,,Learned on-the-job
375,2026,2026_451,,Learned on-the-job
376,2026,2026_452,,Learned on-the-job
377,2026,2026_455,,Learned on-the-job
378,2026,2026_456,Carpentries workshop,Learned on-the-job
379,2026,2026_460,Previous employment,Learned on-the-job
380,2026,2026_461,,Learned on-the-job
381,2026,2026_472,,Learned on-the-job
382,2026,2026_474,"Online articles, Free talks on YouTube",Learned on-the-job
383,2026,2026_475,,Learned on-the-job
384,2026,2026_476,,Learned on-the-job
385,2026,2026_479,,Learned on-the-job
386,2026,2026_481,,Learned on-the-job
387,2026,2026_482,,Learned on-the-job
388,2026,2026_483,,Learned on-the-job
389,2026,2026_484,,Learned on-the-job
390,2026,2026_485,Co working with a Software Engineer who has a PhD in Software Patterns,Learned on-the-job
391,2026,2026_486,,Learned on-the-job
392,2026,2026_487,,Learned on-the-job
393,2026,2026_488,,Learned on-the-job
394,2026,2026_489,,Learned on-the-job
395,2026,2026_494,,Learned on-the-job
396,2026,2026_496,,Learned on-the-job
397,2026,2026_498,,Learned on-the-job
398,2026,2026_501,,Learned on-the-job
399,2026,2026_503,,Learned on-the-job
400,2026,2026_504,,Learned on-the-job
401,2026,2026_505,,Learned on-the-job
402,2026,2026_506,,Learned on-the-job
403,2026,2026_510,,Learned on-the-job
404,2026,2026_511,,Learned on-the-job
405,2026,2026_512,,Learned on-the-job
406,2026,2026_514,other school,Learned on-the-job
407,2026,2026_516,,Learned on-the-job
408,2026,2026_517,,Learned on-the-job
409,2026,2026_520,,Learned on-the-job
410,2026,2026_521,,Learned on-the-job
411,2026,2026_522,,Learned on-the-job
412,2026,2026_523,,Learned on-the-job
413,2026,2026_531,,Learned on-the-job
414,2026,2026_533,,Learned on-the-job
415,2026,2026_534,,Learned on-the-job
416,2026,2026_537,,Learned on-the-job
417,2026,2026_538,,Learned on-the-job
418,2026,2026_539,,Learned on-the-job
419,2026,2026_542,,Learned on-the-job
420,2026,2026_544,,Learned on-the-job
421,2026,2026_545,,Learned on-the-job
422,2026,2026_547,,Learned on-the-job
423,2026,2026_550,,Learned on-the-job
424,2026,2026_554,,Learned on-the-job
425,2026,2026_557,,Learned on-the-job
426,2026,2026_558,,Learned on-the-job
427,2026,2026_562,,Learned on-the-job
428,2026,2026_570,,Learned on-the-job
429,2026,2026_571,,Learned on-the-job
430,2026,2026_572,,Learned on-the-job
431,2026,2026_573,,Learned on-the-job
432,2026,2026_580,,Learned on-the-job
433,2026,2026_581,,Learned on-the-job
434,2026,2026_582,,Learned on-the-job
435,2026,2026_589,,Learned on-the-job
436,2026,2026_590,,Learned on-the-job
437,2026,2026_591,,Learned on-the-job
438,2026,2026_593,,Learned on-the-job
439,2026,2026_596,,Learned on-the-job
440,2026,2026_597,,Learned on-the-job
441,2026,2026_599,,Learned on-the-job
442,2026,2026_600,,Learned on-the-job
443,2026,2026_603,,Learned on-the-job
444,2026,2026_612,,Learned on-the-job
445,2026,2026_615,,Learned on-the-job
446,2026,2026_616,,Learned on-the-job
447,2026,2026_617,,Learned on-the-job
448,2026,2026_620,,Learned on-the-job
449,2026,2026_621,,Learned on-the-job
450,2026,2026_622,,Learned on-the-job
451,2026,2026_628,,Learned on-the-job
452,2026,2026_629,,Learned on-the-job
453,2026,2026_636,,Learned on-the-job
454,2026,2026_643,,Learned on-the-job
455,2026,2026_644,,Learned on-the-job
456,2026,2026_645,,Learned on-the-job
457,2026,2026_646,,Learned on-the-job
458,2026,2026_649,,Learned on-the-job
459,2026,2026_652,,Learned on-the-job
460,2026,2026_653,,Learned on-the-job
461,2026,2026_654,,Learned on-the-job
462,2026,2026_655,,Learned on-the-job
463,2026,2026_657,,Learned on-the-job
464,2026,2026_658,,Learned on-the-job
465,2026,2026_664,,Learned on-the-job
466,2026,2026_666,,Learned on-the-job
467,2026,2026_667,,Learned on-the-job
468,2026,2026_668,,Learned on-the-job
469,2026,2026_671,,Learned on-the-job
470,2026,2026_672,,Learned on-the-job
471,2026,2026_674,,Learned on-the-job
472,2026,2026_675,,Learned on-the-job
473,2026,2026_677,,Learned on-the-job
474,2026,2026_678,,Learned on-the-job
475,2026,2026_679,,Learned on-the-job
476,2026,2026_681,,Learned on-the-job
477,2026,2026_683,,Learned on-the-job
478,2026,2026_685,Previous industry experience,Learned on-the-job
479,2026,2026_687,,Learned on-the-job
480,2026,2026_688,,Learned on-the-job
481,2026,2026_689,,Learned on-the-job
482,2026,2026_690,,Learned on-the-job
483,2026,2026_691,,Learned on-the-job
484,2026,2026_692,,Learned on-the-job
485,2026,2026_694,,Learned on-the-job
486,2026,2026_696,,Learned on-the-job
487,2026,2026_697,,Learned on-the-job
488,2026,2026_698,,Learned on-the-job
489,2026,2026_700,,Learned on-the-job
490,2026,2026_704,University high-performance computing center staff,Learned on-the-job
491,2026,2026_705,,Learned on-the-job
492,2026,2026_706,,Learned on-the-job
493,2026,2026_707,,Learned on-the-job
494,2026,2026_708,,Learned on-the-job
495,2026,2026_709,,Learned on-the-job
496,2026,2026_711,,Learned on-the-job
497,2026,2026_713,,Learned on-the-job
498,2026,2026_715,,Learned on-the-job
499,2026,2026_716,,Learned on-the-job
500,2026,2026_718,,Learned on-the-job
501,2026,2026_719,,Learned on-the-job
502,2026,2026_721,,Learned on-the-job
503,2026,2026_722,,Learned on-the-job
504,2026,2026_723,,Learned on-the-job
505,2026,2026_724,,Learned on-the-job
506,2026,2026_730,,Learned on-the-job
507,2026,2026_731,,Learned on-the-job
508,2026,2026_732,,Learned on-the-job
509,2026,2026_736,,Learned on-the-job
510,2026,2026_737,,Learned on-the-job
511,2026,2026_741,,Learned on-the-job
512,2026,2026_744,,Learned on-the-job
513,2026,2026_746,,Learned on-the-job
514,2026,2026_747,,Learned on-the-job
515,2026,2026_748,,Learned on-the-job
516,2026,2026_749,,Learned on-the-job
517,2026,2026_750,,Learned on-the-job
518,2026,2026_751,,Learned on-the-job
519,2026,2026_753,,Learned on-the-job
520,2026,2026_755,,Learned on-the-job
521,2026,2026_756,,Learned on-the-job
522,2026,2026_759,,Learned on-the-job
523,2026,2026_761,,Learned on-the-job
524,2026,2026_762,,Learned on-the-job
525,2026,2026_764,,Learned on-the-job
526,2026,2026_765,,Learned on-the-job
527,2026,2026_770,,Learned on-the-job
528,2026,2026_773,,Learned on-the-job
529,2026,2026_775,,Learned on-the-job
530,2026,2026_779,,Learned on-the-job
531,2026,2026_781,,Learned on-the-job
532,2026,2026_782,,Learned on-the-job
533,2026,2026_784,,Learned on-the-job
534,2026,2026_785,,Learned on-the-job
535,2026,2026_786,,Learned on-the-job
536,2026,2026_787,,Learned on-the-job
537,2026,2026_788,,Learned on-the-job
538,2026,2026_791,,Learned on-the-job
539,2026,2026_793,,Learned on-the-job
540,2026,2026_797,,Learned on-the-job
541,2026,2026_802,During my PhD,Learned on-the-job
542,2026,2026_804,,Learned on-the-job
543,2026,2026_805,,Learned on-the-job
544,2026,2026_806,,Learned on-the-job
545,2026,2026_810,,Learned on-the-job
546,2026,2026_812,,Learned on-the-job
547,2026,2026_816,,Learned on-the-job
548,2026,2026_817,,Learned on-the-job
549,2026,2026_818,,Learned on-the-job
550,2026,2026_819,,Learned on-the-job
551,2026,2026_820,,Learned on-the-job
552,2026,2026_821,,Learned on-the-job
553,2026,2026_822,,Learned on-the-job
554,2026,2026_823,,Learned on-the-job
555,2026,2026_825,,Learned on-the-job
556,2026,2026_829,,Learned on-the-job
557,2026,2026_831,,Learned on-the-job
558,2026,2026_834,,Learned on-the-job
559,2026,2026_836,,Learned on-the-job
560,2026,2026_838,,Learned on-the-job
561,2026,2026_841,,Learned on-the-job
562,2026,2026_842,,Learned on-the-job
563,2026,2026_844,,Learned on-the-job
564,2026,2026_846,,Learned on-the-job
565,2026,2026_854,,Learned on-the-job
566,2026,2026_856,,Learned on-the-job
567,2026,2026_857,,Learned on-the-job
568,2026,2026_859,,Learned on-the-job
569,2026,2026_861,,Learned on-the-job
570,2026,2026_864,,Learned on-the-job
571,2026,2026_868,,Learned on-the-job
572,2026,2026_869,,Learned on-the-job
573,2026,2026_870,,Learned on-the-job
574,2026,2026_871,,Learned on-the-job
575,2026,2026_873,,Learned on-the-job
576,2026,2026_874,"Books, youtube",Learned on-the-job
577,2026,2026_875,,Learned on-the-job
578,2026,2026_876,,Learned on-the-job
579,2026,2026_878,,Learned on-the-job
580,2026,2026_880,,Learned on-the-job
581,2026,2026_881,,Learned on-the-job
582,2026,2026_883,,Learned on-the-job
583,2026,2026_885,,Learned on-the-job
584,2026,2026_886,,Learned on-the-job
585,2026,2026_887,,Learned on-the-job
586,2026,2026_891,,Learned on-the-job
587,2026,2026_892,,Learned on-the-job
588,2026,2026_893,,Learned on-the-job
589,2026,2026_894,,Learned on-the-job
590,2026,2026_895,,Learned on-the-job
591,2026,2026_896,,Learned on-the-job
592,2026,2026_897,,Learned on-the-job
593,2026,2026_898,,Learned on-the-job
594,2026,2026_900,,Learned on-the-job
595,2026,2026_901,,Learned on-the-job
596,2026,2026_902,,Learned on-the-job
597,2026,2026_903,,Learned on-the-job
598,2026,2026_904,,Learned on-the-job
599,2026,2026_905,,Learned on-the-job
600,2026,2026_906,,Learned on-the-job
601,2026,2026_907,,Learned on-the-job
602,2026,2026_909,,Learned on-the-job
603,2026,2026_910,,Learned on-the-job
604,2026,2026_918,,Learned on-the-job
605,2026,2026_923,,Learned on-the-job
606,2026,2026_924,Peers,Learned on-the-job
607,2026,2026_925,,Learned on-the-job
608,2026,2026_926,,Learned on-the-job
609,2026,2026_927,,Learned on-the-job
610,2026,2026_928,,Learned on-the-job
611,2026,2026_929,,Learned on-the-job
612,2026,2026_930,,Learned on-the-job
613,2026,2026_931,,Learned on-the-job
614,2026,2026_932,,Learned on-the-job
615,2026,2026_934,,Learned on-the-job
616,2026,2026_935,,Learned on-the-job
617,2026,2026_936,,Learned on-the-job
618,2026,2026_939,,Learned on-the-job
619,2026,2026_940,,Learned on-the-job
620,2026,2026_942,,Learned on-the-job
621,2026,2026_943,,Learned on-the-job
622,2026,2026_944,,Learned on-the-job
623,2026,2026_947,,Learned on-the-job
624,2026,2026_948,,Learned on-the-job
625,2026,2026_949,,Learned on-the-job
626,2026,2026_950,,Learned on-the-job
627,2026,2026_951,,Learned on-the-job
628,2026,2026_952,,Learned on-the-job
629,2026,2026_953,,Learned on-the-job
630,2026,2026_954,,Learned on-the-job
631,2026,2026_956,,Learned on-the-job
632,2026,2026_959,,Learned on-the-job
633,2026,2026_960,,Learned on-the-job
634,2026,2026_962,,Learned on-the-job
635,2026,2026_963,,Learned on-the-job
636,2026,2026_964,,Learned on-the-job
637,2026,2026_967,,Learned on-the-job
638,2026,2026_969,,Learned on-the-job
639,2026,2026_971,,Learned on-the-job
640,2026,2026_973,,Learned on-the-job
641,2026,2026_975,,Learned on-the-job
642,2026,2026_976,,Learned on-the-job
643,2026,2026_978,,Learned on-the-job
644,2026,2026_979,,Learned on-the-job
645,2026,2026_980,,Learned on-the-job
646,2026,2026_981,,Learned on-the-job
647,2026,2026_982,,Learned on-the-job
648,2026,2026_987,,Learned on-the-job
649,2026,2026_992,,Learned on-the-job
650,2026,2026_995,,Learned on-the-job
651,2026,2026_998,,Learned on-the-job
652,2026,2026_1000,,Learned on-the-job
653,2026,2026_1001,,Learned on-the-job
654,2026,2026_1002,,Learned on-the-job
655,2026,2026_1004,,Learned on-the-job
656,2026,2026_1007,,Learned on-the-job
657,2026,2026_1008,While working on my PhD that required modifying computational physics codes,Learned on-the-job
658,2026,2026_1009,,Learned on-the-job
659,2026,2026_1010,,Learned on-the-job
660,2026,2026_1011,,Learned on-the-job
661,2026,2026_1012,,Learned on-the-job
662,2026,2026_1014,,Learned on-the-job
663,2026,2026_1015,,Learned on-the-job
664,2026,2026_1016,,Learned on-the-job
665,2026,2026_1017,,Learned on-the-job
666,2026,2026_1018,,Learned on-the-job
667,2026,2026_1019,,Learned on-the-job
668,2026,2026_1022,,Learned on-the-job
669,2026,2026_1023,,Learned on-the-job
670,2026,2026_1024,,Learned on-the-job
671,2026,2026_1027,,Learned on-the-job
672,2026,2026_1028,,Learned on-the-job
673,2026,2026_1029,,Learned on-the-job
674,2026,2026_1030,,Learned on-the-job
675,2026,2026_1031,,Learned on-the-job
676,2026,2026_1034,,Learned on-the-job
677,2026,2026_1035,,Learned on-the-job
678,2026,2026_1036,,Learned on-the-job
679,2026,2026_1038,,Learned on-the-job
680,2026,2026_1040,,Learned on-the-job
681,2026,2026_1042,,Learned on-the-job
682,2026,2026_1043,,Learned on-the-job
683,2026,2026_1044,,Learned on-the-job
684,2026,2026_1045,,Learned on-the-job
685,2026,2026_1046,,Learned on-the-job
686,2026,2026_1047,,Learned on-the-job
687,2026,2026_1048,,Learned on-the-job
688,2026,2026_1050,,Learned on-the-job
689,2026,2026_1051,,Learned on-the-job
690,2026,2026_1052,,Learned on-the-job
691,2026,2026_1056,,Learned on-the-job
692,2026,2026_1058,,Learned on-the-job
693,2026,2026_1060,,Learned on-the-job
694,2026,2026_1065,,Learned on-the-job
695,2026,2026_1068,,Learned on-the-job
696,2026,2026_1069,,Learned on-the-job
697,2026,2026_1070,,Learned on-the-job
698,2026,2026_1071,,Learned on-the-job
699,2026,2026_1073,,Learned on-the-job
700,2026,2026_1077,,Learned on-the-job
701,2026,2026_1079,,Learned on-the-job
702,2026,2026_1080,,Learned on-the-job
703,2026,2026_1082,,Learned on-the-job
704,2026,2026_1083,,Learned on-the-job
705,2026,2026_1085,,Learned on-the-job
706,2026,2026_1086,,Learned on-the-job
707,2026,2026_1088,,Learned on-the-job
708,2026,2026_1091,,Learned on-the-job
709,2026,2026_1092,,Learned on-the-job
710,2026,2026_1093,,Learned on-the-job
711,2026,2026_1094,,Learned on-the-job
712,2026,2026_1099,,Learned on-the-job
713,2026,2026_1101,,Learned on-the-job
714,2026,2026_1103,,Learned on-the-job
715,2026,2026_1104,,Learned on-the-job
716,2026,2026_1109,,Learned on-the-job
717,2026,2026_1110,,Learned on-the-job
718,2026,2026_1112,,Learned on-the-job
719,2026,2026_1113,,Learned on-the-job
720,2026,2026_1114,,Learned on-the-job
721,2026,2026_1117,,Learned on-the-job
722,2026,2026_1118,,Learned on-the-job
723,2026,2026_1124,,Learned on-the-job
724,2026,2026_1125,,Learned on-the-job
725,2026,2026_1126,,Learned on-the-job
726,2026,2026_1127,,Learned on-the-job
727,2026,2026_1128,,Learned on-the-job
728,2026,2026_1129,,Learned on-the-job
729,2026,2026_1130,,Learned on-the-job
730,2026,2026_1131,,Learned on-the-job
731,2026,2026_1132,,Learned on-the-job
732,2026,2026_1134,,Learned on-the-job
733,2026,2026_1135,,Learned on-the-job
734,2026,2026_1137,,Learned on-the-job
735,2026,2026_1138,"As I come from the private sector, I'm answering here in reference only to the skills specific to RSE work, rather than software development generally. Otherwise everything applies.",Learned on-the-job
736,2026,2026_1140,,Learned on-the-job
737,2026,2026_1141,,Learned on-the-job
738,2026,2026_1142,,Learned on-the-job
739,2026,2026_1143,,Learned on-the-job
740,2026,2026_1145,,Learned on-the-job
741,2026,2026_1148,,Learned on-the-job
742,2026,2026_1149,,Learned on-the-job
743,2026,2026_1150,,Learned on-the-job
744,2026,2026_1151,,Learned on-the-job
745,2026,2026_1152,,Learned on-the-job
746,2026,2026_1155,,Learned on-the-job
747,2026,2026_1156,,Learned on-the-job
748,2026,2026_1157,,Learned on-the-job
749,2026,2026_1159,,Learned on-the-job
750,2026,2026_5,,Online courses
751,2026,2026_15,,Online courses
752,2026,2026_18,,Online courses
753,2026,2026_24,,Online courses
754,2026,2026_29,,Online courses
755,2026,2026_34,,Online courses
756,2026,2026_35,,Online courses
757,2026,2026_46,,Online courses
758,2026,2026_49,,Online courses
759,2026,2026_51,,Online courses
760,2026,2026_59,,Online courses
761,2026,2026_60,,Online courses
762,2026,2026_72,,Online courses
763,2026,2026_76,,Online courses
764,2026,2026_77,,Online courses
765,2026,2026_81,,Online courses
766,2026,2026_82,,Online courses
767,2026,2026_84,,Online courses
768,2026,2026_92,,Online courses
769,2026,2026_93,,Online courses
770,2026,2026_94,,Online courses
771,2026,2026_105,,Online courses
772,2026,2026_106,,Online courses
773,2026,2026_124,,Online courses
774,2026,2026_128,,Online courses
775,2026,2026_130,,Online courses
776,2026,2026_132,,Online courses
777,2026,2026_140,,Online courses
778,2026,2026_142,,Online courses
779,2026,2026_143,,Online courses
780,2026,2026_146,,Online courses
781,2026,2026_147,,Online courses
782,2026,2026_148,,Online courses
783,2026,2026_151,,Online courses
784,2026,2026_153,,Online courses
785,2026,2026_154,,Online courses
786,2026,2026_157,,Online courses
787,2026,2026_176,,Online courses
788,2026,2026_177,,Online courses
789,2026,2026_190,,Online courses
790,2026,2026_192,,Online courses
791,2026,2026_195,,Online courses
792,2026,2026_196,,Online courses
793,2026,2026_212,,Online courses
794,2026,2026_214,,Online courses
795,2026,2026_221,,Online courses
796,2026,2026_227,,Online courses
797,2026,2026_239,,Online courses
798,2026,2026_240,,Online courses
799,2026,2026_241,,Online courses
800,2026,2026_259,,Online courses
801,2026,2026_264,,Online courses
802,2026,2026_268,,Online courses
803,2026,2026_272,,Online courses
804,2026,2026_273,,Online courses
805,2026,2026_277,,Online courses
806,2026,2026_285,,Online courses
807,2026,2026_291,,Online courses
808,2026,2026_296,,Online courses
809,2026,2026_299,,Online courses
810,2026,2026_304,,Online courses
811,2026,2026_307,,Online courses
812,2026,2026_312,,Online courses
813,2026,2026_322,,Online courses
814,2026,2026_325,,Online courses
815,2026,2026_330,Courses offered by CSC in Finland,Online courses
816,2026,2026_334,,Online courses
817,2026,2026_343,,Online courses
818,2026,2026_344,,Online courses
819,2026,2026_349,,Online courses
820,2026,2026_351,,Online courses
821,2026,2026_353,,Online courses
822,2026,2026_356,,Online courses
823,2026,2026_358,,Online courses
824,2026,2026_364,,Online courses
825,2026,2026_366,,Online courses
826,2026,2026_369,,Online courses
827,2026,2026_378,,Online courses
828,2026,2026_381,,Online courses
829,2026,2026_382,,Online courses
830,2026,2026_396,,Online courses
831,2026,2026_403,,Online courses
832,2026,2026_405,,Online courses
833,2026,2026_413,Working on open source projects,Online courses
834,2026,2026_415,,Online courses
835,2026,2026_421,,Online courses
836,2026,2026_430,Courses organised by my employer,Online courses
837,2026,2026_434,,Online courses
838,2026,2026_436,,Online courses
839,2026,2026_437,,Online courses
840,2026,2026_442,,Online courses
841,2026,2026_448,,Online courses
842,2026,2026_455,,Online courses
843,2026,2026_456,Carpentries workshop,Online courses
844,2026,2026_458,,Online courses
845,2026,2026_461,,Online courses
846,2026,2026_469,,Online courses
847,2026,2026_470,,Online courses
848,2026,2026_476,,Online courses
849,2026,2026_478,Industrial placement with software development team,Online courses
850,2026,2026_481,,Online courses
851,2026,2026_484,,Online courses
852,2026,2026_487,,Online courses
853,2026,2026_496,,Online courses
854,2026,2026_503,,Online courses
855,2026,2026_520,,Online courses
856,2026,2026_522,,Online courses
857,2026,2026_531,,Online courses
858,2026,2026_534,,Online courses
859,2026,2026_539,,Online courses
860,2026,2026_541,,Online courses
861,2026,2026_544,,Online courses
862,2026,2026_558,,Online courses
863,2026,2026_570,,Online courses
864,2026,2026_580,,Online courses
865,2026,2026_582,,Online courses
866,2026,2026_593,,Online courses
867,2026,2026_612,,Online courses
868,2026,2026_615,,Online courses
869,2026,2026_616,,Online courses
870,2026,2026_622,,Online courses
871,2026,2026_624,,Online courses
872,2026,2026_628,,Online courses
873,2026,2026_631,,Online courses
874,2026,2026_645,,Online courses
875,2026,2026_649,,Online courses
876,2026,2026_653,,Online courses
877,2026,2026_655,,Online courses
878,2026,2026_657,,Online courses
879,2026,2026_658,,Online courses
880,2026,2026_662,,Online courses
881,2026,2026_664,,Online courses
882,2026,2026_666,,Online courses
883,2026,2026_667,,Online courses
884,2026,2026_675,,Online courses
885,2026,2026_678,,Online courses
886,2026,2026_687,,Online courses
887,2026,2026_692,,Online courses
888,2026,2026_694,,Online courses
889,2026,2026_700,,Online courses
890,2026,2026_706,,Online courses
891,2026,2026_708,,Online courses
892,2026,2026_709,,Online courses
893,2026,2026_711,,Online courses
894,2026,2026_722,,Online courses
895,2026,2026_724,,Online courses
896,2026,2026_730,,Online courses
897,2026,2026_744,,Online courses
898,2026,2026_746,,Online courses
899,2026,2026_747,,Online courses
900,2026,2026_751,,Online courses
901,2026,2026_753,,Online courses
902,2026,2026_759,,Online courses
903,2026,2026_761,,Online courses
904,2026,2026_762,,Online courses
905,2026,2026_764,,Online courses
906,2026,2026_773,,Online courses
907,2026,2026_784,,Online courses
908,2026,2026_801,,Online courses
909,2026,2026_802,During my PhD,Online courses
910,2026,2026_804,,Online courses
911,2026,2026_806,,Online courses
912,2026,2026_811,,Online courses
913,2026,2026_816,,Online courses
914,2026,2026_817,,Online courses
915,2026,2026_818,,Online courses
916,2026,2026_819,,Online courses
917,2026,2026_820,,Online courses
918,2026,2026_842,,Online courses
919,2026,2026_846,,Online courses
920,2026,2026_850,,Online courses
921,2026,2026_866,,Online courses
922,2026,2026_878,,Online courses
923,2026,2026_880,,Online courses
924,2026,2026_886,,Online courses
925,2026,2026_893,,Online courses
926,2026,2026_896,,Online courses
927,2026,2026_898,,Online courses
928,2026,2026_906,,Online courses
929,2026,2026_910,,Online courses
930,2026,2026_931,,Online courses
931,2026,2026_934,,Online courses
932,2026,2026_935,,Online courses
933,2026,2026_936,,Online courses
934,2026,2026_944,,Online courses
935,2026,2026_948,,Online courses
936,2026,2026_949,,Online courses
937,2026,2026_952,,Online courses
938,2026,2026_964,,Online courses
939,2026,2026_967,,Online courses
940,2026,2026_975,,Online courses
941,2026,2026_979,,Online courses
942,2026,2026_980,,Online courses
943,2026,2026_992,,Online courses
944,2026,2026_1000,,Online courses
945,2026,2026_1007,,Online courses
946,2026,2026_1010,,Online courses
947,2026,2026_1012,,Online courses
948,2026,2026_1015,,Online courses
949,2026,2026_1017,,Online courses
950,2026,2026_1018,,Online courses
951,2026,2026_1019,,Online courses
952,2026,2026_1023,,Online courses
953,2026,2026_1031,,Online courses
954,2026,2026_1034,,Online courses
955,2026,2026_1036,,Online courses
956,2026,2026_1038,,Online courses
957,2026,2026_1040,,Online courses
958,2026,2026_1042,,Online courses
959,2026,2026_1043,,Online courses
960,2026,2026_1044,,Online courses
961,2026,2026_1046,,Online courses
962,2026,2026_1050,,Online courses
963,2026,2026_1051,,Online courses
964,2026,2026_1055,,Online courses
965,2026,2026_1056,,Online courses
966,2026,2026_1065,,Online courses
967,2026,2026_1069,,Online courses
968,2026,2026_1077,,Online courses
969,2026,2026_1086,,Online courses
970,2026,2026_1099,,Online courses
971,2026,2026_1101,,Online courses
972,2026,2026_1109,,Online courses
973,2026,2026_1110,,Online courses
974,2026,2026_1117,,Online courses
975,2026,2026_1118,,Online courses
976,2026,2026_1126,,Online courses
977,2026,2026_1127,,Online courses
978,2026,2026_1128,,Online courses
979,2026,2026_1135,,Online courses
980,2026,2026_1136,,Online courses
981,2026,2026_1137,,Online courses
982,2026,2026_1143,,Online courses
983,2026,2026_1145,,Online courses
984,2026,2026_1146,,Online courses
985,2026,2026_1149,,Online courses
986,2026,2026_1151,,Online courses
987,2026,2026_1152,,Online courses
988,2026,2026_1153,,Online courses
989,2026,2026_1154,,Online courses
990,2026,2026_1155,,Online courses
991,2026,2026_1157,,Online courses
992,2026,2026_1162,,Online courses
993,2026,2026_1,,Self-taught
994,2026,2026_8,,Self-taught
995,2026,2026_9,,Self-taught
996,2026,2026_10,,Self-taught
997,2026,2026_15,,Self-taught
998,2026,2026_16,,Self-taught
999,2026,2026_17,,Self-taught
1000,2026,2026_18,,Self-taught
1001,2026,2026_21,"Learned on-the-job as a SWE in industry, not in my current role in academia.",Self-taught
1002,2026,2026_23,,Self-taught
1003,2026,2026_24,,Self-taught
1004,2026,2026_27,,Self-taught
1005,2026,2026_29,,Self-taught
1006,2026,2026_31,,Self-taught
1007,2026,2026_34,,Self-taught
1008,2026,2026_35,,Self-taught
1009,2026,2026_39,,Self-taught
1010,2026,2026_40,,Self-taught
1011,2026,2026_41,,Self-taught
1012,2026,2026_44,,Self-taught
1013,2026,2026_45,,Self-taught
1014,2026,2026_46,,Self-taught
1015,2026,2026_47,,Self-taught
1016,2026,2026_48,,Self-taught
1017,2026,2026_51,,Self-taught
1018,2026,2026_54,,Self-taught
1019,2026,2026_56,,Self-taught
1020,2026,2026_59,,Self-taught
1021,2026,2026_60,,Self-taught
1022,2026,2026_61,,Self-taught
1023,2026,2026_65,,Self-taught
1024,2026,2026_66,,Self-taught
1025,2026,2026_67,,Self-taught
1026,2026,2026_68,,Self-taught
1027,2026,2026_70,,Self-taught
1028,2026,2026_72,,Self-taught
1029,2026,2026_73,,Self-taught
1030,2026,2026_77,,Self-taught
1031,2026,2026_81,,Self-taught
1032,2026,2026_82,,Self-taught
1033,2026,2026_85,,Self-taught
1034,2026,2026_87,,Self-taught
1035,2026,2026_88,,Self-taught
1036,2026,2026_89,,Self-taught
1037,2026,2026_90,,Self-taught
1038,2026,2026_91,,Self-taught
1039,2026,2026_92,,Self-taught
1040,2026,2026_93,,Self-taught
1041,2026,2026_94,,Self-taught
1042,2026,2026_95,,Self-taught
1043,2026,2026_97,,Self-taught
1044,2026,2026_98,,Self-taught
1045,2026,2026_101,,Self-taught
1046,2026,2026_102,,Self-taught
1047,2026,2026_103,,Self-taught
1048,2026,2026_105,,Self-taught
1049,2026,2026_107,,Self-taught
1050,2026,2026_108,,Self-taught
1051,2026,2026_109,,Self-taught
1052,2026,2026_110,,Self-taught
1053,2026,2026_115,,Self-taught
1054,2026,2026_116,,Self-taught
1055,2026,2026_117,,Self-taught
1056,2026,2026_118,,Self-taught
1057,2026,2026_119,,Self-taught
1058,2026,2026_120,,Self-taught
1059,2026,2026_121,,Self-taught
1060,2026,2026_122,,Self-taught
1061,2026,2026_123,,Self-taught
1062,2026,2026_124,,Self-taught
1063,2026,2026_125,,Self-taught
1064,2026,2026_128,,Self-taught
1065,2026,2026_130,,Self-taught
1066,2026,2026_132,,Self-taught
1067,2026,2026_133,,Self-taught
1068,2026,2026_134,,Self-taught
1069,2026,2026_135,,Self-taught
1070,2026,2026_136,,Self-taught
1071,2026,2026_140,,Self-taught
1072,2026,2026_142,,Self-taught
1073,2026,2026_144,,Self-taught
1074,2026,2026_145,,Self-taught
1075,2026,2026_147,,Self-taught
1076,2026,2026_148,,Self-taught
1077,2026,2026_149,,Self-taught
1078,2026,2026_150,,Self-taught
1079,2026,2026_151,,Self-taught
1080,2026,2026_153,,Self-taught
1081,2026,2026_154,,Self-taught
1082,2026,2026_157,,Self-taught
1083,2026,2026_162,,Self-taught
1084,2026,2026_163,,Self-taught
1085,2026,2026_167,,Self-taught
1086,2026,2026_168,,Self-taught
1087,2026,2026_169,,Self-taught
1088,2026,2026_170,,Self-taught
1089,2026,2026_176,,Self-taught
1090,2026,2026_177,,Self-taught
1091,2026,2026_181,,Self-taught
1092,2026,2026_183,,Self-taught
1093,2026,2026_185,,Self-taught
1094,2026,2026_187,,Self-taught
1095,2026,2026_189,,Self-taught
1096,2026,2026_190,,Self-taught
1097,2026,2026_191,,Self-taught
1098,2026,2026_192,,Self-taught
1099,2026,2026_193,Attending training courses while previously employed in private industry,Self-taught
1100,2026,2026_195,,Self-taught
1101,2026,2026_200,,Self-taught
1102,2026,2026_202,,Self-taught
1103,2026,2026_203,,Self-taught
1104,2026,2026_204,,Self-taught
1105,2026,2026_205,,Self-taught
1106,2026,2026_206,,Self-taught
1107,2026,2026_209,,Self-taught
1108,2026,2026_210,,Self-taught
1109,2026,2026_211,,Self-taught
1110,2026,2026_212,,Self-taught
1111,2026,2026_214,,Self-taught
1112,2026,2026_215,,Self-taught
1113,2026,2026_216,,Self-taught
1114,2026,2026_218,,Self-taught
1115,2026,2026_220,,Self-taught
1116,2026,2026_221,,Self-taught
1117,2026,2026_222,,Self-taught
1118,2026,2026_223,,Self-taught
1119,2026,2026_224,,Self-taught
1120,2026,2026_229,,Self-taught
1121,2026,2026_231,,Self-taught
1122,2026,2026_232,,Self-taught
1123,2026,2026_235,,Self-taught
1124,2026,2026_238,,Self-taught
1125,2026,2026_239,,Self-taught
1126,2026,2026_241,,Self-taught
1127,2026,2026_243,,Self-taught
1128,2026,2026_244,,Self-taught
1129,2026,2026_247,,Self-taught
1130,2026,2026_248,,Self-taught
1131,2026,2026_249,,Self-taught
1132,2026,2026_250,,Self-taught
1133,2026,2026_253,,Self-taught
1134,2026,2026_257,,Self-taught
1135,2026,2026_259,,Self-taught
1136,2026,2026_260,,Self-taught
1137,2026,2026_262,,Self-taught
1138,2026,2026_263,,Self-taught
1139,2026,2026_264,,Self-taught
1140,2026,2026_265,,Self-taught
1141,2026,2026_266,,Self-taught
1142,2026,2026_268,,Self-taught
1143,2026,2026_270,,Self-taught
1144,2026,2026_271,Apprenticeship,Self-taught
1145,2026,2026_272,,Self-taught
1146,2026,2026_273,,Self-taught
1147,2026,2026_275,,Self-taught
1148,2026,2026_277,,Self-taught
1149,2026,2026_279,,Self-taught
1150,2026,2026_281,,Self-taught
1151,2026,2026_282,,Self-taught
1152,2026,2026_284,,Self-taught
1153,2026,2026_285,,Self-taught
1154,2026,2026_289,,Self-taught
1155,2026,2026_291,,Self-taught
1156,2026,2026_292,,Self-taught
1157,2026,2026_295,,Self-taught
1158,2026,2026_296,,Self-taught
1159,2026,2026_297,,Self-taught
1160,2026,2026_298,,Self-taught
1161,2026,2026_299,,Self-taught
1162,2026,2026_302,,Self-taught
1163,2026,2026_304,,Self-taught
1164,2026,2026_306,,Self-taught
1165,2026,2026_307,,Self-taught
1166,2026,2026_309,,Self-taught
1167,2026,2026_311,,Self-taught
1168,2026,2026_312,,Self-taught
1169,2026,2026_313,,Self-taught
1170,2026,2026_315,,Self-taught
1171,2026,2026_317,,Self-taught
1172,2026,2026_319,,Self-taught
1173,2026,2026_322,,Self-taught
1174,2026,2026_325,,Self-taught
1175,2026,2026_326,,Self-taught
1176,2026,2026_328,,Self-taught
1177,2026,2026_331,,Self-taught
1178,2026,2026_334,,Self-taught
1179,2026,2026_341,,Self-taught
1180,2026,2026_342,,Self-taught
1181,2026,2026_343,,Self-taught
1182,2026,2026_344,,Self-taught
1183,2026,2026_346,,Self-taught
1184,2026,2026_349,,Self-taught
1185,2026,2026_350,,Self-taught
1186,2026,2026_351,,Self-taught
1187,2026,2026_352,previous work as consultant to artists,Self-taught
1188,2026,2026_353,,Self-taught
1189,2026,2026_355,,Self-taught
1190,2026,2026_356,,Self-taught
1191,2026,2026_357,,Self-taught
1192,2026,2026_358,,Self-taught
1193,2026,2026_360,,Self-taught
1194,2026,2026_362,,Self-taught
1195,2026,2026_363,,Self-taught
1196,2026,2026_365,,Self-taught
1197,2026,2026_369,,Self-taught
1198,2026,2026_371,,Self-taught
1199,2026,2026_373,,Self-taught
1200,2026,2026_376,,Self-taught
1201,2026,2026_378,,Self-taught
1202,2026,2026_379,,Self-taught
1203,2026,2026_381,,Self-taught
1204,2026,2026_382,,Self-taught
1205,2026,2026_385,,Self-taught
1206,2026,2026_387,,Self-taught
1207,2026,2026_388,,Self-taught
1208,2026,2026_389,,Self-taught
1209,2026,2026_390,,Self-taught
1210,2026,2026_391,,Self-taught
1211,2026,2026_394,,Self-taught
1212,2026,2026_395,,Self-taught
1213,2026,2026_396,,Self-taught
1214,2026,2026_403,,Self-taught
1215,2026,2026_408,,Self-taught
1216,2026,2026_413,Working on open source projects,Self-taught
1217,2026,2026_414,,Self-taught
1218,2026,2026_415,,Self-taught
1219,2026,2026_418,,Self-taught
1220,2026,2026_420,,Self-taught
1221,2026,2026_421,,Self-taught
1222,2026,2026_422,,Self-taught
1223,2026,2026_424,,Self-taught
1224,2026,2026_426,,Self-taught
1225,2026,2026_427,,Self-taught
1226,2026,2026_431,,Self-taught
1227,2026,2026_433,,Self-taught
1228,2026,2026_434,,Self-taught
1229,2026,2026_436,,Self-taught
1230,2026,2026_439,,Self-taught
1231,2026,2026_440,,Self-taught
1232,2026,2026_441,,Self-taught
1233,2026,2026_442,,Self-taught
1234,2026,2026_443,,Self-taught
1235,2026,2026_445,,Self-taught
1236,2026,2026_448,,Self-taught
1237,2026,2026_455,,Self-taught
1238,2026,2026_459,,Self-taught
1239,2026,2026_460,Previous employment,Self-taught
1240,2026,2026_461,,Self-taught
1241,2026,2026_466,,Self-taught
1242,2026,2026_467,,Self-taught
1243,2026,2026_468,,Self-taught
1244,2026,2026_470,,Self-taught
1245,2026,2026_471,,Self-taught
1246,2026,2026_472,,Self-taught
1247,2026,2026_474,"Online articles, Free talks on YouTube",Self-taught
1248,2026,2026_475,,Self-taught
1249,2026,2026_476,,Self-taught
1250,2026,2026_478,Industrial placement with software development team,Self-taught
1251,2026,2026_479,,Self-taught
1252,2026,2026_481,,Self-taught
1253,2026,2026_482,,Self-taught
1254,2026,2026_483,,Self-taught
1255,2026,2026_484,,Self-taught
1256,2026,2026_485,Co working with a Software Engineer who has a PhD in Software Patterns,Self-taught
1257,2026,2026_487,,Self-taught
1258,2026,2026_489,,Self-taught
1259,2026,2026_496,,Self-taught
1260,2026,2026_498,,Self-taught
1261,2026,2026_501,,Self-taught
1262,2026,2026_503,,Self-taught
1263,2026,2026_504,,Self-taught
1264,2026,2026_506,,Self-taught
1265,2026,2026_511,,Self-taught
1266,2026,2026_515,,Self-taught
1267,2026,2026_516,,Self-taught
1268,2026,2026_520,,Self-taught
1269,2026,2026_522,,Self-taught
1270,2026,2026_523,,Self-taught
1271,2026,2026_531,,Self-taught
1272,2026,2026_533,,Self-taught
1273,2026,2026_534,,Self-taught
1274,2026,2026_537,,Self-taught
1275,2026,2026_538,,Self-taught
1276,2026,2026_539,,Self-taught
1277,2026,2026_541,,Self-taught
1278,2026,2026_542,,Self-taught
1279,2026,2026_544,,Self-taught
1280,2026,2026_546,,Self-taught
1281,2026,2026_547,,Self-taught
1282,2026,2026_549,,Self-taught
1283,2026,2026_550,,Self-taught
1284,2026,2026_557,,Self-taught
1285,2026,2026_558,,Self-taught
1286,2026,2026_562,,Self-taught
1287,2026,2026_570,,Self-taught
1288,2026,2026_571,,Self-taught
1289,2026,2026_572,,Self-taught
1290,2026,2026_573,,Self-taught
1291,2026,2026_580,,Self-taught
1292,2026,2026_582,,Self-taught
1293,2026,2026_584,,Self-taught
1294,2026,2026_588,,Self-taught
1295,2026,2026_589,,Self-taught
1296,2026,2026_591,,Self-taught
1297,2026,2026_593,,Self-taught
1298,2026,2026_596,,Self-taught
1299,2026,2026_597,,Self-taught
1300,2026,2026_598,,Self-taught
1301,2026,2026_599,,Self-taught
1302,2026,2026_603,,Self-taught
1303,2026,2026_606,,Self-taught
1304,2026,2026_613,,Self-taught
1305,2026,2026_615,,Self-taught
1306,2026,2026_616,,Self-taught
1307,2026,2026_617,,Self-taught
1308,2026,2026_620,,Self-taught
1309,2026,2026_622,,Self-taught
1310,2026,2026_624,,Self-taught
1311,2026,2026_628,,Self-taught
1312,2026,2026_629,,Self-taught
1313,2026,2026_631,,Self-taught
1314,2026,2026_635,,Self-taught
1315,2026,2026_636,,Self-taught
1316,2026,2026_644,,Self-taught
1317,2026,2026_645,,Self-taught
1318,2026,2026_646,,Self-taught
1319,2026,2026_652,,Self-taught
1320,2026,2026_653,,Self-taught
1321,2026,2026_655,,Self-taught
1322,2026,2026_657,,Self-taught
1323,2026,2026_664,,Self-taught
1324,2026,2026_666,,Self-taught
1325,2026,2026_667,,Self-taught
1326,2026,2026_668,,Self-taught
1327,2026,2026_672,,Self-taught
1328,2026,2026_674,,Self-taught
1329,2026,2026_675,,Self-taught
1330,2026,2026_677,,Self-taught
1331,2026,2026_678,,Self-taught
1332,2026,2026_679,,Self-taught
1333,2026,2026_683,,Self-taught
1334,2026,2026_685,Previous industry experience,Self-taught
1335,2026,2026_687,,Self-taught
1336,2026,2026_689,,Self-taught
1337,2026,2026_690,,Self-taught
1338,2026,2026_692,,Self-taught
1339,2026,2026_694,,Self-taught
1340,2026,2026_696,,Self-taught
1341,2026,2026_698,,Self-taught
1342,2026,2026_700,,Self-taught
1343,2026,2026_704,University high-performance computing center staff,Self-taught
1344,2026,2026_706,,Self-taught
1345,2026,2026_708,,Self-taught
1346,2026,2026_711,,Self-taught
1347,2026,2026_715,,Self-taught
1348,2026,2026_716,,Self-taught
1349,2026,2026_718,,Self-taught
1350,2026,2026_719,,Self-taught
1351,2026,2026_721,,Self-taught
1352,2026,2026_722,,Self-taught
1353,2026,2026_723,,Self-taught
1354,2026,2026_724,,Self-taught
1355,2026,2026_730,,Self-taught
1356,2026,2026_731,,Self-taught
1357,2026,2026_732,,Self-taught
1358,2026,2026_736,,Self-taught
1359,2026,2026_737,,Self-taught
1360,2026,2026_740,,Self-taught
1361,2026,2026_741,,Self-taught
1362,2026,2026_744,,Self-taught
1363,2026,2026_747,,Self-taught
1364,2026,2026_749,,Self-taught
1365,2026,2026_750,,Self-taught
1366,2026,2026_751,,Self-taught
1367,2026,2026_753,,Self-taught
1368,2026,2026_755,,Self-taught
1369,2026,2026_756,,Self-taught
1370,2026,2026_758,,Self-taught
1371,2026,2026_759,,Self-taught
1372,2026,2026_761,,Self-taught
1373,2026,2026_762,,Self-taught
1374,2026,2026_764,,Self-taught
1375,2026,2026_768,Studium,Self-taught
1376,2026,2026_770,,Self-taught
1377,2026,2026_773,,Self-taught
1378,2026,2026_775,,Self-taught
1379,2026,2026_776,,Self-taught
1380,2026,2026_781,,Self-taught
1381,2026,2026_784,,Self-taught
1382,2026,2026_785,,Self-taught
1383,2026,2026_786,,Self-taught
1384,2026,2026_787,,Self-taught
1385,2026,2026_788,,Self-taught
1386,2026,2026_790,,Self-taught
1387,2026,2026_791,,Self-taught
1388,2026,2026_792,,Self-taught
1389,2026,2026_793,,Self-taught
1390,2026,2026_797,,Self-taught
1391,2026,2026_802,During my PhD,Self-taught
1392,2026,2026_804,,Self-taught
1393,2026,2026_805,,Self-taught
1394,2026,2026_806,,Self-taught
1395,2026,2026_810,,Self-taught
1396,2026,2026_811,,Self-taught
1397,2026,2026_812,,Self-taught
1398,2026,2026_815,,Self-taught
1399,2026,2026_816,,Self-taught
1400,2026,2026_817,,Self-taught
1401,2026,2026_818,,Self-taught
1402,2026,2026_819,,Self-taught
1403,2026,2026_820,,Self-taught
1404,2026,2026_821,,Self-taught
1405,2026,2026_825,,Self-taught
1406,2026,2026_826,Youtube mainly and Stack overflow ;),Self-taught
1407,2026,2026_829,,Self-taught
1408,2026,2026_834,,Self-taught
1409,2026,2026_836,,Self-taught
1410,2026,2026_838,,Self-taught
1411,2026,2026_841,,Self-taught
1412,2026,2026_842,,Self-taught
1413,2026,2026_844,,Self-taught
1414,2026,2026_845,,Self-taught
1415,2026,2026_850,,Self-taught
1416,2026,2026_854,,Self-taught
1417,2026,2026_856,,Self-taught
1418,2026,2026_857,,Self-taught
1419,2026,2026_859,,Self-taught
1420,2026,2026_861,,Self-taught
1421,2026,2026_862,,Self-taught
1422,2026,2026_864,,Self-taught
1423,2026,2026_867,,Self-taught
1424,2026,2026_868,,Self-taught
1425,2026,2026_869,,Self-taught
1426,2026,2026_870,,Self-taught
1427,2026,2026_871,,Self-taught
1428,2026,2026_873,,Self-taught
1429,2026,2026_875,,Self-taught
1430,2026,2026_877,,Self-taught
1431,2026,2026_878,,Self-taught
1432,2026,2026_880,,Self-taught
1433,2026,2026_881,,Self-taught
1434,2026,2026_882,,Self-taught
1435,2026,2026_883,,Self-taught
1436,2026,2026_884,,Self-taught
1437,2026,2026_885,,Self-taught
1438,2026,2026_886,,Self-taught
1439,2026,2026_891,,Self-taught
1440,2026,2026_894,,Self-taught
1441,2026,2026_896,,Self-taught
1442,2026,2026_897,,Self-taught
1443,2026,2026_898,,Self-taught
1444,2026,2026_900,,Self-taught
1445,2026,2026_902,,Self-taught
1446,2026,2026_903,,Self-taught
1447,2026,2026_904,,Self-taught
1448,2026,2026_905,,Self-taught
1449,2026,2026_906,,Self-taught
1450,2026,2026_909,,Self-taught
1451,2026,2026_910,,Self-taught
1452,2026,2026_914,,Self-taught
1453,2026,2026_918,,Self-taught
1454,2026,2026_923,,Self-taught
1455,2026,2026_924,Peers,Self-taught
1456,2026,2026_925,,Self-taught
1457,2026,2026_926,,Self-taught
1458,2026,2026_927,,Self-taught
1459,2026,2026_928,,Self-taught
1460,2026,2026_929,,Self-taught
1461,2026,2026_930,,Self-taught
1462,2026,2026_931,,Self-taught
1463,2026,2026_932,,Self-taught
1464,2026,2026_934,,Self-taught
1465,2026,2026_935,,Self-taught
1466,2026,2026_936,,Self-taught
1467,2026,2026_937,,Self-taught
1468,2026,2026_939,,Self-taught
1469,2026,2026_943,,Self-taught
1470,2026,2026_944,,Self-taught
1471,2026,2026_946,,Self-taught
1472,2026,2026_947,,Self-taught
1473,2026,2026_948,,Self-taught
1474,2026,2026_949,,Self-taught
1475,2026,2026_951,,Self-taught
1476,2026,2026_953,,Self-taught
1477,2026,2026_954,,Self-taught
1478,2026,2026_955,,Self-taught
1479,2026,2026_956,,Self-taught
1480,2026,2026_959,,Self-taught
1481,2026,2026_962,,Self-taught
1482,2026,2026_963,,Self-taught
1483,2026,2026_964,,Self-taught
1484,2026,2026_967,,Self-taught
1485,2026,2026_969,,Self-taught
1486,2026,2026_975,,Self-taught
1487,2026,2026_978,,Self-taught
1488,2026,2026_979,,Self-taught
1489,2026,2026_980,,Self-taught
1490,2026,2026_982,,Self-taught
1491,2026,2026_986,,Self-taught
1492,2026,2026_987,,Self-taught
1493,2026,2026_991,,Self-taught
1494,2026,2026_992,,Self-taught
1495,2026,2026_998,,Self-taught
1496,2026,2026_1002,,Self-taught
1497,2026,2026_1004,,Self-taught
1498,2026,2026_1007,,Self-taught
1499,2026,2026_1008,While working on my PhD that required modifying computational physics codes,Self-taught
1500,2026,2026_1009,,Self-taught
1501,2026,2026_1010,,Self-taught
1502,2026,2026_1011,,Self-taught
1503,2026,2026_1012,,Self-taught
1504,2026,2026_1014,,Self-taught
1505,2026,2026_1018,,Self-taught
1506,2026,2026_1019,,Self-taught
1507,2026,2026_1022,,Self-taught
1508,2026,2026_1026,,Self-taught
1509,2026,2026_1027,,Self-taught
1510,2026,2026_1030,,Self-taught
1511,2026,2026_1034,,Self-taught
1512,2026,2026_1036,,Self-taught
1513,2026,2026_1038,,Self-taught
1514,2026,2026_1042,,Self-taught
1515,2026,2026_1043,,Self-taught
1516,2026,2026_1045,,Self-taught
1517,2026,2026_1047,,Self-taught
1518,2026,2026_1050,,Self-taught
1519,2026,2026_1051,,Self-taught
1520,2026,2026_1052,,Self-taught
1521,2026,2026_1055,,Self-taught
1522,2026,2026_1056,,Self-taught
1523,2026,2026_1058,,Self-taught
1524,2026,2026_1060,,Self-taught
1525,2026,2026_1065,,Self-taught
1526,2026,2026_1068,,Self-taught
1527,2026,2026_1070,,Self-taught
1528,2026,2026_1073,,Self-taught
1529,2026,2026_1075,,Self-taught
1530,2026,2026_1076,,Self-taught
1531,2026,2026_1077,,Self-taught
1532,2026,2026_1078,,Self-taught
1533,2026,2026_1079,,Self-taught
1534,2026,2026_1080,,Self-taught
1535,2026,2026_1082,,Self-taught
1536,2026,2026_1083,,Self-taught
1537,2026,2026_1085,,Self-taught
1538,2026,2026_1086,,Self-taught
1539,2026,2026_1088,,Self-taught
1540,2026,2026_1092,,Self-taught
1541,2026,2026_1093,,Self-taught
1542,2026,2026_1094,,Self-taught
1543,2026,2026_1099,,Self-taught
1544,2026,2026_1101,,Self-taught
1545,2026,2026_1103,,Self-taught
1546,2026,2026_1104,,Self-taught
1547,2026,2026_1106,,Self-taught
1548,2026,2026_1109,,Self-taught
1549,2026,2026_1110,,Self-taught
1550,2026,2026_1112,,Self-taught
1551,2026,2026_1113,,Self-taught
1552,2026,2026_1114,,Self-taught
1553,2026,2026_1115,,Self-taught
1554,2026,2026_1116,,Self-taught
1555,2026,2026_1118,,Self-taught
1556,2026,2026_1119,,Self-taught
1557,2026,2026_1121,,Self-taught
1558,2026,2026_1124,,Self-taught
1559,2026,2026_1126,,Self-taught
1560,2026,2026_1128,,Self-taught
1561,2026,2026_1129,,Self-taught
1562,2026,2026_1131,,Self-taught
1563,2026,2026_1132,,Self-taught
1564,2026,2026_1134,,Self-taught
1565,2026,2026_1135,,Self-taught
1566,2026,2026_1137,,Self-taught
1567,2026,2026_1140,,Self-taught
1568,2026,2026_1143,,Self-taught
1569,2026,2026_1146,,Self-taught
1570,2026,2026_1148,,Self-taught
1571,2026,2026_1149,,Self-taught
1572,2026,2026_1150,,Self-taught
1573,2026,2026_1151,,Self-taught
1574,2026,2026_1152,,Self-taught
1575,2026,2026_1153,,Self-taught
1576,2026,2026_1154,,Self-taught
1577,2026,2026_1155,,Self-taught
1578,2026,2026_1157,,Self-taught
1579,2026,2026_1158,,Self-taught
1580,2026,2026_1159,,Self-taught
1581,2026,2026_1161,With AI help - I prompt for code in natural language.,Self-taught
1582,2026,2026_1162,,Self-taught
1583,2026,2026_8,,Summer schools or workshops
1584,2026,2026_15,,Summer schools or workshops
1585,2026,2026_23,,Summer schools or workshops
1586,2026,2026_29,,Summer schools or workshops
1587,2026,2026_34,,Summer schools or workshops
1588,2026,2026_35,,Summer schools or workshops
1589,2026,2026_60,,Summer schools or workshops
1590,2026,2026_72,,Summer schools or workshops
1591,2026,2026_85,,Summer schools or workshops
1592,2026,2026_87,,Summer schools or workshops
1593,2026,2026_97,,Summer schools or workshops
1594,2026,2026_105,,Summer schools or workshops
1595,2026,2026_106,,Summer schools or workshops
1596,2026,2026_115,,Summer schools or workshops
1597,2026,2026_121,,Summer schools or workshops
1598,2026,2026_123,,Summer schools or workshops
1599,2026,2026_127,,Summer schools or workshops
1600,2026,2026_128,,Summer schools or workshops
1601,2026,2026_133,,Summer schools or workshops
1602,2026,2026_148,,Summer schools or workshops
1603,2026,2026_149,,Summer schools or workshops
1604,2026,2026_157,,Summer schools or workshops
1605,2026,2026_190,,Summer schools or workshops
1606,2026,2026_192,,Summer schools or workshops
1607,2026,2026_209,,Summer schools or workshops
1608,2026,2026_224,,Summer schools or workshops
1609,2026,2026_229,,Summer schools or workshops
1610,2026,2026_231,,Summer schools or workshops
1611,2026,2026_241,,Summer schools or workshops
1612,2026,2026_262,,Summer schools or workshops
1613,2026,2026_272,,Summer schools or workshops
1614,2026,2026_279,,Summer schools or workshops
1615,2026,2026_282,,Summer schools or workshops
1616,2026,2026_291,,Summer schools or workshops
1617,2026,2026_292,,Summer schools or workshops
1618,2026,2026_299,,Summer schools or workshops
1619,2026,2026_302,,Summer schools or workshops
1620,2026,2026_307,,Summer schools or workshops
1621,2026,2026_309,,Summer schools or workshops
1622,2026,2026_330,Courses offered by CSC in Finland,Summer schools or workshops
1623,2026,2026_349,,Summer schools or workshops
1624,2026,2026_356,,Summer schools or workshops
1625,2026,2026_364,,Summer schools or workshops
1626,2026,2026_365,,Summer schools or workshops
1627,2026,2026_371,,Summer schools or workshops
1628,2026,2026_381,,Summer schools or workshops
1629,2026,2026_411,,Summer schools or workshops
1630,2026,2026_421,,Summer schools or workshops
1631,2026,2026_434,,Summer schools or workshops
1632,2026,2026_443,,Summer schools or workshops
1633,2026,2026_459,,Summer schools or workshops
1634,2026,2026_466,,Summer schools or workshops
1635,2026,2026_470,,Summer schools or workshops
1636,2026,2026_476,,Summer schools or workshops
1637,2026,2026_479,,Summer schools or workshops
1638,2026,2026_483,,Summer schools or workshops
1639,2026,2026_484,,Summer schools or workshops
1640,2026,2026_487,,Summer schools or workshops
1641,2026,2026_496,,Summer schools or workshops
1642,2026,2026_503,,Summer schools or workshops
1643,2026,2026_522,,Summer schools or workshops
1644,2026,2026_534,,Summer schools or workshops
1645,2026,2026_542,,Summer schools or workshops
1646,2026,2026_554,,Summer schools or workshops
1647,2026,2026_582,,Summer schools or workshops
1648,2026,2026_622,,Summer schools or workshops
1649,2026,2026_645,,Summer schools or workshops
1650,2026,2026_655,,Summer schools or workshops
1651,2026,2026_658,,Summer schools or workshops
1652,2026,2026_672,,Summer schools or workshops
1653,2026,2026_679,,Summer schools or workshops
1654,2026,2026_687,,Summer schools or workshops
1655,2026,2026_694,,Summer schools or workshops
1656,2026,2026_700,,Summer schools or workshops
1657,2026,2026_747,,Summer schools or workshops
1658,2026,2026_748,,Summer schools or workshops
1659,2026,2026_753,,Summer schools or workshops
1660,2026,2026_793,,Summer schools or workshops
1661,2026,2026_802,During my PhD,Summer schools or workshops
1662,2026,2026_804,,Summer schools or workshops
1663,2026,2026_805,,Summer schools or workshops
1664,2026,2026_818,,Summer schools or workshops
1665,2026,2026_846,,Summer schools or workshops
1666,2026,2026_850,,Summer schools or workshops
1667,2026,2026_866,,Summer schools or workshops
1668,2026,2026_875,,Summer schools or workshops
1669,2026,2026_878,,Summer schools or workshops
1670,2026,2026_887,,Summer schools or workshops
1671,2026,2026_896,,Summer schools or workshops
1672,2026,2026_900,,Summer schools or workshops
1673,2026,2026_902,,Summer schools or workshops
1674,2026,2026_904,,Summer schools or workshops
1675,2026,2026_906,,Summer schools or workshops
1676,2026,2026_925,,Summer schools or workshops
1677,2026,2026_926,,Summer schools or workshops
1678,2026,2026_929,,Summer schools or workshops
1679,2026,2026_931,,Summer schools or workshops
1680,2026,2026_934,,Summer schools or workshops
1681,2026,2026_942,,Summer schools or workshops
1682,2026,2026_944,,Summer schools or workshops
1683,2026,2026_952,,Summer schools or workshops
1684,2026,2026_962,,Summer schools or workshops
1685,2026,2026_963,,Summer schools or workshops
1686,2026,2026_975,,Summer schools or workshops
1687,2026,2026_978,,Summer schools or workshops
1688,2026,2026_1007,,Summer schools or workshops
1689,2026,2026_1018,,Summer schools or workshops
1690,2026,2026_1050,,Summer schools or workshops
1691,2026,2026_1051,,Summer schools or workshops
1692,2026,2026_1052,,Summer schools or workshops
1693,2026,2026_1065,,Summer schools or workshops
1694,2026,2026_1069,,Summer schools or workshops
1695,2026,2026_1101,,Summer schools or workshops
1696,2026,2026_1106,,Summer schools or workshops
1697,2026,2026_1109,,Summer schools or workshops
1698,2026,2026_1127,,Summer schools or workshops
1699,2026,2026_1128,,Summer schools or workshops
1700,2026,2026_1136,,Summer schools or workshops
1701,2026,2026_1149,,Summer schools or workshops
1702,2026,2026_1152,,Summer schools or workshops
1703,2026,2026_1155,,Summer schools or workshops
1704,2026,2026_1162,,Summer schools or workshops
1705,2026,2026_8,,University course or module
1706,2026,2026_9,,University course or module
1707,2026,2026_11,,University course or module
1708,2026,2026_16,,University course or module
1709,2026,2026_17,,University course or module
1710,2026,2026_18,,University course or module
1711,2026,2026_21,"Learned on-the-job as a SWE in industry, not in my current role in academia.",University course or module
1712,2026,2026_29,,University course or module
1713,2026,2026_30,,University course or module
1714,2026,2026_31,,University course or module
1715,2026,2026_32,,University course or module
1716,2026,2026_34,,University course or module
1717,2026,2026_35,,University course or module
1718,2026,2026_40,,University course or module
1719,2026,2026_48,,University course or module
1720,2026,2026_60,,University course or module
1721,2026,2026_61,,University course or module
1722,2026,2026_69,,University course or module
1723,2026,2026_70,,University course or module
1724,2026,2026_73,,University course or module
1725,2026,2026_77,,University course or module
1726,2026,2026_81,,University course or module
1727,2026,2026_82,,University course or module
1728,2026,2026_83,,University course or module
1729,2026,2026_84,,University course or module
1730,2026,2026_85,,University course or module
1731,2026,2026_88,,University course or module
1732,2026,2026_89,,University course or module
1733,2026,2026_90,,University course or module
1734,2026,2026_94,,University course or module
1735,2026,2026_97,,University course or module
1736,2026,2026_102,,University course or module
1737,2026,2026_107,,University course or module
1738,2026,2026_109,,University course or module
1739,2026,2026_110,,University course or module
1740,2026,2026_118,,University course or module
1741,2026,2026_123,,University course or module
1742,2026,2026_127,,University course or module
1743,2026,2026_128,,University course or module
1744,2026,2026_130,,University course or module
1745,2026,2026_134,,University course or module
1746,2026,2026_136,,University course or module
1747,2026,2026_140,,University course or module
1748,2026,2026_142,,University course or module
1749,2026,2026_143,,University course or module
1750,2026,2026_145,,University course or module
1751,2026,2026_146,,University course or module
1752,2026,2026_147,,University course or module
1753,2026,2026_148,,University course or module
1754,2026,2026_149,,University course or module
1755,2026,2026_153,,University course or module
1756,2026,2026_154,,University course or module
1757,2026,2026_162,,University course or module
1758,2026,2026_170,,University course or module
1759,2026,2026_177,,University course or module
1760,2026,2026_189,,University course or module
1761,2026,2026_190,,University course or module
1762,2026,2026_192,,University course or module
1763,2026,2026_193,Attending training courses while previously employed in private industry,University course or module
1764,2026,2026_194,,University course or module
1765,2026,2026_196,,University course or module
1766,2026,2026_197,,University course or module
1767,2026,2026_206,,University course or module
1768,2026,2026_210,,University course or module
1769,2026,2026_215,,University course or module
1770,2026,2026_219,,University course or module
1771,2026,2026_222,,University course or module
1772,2026,2026_223,,University course or module
1773,2026,2026_224,,University course or module
1774,2026,2026_227,,University course or module
1775,2026,2026_228,,University course or module
1776,2026,2026_229,,University course or module
1777,2026,2026_238,,University course or module
1778,2026,2026_241,,University course or module
1779,2026,2026_244,,University course or module
1780,2026,2026_246,,University course or module
1781,2026,2026_247,,University course or module
1782,2026,2026_249,,University course or module
1783,2026,2026_250,,University course or module
1784,2026,2026_260,,University course or module
1785,2026,2026_263,,University course or module
1786,2026,2026_265,,University course or module
1787,2026,2026_266,,University course or module
1788,2026,2026_268,,University course or module
1789,2026,2026_270,,University course or module
1790,2026,2026_275,,University course or module
1791,2026,2026_277,,University course or module
1792,2026,2026_284,,University course or module
1793,2026,2026_285,,University course or module
1794,2026,2026_289,,University course or module
1795,2026,2026_290,,University course or module
1796,2026,2026_291,,University course or module
1797,2026,2026_294,,University course or module
1798,2026,2026_298,,University course or module
1799,2026,2026_305,,University course or module
1800,2026,2026_307,,University course or module
1801,2026,2026_309,,University course or module
1802,2026,2026_315,,University course or module
1803,2026,2026_317,,University course or module
1804,2026,2026_320,,University course or module
1805,2026,2026_325,,University course or module
1806,2026,2026_326,,University course or module
1807,2026,2026_328,,University course or module
1808,2026,2026_331,,University course or module
1809,2026,2026_334,,University course or module
1810,2026,2026_336,,University course or module
1811,2026,2026_340,,University course or module
1812,2026,2026_341,,University course or module
1813,2026,2026_343,,University course or module
1814,2026,2026_344,,University course or module
1815,2026,2026_346,,University course or module
1816,2026,2026_351,,University course or module
1817,2026,2026_356,,University course or module
1818,2026,2026_357,,University course or module
1819,2026,2026_358,,University course or module
1820,2026,2026_359,,University course or module
1821,2026,2026_364,,University course or module
1822,2026,2026_366,,University course or module
1823,2026,2026_367,,University course or module
1824,2026,2026_371,,University course or module
1825,2026,2026_373,,University course or module
1826,2026,2026_377,,University course or module
1827,2026,2026_378,,University course or module
1828,2026,2026_386,,University course or module
1829,2026,2026_390,,University course or module
1830,2026,2026_393,,University course or module
1831,2026,2026_394,,University course or module
1832,2026,2026_396,,University course or module
1833,2026,2026_405,,University course or module
1834,2026,2026_407,,University course or module
1835,2026,2026_411,,University course or module
1836,2026,2026_412,,University course or module
1837,2026,2026_415,,University course or module
1838,2026,2026_418,,University course or module
1839,2026,2026_420,,University course or module
1840,2026,2026_424,,University course or module
1841,2026,2026_431,,University course or module
1842,2026,2026_433,,University course or module
1843,2026,2026_434,,University course or module
1844,2026,2026_436,,University course or module
1845,2026,2026_437,,University course or module
1846,2026,2026_439,,University course or module
1847,2026,2026_440,,University course or module
1848,2026,2026_445,,University course or module
1849,2026,2026_446,,University course or module
1850,2026,2026_452,,University course or module
1851,2026,2026_456,Carpentries workshop,University course or module
1852,2026,2026_458,,University course or module
1853,2026,2026_467,,University course or module
1854,2026,2026_468,,University course or module
1855,2026,2026_470,,University course or module
1856,2026,2026_472,,University course or module
1857,2026,2026_474,"Online articles, Free talks on YouTube",University course or module
1858,2026,2026_478,Industrial placement with software development team,University course or module
1859,2026,2026_483,,University course or module
1860,2026,2026_484,,University course or module
1861,2026,2026_486,,University course or module
1862,2026,2026_496,,University course or module
1863,2026,2026_503,,University course or module
1864,2026,2026_504,,University course or module
1865,2026,2026_506,,University course or module
1866,2026,2026_510,,University course or module
1867,2026,2026_515,,University course or module
1868,2026,2026_517,,University course or module
1869,2026,2026_521,,University course or module
1870,2026,2026_534,,University course or module
1871,2026,2026_538,,University course or module
1872,2026,2026_541,,University course or module
1873,2026,2026_543,,University course or module
1874,2026,2026_544,,University course or module
1875,2026,2026_545,,University course or module
1876,2026,2026_547,,University course or module
1877,2026,2026_549,,University course or module
1878,2026,2026_550,,University course or module
1879,2026,2026_552,,University course or module
1880,2026,2026_558,,University course or module
1881,2026,2026_571,,University course or module
1882,2026,2026_572,,University course or module
1883,2026,2026_573,,University course or module
1884,2026,2026_593,,University course or module
1885,2026,2026_596,,University course or module
1886,2026,2026_597,,University course or module
1887,2026,2026_603,,University course or module
1888,2026,2026_604,,University course or module
1889,2026,2026_606,,University course or module
1890,2026,2026_612,,University course or module
1891,2026,2026_615,,University course or module
1892,2026,2026_616,,University course or module
1893,2026,2026_617,,University course or module
1894,2026,2026_621,,University course or module
1895,2026,2026_622,,University course or module
1896,2026,2026_625,,University course or module
1897,2026,2026_636,,University course or module
1898,2026,2026_645,,University course or module
1899,2026,2026_646,,University course or module
1900,2026,2026_663,,University course or module
1901,2026,2026_664,,University course or module
1902,2026,2026_668,,University course or module
1903,2026,2026_671,,University course or module
1904,2026,2026_672,,University course or module
1905,2026,2026_675,,University course or module
1906,2026,2026_678,,University course or module
1907,2026,2026_680,,University course or module
1908,2026,2026_687,,University course or module
1909,2026,2026_689,,University course or module
1910,2026,2026_690,,University course or module
1911,2026,2026_694,,University course or module
1912,2026,2026_697,,University course or module
1913,2026,2026_700,,University course or module
1914,2026,2026_701,,University course or module
1915,2026,2026_705,,University course or module
1916,2026,2026_707,,University course or module
1917,2026,2026_709,,University course or module
1918,2026,2026_711,,University course or module
1919,2026,2026_713,,University course or module
1920,2026,2026_716,,University course or module
1921,2026,2026_719,,University course or module
1922,2026,2026_722,,University course or module
1923,2026,2026_724,,University course or module
1924,2026,2026_730,,University course or module
1925,2026,2026_731,,University course or module
1926,2026,2026_732,,University course or module
1927,2026,2026_744,,University course or module
1928,2026,2026_746,,University course or module
1929,2026,2026_747,,University course or module
1930,2026,2026_748,,University course or module
1931,2026,2026_750,,University course or module
1932,2026,2026_751,,University course or module
1933,2026,2026_753,,University course or module
1934,2026,2026_755,,University course or module
1935,2026,2026_756,,University course or module
1936,2026,2026_761,,University course or module
1937,2026,2026_762,,University course or module
1938,2026,2026_768,Studium,University course or module
1939,2026,2026_769,,University course or module
1940,2026,2026_773,,University course or module
1941,2026,2026_775,,University course or module
1942,2026,2026_779,,University course or module
1943,2026,2026_781,,University course or module
1944,2026,2026_785,,University course or module
1945,2026,2026_787,,University course or module
1946,2026,2026_790,,University course or module
1947,2026,2026_793,,University course or module
1948,2026,2026_797,,University course or module
1949,2026,2026_801,,University course or module
1950,2026,2026_805,,University course or module
1951,2026,2026_806,,University course or module
1952,2026,2026_810,,University course or module
1953,2026,2026_815,,University course or module
1954,2026,2026_816,,University course or module
1955,2026,2026_819,,University course or module
1956,2026,2026_820,,University course or module
1957,2026,2026_821,,University course or module
1958,2026,2026_822,,University course or module
1959,2026,2026_826,Youtube mainly and Stack overflow ;),University course or module
1960,2026,2026_831,,University course or module
1961,2026,2026_836,,University course or module
1962,2026,2026_838,,University course or module
1963,2026,2026_842,,University course or module
1964,2026,2026_844,,University course or module
1965,2026,2026_845,,University course or module
1966,2026,2026_846,,University course or module
1967,2026,2026_850,,University course or module
1968,2026,2026_864,,University course or module
1969,2026,2026_867,,University course or module
1970,2026,2026_869,,University course or module
1971,2026,2026_874,"Books, youtube",University course or module
1972,2026,2026_878,,University course or module
1973,2026,2026_881,,University course or module
1974,2026,2026_883,,University course or module
1975,2026,2026_885,,University course or module
1976,2026,2026_886,,University course or module
1977,2026,2026_887,,University course or module
1978,2026,2026_891,,University course or module
1979,2026,2026_892,,University course or module
1980,2026,2026_894,,University course or module
1981,2026,2026_895,,University course or module
1982,2026,2026_896,,University course or module
1983,2026,2026_898,,University course or module
1984,2026,2026_900,,University course or module
1985,2026,2026_901,,University course or module
1986,2026,2026_904,,University course or module
1987,2026,2026_905,,University course or module
1988,2026,2026_906,,University course or module
1989,2026,2026_920,,University course or module
1990,2026,2026_929,,University course or module
1991,2026,2026_930,,University course or module
1992,2026,2026_931,,University course or module
1993,2026,2026_934,,University course or module
1994,2026,2026_938,Industry,University course or module
1995,2026,2026_942,,University course or module
1996,2026,2026_944,,University course or module
1997,2026,2026_956,,University course or module
1998,2026,2026_959,,University course or module
1999,2026,2026_961,,University course or module
2000,2026,2026_963,,University course or module
2001,2026,2026_964,,University course or module
2002,2026,2026_968,,University course or module
2003,2026,2026_969,,University course or module
2004,2026,2026_973,,University course or module
2005,2026,2026_979,,University course or module
2006,2026,2026_981,,University course or module
2007,2026,2026_986,,University course or module
2008,2026,2026_987,,University course or module
2009,2026,2026_991,,University course or module
2010,2026,2026_995,,University course or module
2011,2026,2026_998,,University course or module
2012,2026,2026_1000,,University course or module
2013,2026,2026_1001,,University course or module
2014,2026,2026_1002,,University course or module
2015,2026,2026_1004,,University course or module
2016,2026,2026_1007,,University course or module
2017,2026,2026_1009,,University course or module
2018,2026,2026_1010,,University course or module
2019,2026,2026_1012,,University course or module
2020,2026,2026_1017,,University course or module
2021,2026,2026_1019,,University course or module
2022,2026,2026_1023,,University course or module
2023,2026,2026_1024,,University course or module
2024,2026,2026_1026,,University course or module
2025,2026,2026_1027,,University course or module
2026,2026,2026_1028,,University course or module
2027,2026,2026_1029,,University course or module
2028,2026,2026_1034,,University course or module
2029,2026,2026_1035,,University course or module
2030,2026,2026_1036,,University course or module
2031,2026,2026_1038,,University course or module
2032,2026,2026_1040,,University course or module
2033,2026,2026_1044,,University course or module
2034,2026,2026_1046,,University course or module
2035,2026,2026_1047,,University course or module
2036,2026,2026_1048,,University course or module
2037,2026,2026_1055,,University course or module
2038,2026,2026_1058,,University course or module
2039,2026,2026_1060,,University course or module
2040,2026,2026_1065,,University course or module
2041,2026,2026_1070,,University course or module
2042,2026,2026_1073,,University course or module
2043,2026,2026_1077,,University course or module
2044,2026,2026_1080,,University course or module
2045,2026,2026_1081,,University course or module
2046,2026,2026_1085,,University course or module
2047,2026,2026_1091,,University course or module
2048,2026,2026_1092,,University course or module
2049,2026,2026_1093,,University course or module
2050,2026,2026_1106,,University course or module
2051,2026,2026_1109,,University course or module
2052,2026,2026_1118,,University course or module
2053,2026,2026_1124,,University course or module
2054,2026,2026_1125,,University course or module
2055,2026,2026_1126,,University course or module
2056,2026,2026_1128,,University course or module
2057,2026,2026_1129,,University course or module
2058,2026,2026_1130,,University course or module
2059,2026,2026_1131,,University course or module
2060,2026,2026_1133,,University course or module
2061,2026,2026_1140,,University course or module
2062,2026,2026_1144,,University course or module
2063,2026,2026_1146,,University course or module
2064,2026,2026_1149,,University course or module
2065,2026,2026_1150,,University course or module
2066,2026,2026_1152,,University course or module
2067,2026,2026_1153,,University course or module
2068,2026,2026_1155,,University course or module
2069,2026,2026_1157,,University course or module
2070,2026,2026_1159,,University course or module
