,Year_0,row_id,genAI2[other]_0,genAI2
0,2026,2026_5,,Writing or debugging code
1,2026,2026_8,,Writing or debugging code
2,2026,2026_9,Improving the wording of written stuff.,Writing or debugging code
3,2026,2026_10,,Writing or debugging code
4,2026,2026_11,,Writing or debugging code
5,2026,2026_15,,Writing or debugging code
6,2026,2026_16,,Writing or debugging code
7,2026,2026_17,General non-technical communication,Writing or debugging code
8,2026,2026_18,,Writing or debugging code
9,2026,2026_21,,Writing or debugging code
10,2026,2026_24,,Writing or debugging code
11,2026,2026_27,,Writing or debugging code
12,2026,2026_29,,Writing or debugging code
13,2026,2026_34,,Writing or debugging code
14,2026,2026_35,,Writing or debugging code
15,2026,2026_41,,Writing or debugging code
16,2026,2026_44,Improving written material such as emails and blog posts,Writing or debugging code
17,2026,2026_45,,Writing or debugging code
18,2026,2026_48,Making sense of code written by others,Writing or debugging code
19,2026,2026_49,,Writing or debugging code
20,2026,2026_51,,Writing or debugging code
21,2026,2026_56,,Writing or debugging code
22,2026,2026_59,,Writing or debugging code
23,2026,2026_65,Datenanreicherung,Writing or debugging code
24,2026,2026_66,,Writing or debugging code
25,2026,2026_67,,Writing or debugging code
26,2026,2026_69,,Writing or debugging code
27,2026,2026_72,,Writing or debugging code
28,2026,2026_73,,Writing or debugging code
29,2026,2026_76,,Writing or debugging code
30,2026,2026_81,,Writing or debugging code
31,2026,2026_82,I use it to summarize/check my own writing to check for clarity,Writing or debugging code
32,2026,2026_83,,Writing or debugging code
33,2026,2026_84,,Writing or debugging code
34,2026,2026_88,,Writing or debugging code
35,2026,2026_89,,Writing or debugging code
36,2026,2026_90,,Writing or debugging code
37,2026,2026_91,,Writing or debugging code
38,2026,2026_92,,Writing or debugging code
39,2026,2026_93,"refactoring, exploratory prigramming",Writing or debugging code
40,2026,2026_94,,Writing or debugging code
41,2026,2026_102,,Writing or debugging code
42,2026,2026_103,,Writing or debugging code
43,2026,2026_105,,Writing or debugging code
44,2026,2026_107,"Turning my ""infodumps"" into coherent sets of talking points that I can then write to when creating proposals, documentations, papers, etc.",Writing or debugging code
45,2026,2026_109,,Writing or debugging code
46,2026,2026_117,,Writing or debugging code
47,2026,2026_118,,Writing or debugging code
48,2026,2026_122,,Writing or debugging code
49,2026,2026_124,brainstorming,Writing or debugging code
50,2026,2026_125,,Writing or debugging code
51,2026,2026_127,,Writing or debugging code
52,2026,2026_128,,Writing or debugging code
53,2026,2026_130,,Writing or debugging code
54,2026,2026_132,,Writing or debugging code
55,2026,2026_133,,Writing or debugging code
56,2026,2026_134,,Writing or debugging code
57,2026,2026_135,,Writing or debugging code
58,2026,2026_136,"Spelling/grammar checking, code review/linting",Writing or debugging code
59,2026,2026_140,,Writing or debugging code
60,2026,2026_142,,Writing or debugging code
61,2026,2026_143,,Writing or debugging code
62,2026,2026_144,,Writing or debugging code
63,2026,2026_145,,Writing or debugging code
64,2026,2026_146,,Writing or debugging code
65,2026,2026_148,,Writing or debugging code
66,2026,2026_151,,Writing or debugging code
67,2026,2026_153,,Writing or debugging code
68,2026,2026_157,,Writing or debugging code
69,2026,2026_167,,Writing or debugging code
70,2026,2026_170,,Writing or debugging code
71,2026,2026_177,,Writing or debugging code
72,2026,2026_180,,Writing or debugging code
73,2026,2026_181,,Writing or debugging code
74,2026,2026_183,,Writing or debugging code
75,2026,2026_185,Writing documents in general,Writing or debugging code
76,2026,2026_187,,Writing or debugging code
77,2026,2026_188,,Writing or debugging code
78,2026,2026_190,,Writing or debugging code
79,2026,2026_191,,Writing or debugging code
80,2026,2026_194,,Writing or debugging code
81,2026,2026_195,,Writing or debugging code
82,2026,2026_196,Helping navigate (to me) foreign large code bases ,Writing or debugging code
83,2026,2026_203,,Writing or debugging code
84,2026,2026_205,,Writing or debugging code
85,2026,2026_209,,Writing or debugging code
86,2026,2026_210,,Writing or debugging code
87,2026,2026_212,,Writing or debugging code
88,2026,2026_214,,Writing or debugging code
89,2026,2026_215,,Writing or debugging code
90,2026,2026_216,,Writing or debugging code
91,2026,2026_217,,Writing or debugging code
92,2026,2026_218,,Writing or debugging code
93,2026,2026_221,,Writing or debugging code
94,2026,2026_222,,Writing or debugging code
95,2026,2026_223,,Writing or debugging code
96,2026,2026_228,,Writing or debugging code
97,2026,2026_231,,Writing or debugging code
98,2026,2026_235,,Writing or debugging code
99,2026,2026_236,"Natural language processing tasks (text classification, sentiment analysis, data extraction from unstructured text data)",Writing or debugging code
100,2026,2026_238,,Writing or debugging code
101,2026,2026_239,,Writing or debugging code
102,2026,2026_240,,Writing or debugging code
103,2026,2026_241,,Writing or debugging code
104,2026,2026_244,,Writing or debugging code
105,2026,2026_246,,Writing or debugging code
106,2026,2026_247,,Writing or debugging code
107,2026,2026_248,,Writing or debugging code
108,2026,2026_253,,Writing or debugging code
109,2026,2026_257,,Writing or debugging code
110,2026,2026_259,,Writing or debugging code
111,2026,2026_263,,Writing or debugging code
112,2026,2026_264,,Writing or debugging code
113,2026,2026_265,,Writing or debugging code
114,2026,2026_266,,Writing or debugging code
115,2026,2026_267,,Writing or debugging code
116,2026,2026_268,,Writing or debugging code
117,2026,2026_270,Documenting existing codebases by other authors,Writing or debugging code
118,2026,2026_272,,Writing or debugging code
119,2026,2026_273,,Writing or debugging code
120,2026,2026_275,,Writing or debugging code
121,2026,2026_277,,Writing or debugging code
122,2026,2026_279,,Writing or debugging code
123,2026,2026_281,Writing non-technical overviews of projects or proposals,Writing or debugging code
124,2026,2026_282,,Writing or debugging code
125,2026,2026_284,,Writing or debugging code
126,2026,2026_289,,Writing or debugging code
127,2026,2026_290,,Writing or debugging code
128,2026,2026_291,,Writing or debugging code
129,2026,2026_294,,Writing or debugging code
130,2026,2026_296,,Writing or debugging code
131,2026,2026_297,,Writing or debugging code
132,2026,2026_298,,Writing or debugging code
133,2026,2026_299,,Writing or debugging code
134,2026,2026_307,,Writing or debugging code
135,2026,2026_309,,Writing or debugging code
136,2026,2026_311,,Writing or debugging code
137,2026,2026_312,,Writing or debugging code
138,2026,2026_313,,Writing or debugging code
139,2026,2026_316,,Writing or debugging code
140,2026,2026_317,,Writing or debugging code
141,2026,2026_319,,Writing or debugging code
142,2026,2026_322,,Writing or debugging code
143,2026,2026_325,,Writing or debugging code
144,2026,2026_326,,Writing or debugging code
145,2026,2026_331,,Writing or debugging code
146,2026,2026_333,,Writing or debugging code
147,2026,2026_334,,Writing or debugging code
148,2026,2026_338,,Writing or debugging code
149,2026,2026_340,,Writing or debugging code
150,2026,2026_343,,Writing or debugging code
151,2026,2026_344,,Writing or debugging code
152,2026,2026_346,,Writing or debugging code
153,2026,2026_350,,Writing or debugging code
154,2026,2026_351,question on how to use a library or which libraries exist for a specific problem,Writing or debugging code
155,2026,2026_352,,Writing or debugging code
156,2026,2026_353,,Writing or debugging code
157,2026,2026_355,,Writing or debugging code
158,2026,2026_356,,Writing or debugging code
159,2026,2026_359,,Writing or debugging code
160,2026,2026_362,,Writing or debugging code
161,2026,2026_363,,Writing or debugging code
162,2026,2026_364,,Writing or debugging code
163,2026,2026_365,,Writing or debugging code
164,2026,2026_366,,Writing or debugging code
165,2026,2026_367,Creating scaffolding or generating ideas on how to solve a problem (code outlines rather than finished code),Writing or debugging code
166,2026,2026_369,,Writing or debugging code
167,2026,2026_371,,Writing or debugging code
168,2026,2026_372,,Writing or debugging code
169,2026,2026_376,,Writing or debugging code
170,2026,2026_377,,Writing or debugging code
171,2026,2026_378,,Writing or debugging code
172,2026,2026_379,"Understanding code, and choices (pros and cons of choosing the technology and tradeoffs)",Writing or debugging code
173,2026,2026_381,,Writing or debugging code
174,2026,2026_382,,Writing or debugging code
175,2026,2026_385,,Writing or debugging code
176,2026,2026_393,,Writing or debugging code
177,2026,2026_396,,Writing or debugging code
178,2026,2026_403,,Writing or debugging code
179,2026,2026_408,,Writing or debugging code
180,2026,2026_411,,Writing or debugging code
181,2026,2026_412,,Writing or debugging code
182,2026,2026_413,,Writing or debugging code
183,2026,2026_414,,Writing or debugging code
184,2026,2026_415,,Writing or debugging code
185,2026,2026_418,,Writing or debugging code
186,2026,2026_420,,Writing or debugging code
187,2026,2026_421,,Writing or debugging code
188,2026,2026_422,,Writing or debugging code
189,2026,2026_424,,Writing or debugging code
190,2026,2026_425,,Writing or debugging code
191,2026,2026_427,,Writing or debugging code
192,2026,2026_431,,Writing or debugging code
193,2026,2026_433,,Writing or debugging code
194,2026,2026_437,,Writing or debugging code
195,2026,2026_439,,Writing or debugging code
196,2026,2026_442,,Writing or debugging code
197,2026,2026_443,,Writing or debugging code
198,2026,2026_446,,Writing or debugging code
199,2026,2026_448,,Writing or debugging code
200,2026,2026_452,,Writing or debugging code
201,2026,2026_459,,Writing or debugging code
202,2026,2026_461,,Writing or debugging code
203,2026,2026_466,,Writing or debugging code
204,2026,2026_468,,Writing or debugging code
205,2026,2026_469,,Writing or debugging code
206,2026,2026_470,,Writing or debugging code
207,2026,2026_472,,Writing or debugging code
208,2026,2026_474,,Writing or debugging code
209,2026,2026_475,,Writing or debugging code
210,2026,2026_479,,Writing or debugging code
211,2026,2026_483,,Writing or debugging code
212,2026,2026_484,,Writing or debugging code
213,2026,2026_488,,Writing or debugging code
214,2026,2026_489,,Writing or debugging code
215,2026,2026_496,,Writing or debugging code
216,2026,2026_498,,Writing or debugging code
217,2026,2026_501,Conceptualising project ideas,Writing or debugging code
218,2026,2026_504,,Writing or debugging code
219,2026,2026_506,,Writing or debugging code
220,2026,2026_511,,Writing or debugging code
221,2026,2026_512,,Writing or debugging code
222,2026,2026_514,,Writing or debugging code
223,2026,2026_515,,Writing or debugging code
224,2026,2026_516,"reviewing my code or code from others, research on technical solutions, to get the domain knowledge that I need for the current projects",Writing or debugging code
225,2026,2026_517,,Writing or debugging code
226,2026,2026_520,,Writing or debugging code
227,2026,2026_521,,Writing or debugging code
228,2026,2026_523,,Writing or debugging code
229,2026,2026_534,,Writing or debugging code
230,2026,2026_537,,Writing or debugging code
231,2026,2026_538,,Writing or debugging code
232,2026,2026_539,,Writing or debugging code
233,2026,2026_541,,Writing or debugging code
234,2026,2026_543,Naming variables and concepts,Writing or debugging code
235,2026,2026_544,,Writing or debugging code
236,2026,2026_545,,Writing or debugging code
237,2026,2026_547,,Writing or debugging code
238,2026,2026_550,,Writing or debugging code
239,2026,2026_552,,Writing or debugging code
240,2026,2026_554,,Writing or debugging code
241,2026,2026_557,,Writing or debugging code
242,2026,2026_562,,Writing or debugging code
243,2026,2026_570,,Writing or debugging code
244,2026,2026_571,,Writing or debugging code
245,2026,2026_573,,Writing or debugging code
246,2026,2026_577,,Writing or debugging code
247,2026,2026_582,,Writing or debugging code
248,2026,2026_589,,Writing or debugging code
249,2026,2026_591,,Writing or debugging code
250,2026,2026_593,,Writing or debugging code
251,2026,2026_596,,Writing or debugging code
252,2026,2026_597,,Writing or debugging code
253,2026,2026_598,,Writing or debugging code
254,2026,2026_599,,Writing or debugging code
255,2026,2026_600,,Writing or debugging code
256,2026,2026_603,"Verstehen von Code, Abwägen von Ideen",Writing or debugging code
257,2026,2026_604,,Writing or debugging code
258,2026,2026_612,,Writing or debugging code
259,2026,2026_616,,Writing or debugging code
260,2026,2026_620,,Writing or debugging code
261,2026,2026_622,,Writing or debugging code
262,2026,2026_624,,Writing or debugging code
263,2026,2026_625,,Writing or debugging code
264,2026,2026_631,,Writing or debugging code
265,2026,2026_635,,Writing or debugging code
266,2026,2026_645,,Writing or debugging code
267,2026,2026_649,,Writing or debugging code
268,2026,2026_653,,Writing or debugging code
269,2026,2026_654,,Writing or debugging code
270,2026,2026_657,,Writing or debugging code
271,2026,2026_658,,Writing or debugging code
272,2026,2026_662,,Writing or debugging code
273,2026,2026_663,,Writing or debugging code
274,2026,2026_664,,Writing or debugging code
275,2026,2026_666,,Writing or debugging code
276,2026,2026_668,,Writing or debugging code
277,2026,2026_671,,Writing or debugging code
278,2026,2026_672,,Writing or debugging code
279,2026,2026_674,,Writing or debugging code
280,2026,2026_678,,Writing or debugging code
281,2026,2026_679,,Writing or debugging code
282,2026,2026_680,,Writing or debugging code
283,2026,2026_683,,Writing or debugging code
284,2026,2026_684,,Writing or debugging code
285,2026,2026_685,,Writing or debugging code
286,2026,2026_687,,Writing or debugging code
287,2026,2026_689,,Writing or debugging code
288,2026,2026_690,,Writing or debugging code
289,2026,2026_692,,Writing or debugging code
290,2026,2026_697,,Writing or debugging code
291,2026,2026_698,,Writing or debugging code
292,2026,2026_700,,Writing or debugging code
293,2026,2026_701,,Writing or debugging code
294,2026,2026_705,,Writing or debugging code
295,2026,2026_707,,Writing or debugging code
296,2026,2026_708,,Writing or debugging code
297,2026,2026_709,,Writing or debugging code
298,2026,2026_715,,Writing or debugging code
299,2026,2026_716,,Writing or debugging code
300,2026,2026_718,,Writing or debugging code
301,2026,2026_719,,Writing or debugging code
302,2026,2026_721,,Writing or debugging code
303,2026,2026_722,,Writing or debugging code
304,2026,2026_723,testing crazy ideas to see how much change they would introduce before writing them myself; also a fair amount for maintaining code (e.g. newer depedency versions),Writing or debugging code
305,2026,2026_724,,Writing or debugging code
306,2026,2026_727,,Writing or debugging code
307,2026,2026_732,,Writing or debugging code
308,2026,2026_737,,Writing or debugging code
309,2026,2026_740,,Writing or debugging code
310,2026,2026_744,,Writing or debugging code
311,2026,2026_746,,Writing or debugging code
312,2026,2026_749,,Writing or debugging code
313,2026,2026_750,,Writing or debugging code
314,2026,2026_755,"AI is rarely good enough to get the job done, but it's a good launching pad.",Writing or debugging code
315,2026,2026_756,,Writing or debugging code
316,2026,2026_758,,Writing or debugging code
317,2026,2026_759,,Writing or debugging code
318,2026,2026_761,,Writing or debugging code
319,2026,2026_762,,Writing or debugging code
320,2026,2026_764,"Getting information about syntax, pattern implementation, best practices, tooling, etc.",Writing or debugging code
321,2026,2026_765,,Writing or debugging code
322,2026,2026_768,,Writing or debugging code
323,2026,2026_769,,Writing or debugging code
324,2026,2026_773,,Writing or debugging code
325,2026,2026_781,,Writing or debugging code
326,2026,2026_782,,Writing or debugging code
327,2026,2026_786,,Writing or debugging code
328,2026,2026_787,,Writing or debugging code
329,2026,2026_788,,Writing or debugging code
330,2026,2026_791,,Writing or debugging code
331,2026,2026_792,,Writing or debugging code
332,2026,2026_793,,Writing or debugging code
333,2026,2026_801,,Writing or debugging code
334,2026,2026_802,,Writing or debugging code
335,2026,2026_806,,Writing or debugging code
336,2026,2026_810,,Writing or debugging code
337,2026,2026_811,,Writing or debugging code
338,2026,2026_815,Learn how to apply new or unknown technologies,Writing or debugging code
339,2026,2026_816,,Writing or debugging code
340,2026,2026_819,,Writing or debugging code
341,2026,2026_821,,Writing or debugging code
342,2026,2026_822,,Writing or debugging code
343,2026,2026_823,,Writing or debugging code
344,2026,2026_829,,Writing or debugging code
345,2026,2026_831,,Writing or debugging code
346,2026,2026_835,,Writing or debugging code
347,2026,2026_840,,Writing or debugging code
348,2026,2026_841,,Writing or debugging code
349,2026,2026_844,,Writing or debugging code
350,2026,2026_845,,Writing or debugging code
351,2026,2026_846,,Writing or debugging code
352,2026,2026_850,,Writing or debugging code
353,2026,2026_854,,Writing or debugging code
354,2026,2026_867,,Writing or debugging code
355,2026,2026_870,,Writing or debugging code
356,2026,2026_871,,Writing or debugging code
357,2026,2026_874,,Writing or debugging code
358,2026,2026_875,,Writing or debugging code
359,2026,2026_876,,Writing or debugging code
360,2026,2026_877,,Writing or debugging code
361,2026,2026_880,,Writing or debugging code
362,2026,2026_881,,Writing or debugging code
363,2026,2026_883,,Writing or debugging code
364,2026,2026_884,,Writing or debugging code
365,2026,2026_886,,Writing or debugging code
366,2026,2026_887,,Writing or debugging code
367,2026,2026_891,,Writing or debugging code
368,2026,2026_892,,Writing or debugging code
369,2026,2026_893,,Writing or debugging code
370,2026,2026_895,,Writing or debugging code
371,2026,2026_896,,Writing or debugging code
372,2026,2026_897,,Writing or debugging code
373,2026,2026_898,,Writing or debugging code
374,2026,2026_900,,Writing or debugging code
375,2026,2026_901,,Writing or debugging code
376,2026,2026_904,,Writing or debugging code
377,2026,2026_905,,Writing or debugging code
378,2026,2026_906,,Writing or debugging code
379,2026,2026_910,,Writing or debugging code
380,2026,2026_914,,Writing or debugging code
381,2026,2026_918,,Writing or debugging code
382,2026,2026_923,,Writing or debugging code
383,2026,2026_924,,Writing or debugging code
384,2026,2026_925,,Writing or debugging code
385,2026,2026_926,,Writing or debugging code
386,2026,2026_927,,Writing or debugging code
387,2026,2026_931,,Writing or debugging code
388,2026,2026_932,,Writing or debugging code
389,2026,2026_934,,Writing or debugging code
390,2026,2026_935,,Writing or debugging code
391,2026,2026_936,,Writing or debugging code
392,2026,2026_938,,Writing or debugging code
393,2026,2026_939,,Writing or debugging code
394,2026,2026_942,,Writing or debugging code
395,2026,2026_943,,Writing or debugging code
396,2026,2026_946,,Writing or debugging code
397,2026,2026_948,,Writing or debugging code
398,2026,2026_950,,Writing or debugging code
399,2026,2026_951,,Writing or debugging code
400,2026,2026_952,,Writing or debugging code
401,2026,2026_954,Getting help with libraries API,Writing or debugging code
402,2026,2026_964,,Writing or debugging code
403,2026,2026_968,,Writing or debugging code
404,2026,2026_969,,Writing or debugging code
405,2026,2026_971,,Writing or debugging code
406,2026,2026_973,,Writing or debugging code
407,2026,2026_975,,Writing or debugging code
408,2026,2026_976,,Writing or debugging code
409,2026,2026_978,,Writing or debugging code
410,2026,2026_979,,Writing or debugging code
411,2026,2026_980,,Writing or debugging code
412,2026,2026_986,,Writing or debugging code
413,2026,2026_987,,Writing or debugging code
414,2026,2026_1000,,Writing or debugging code
415,2026,2026_1001,,Writing or debugging code
416,2026,2026_1004,,Writing or debugging code
417,2026,2026_1007,,Writing or debugging code
418,2026,2026_1009,,Writing or debugging code
419,2026,2026_1010,,Writing or debugging code
420,2026,2026_1011,,Writing or debugging code
421,2026,2026_1012,,Writing or debugging code
422,2026,2026_1014,,Writing or debugging code
423,2026,2026_1015,,Writing or debugging code
424,2026,2026_1017,,Writing or debugging code
425,2026,2026_1019,,Writing or debugging code
426,2026,2026_1023,,Writing or debugging code
427,2026,2026_1024,,Writing or debugging code
428,2026,2026_1026,,Writing or debugging code
429,2026,2026_1027,,Writing or debugging code
430,2026,2026_1028,,Writing or debugging code
431,2026,2026_1029,,Writing or debugging code
432,2026,2026_1030,understanding ill-documented legacy code,Writing or debugging code
433,2026,2026_1031,,Writing or debugging code
434,2026,2026_1036,,Writing or debugging code
435,2026,2026_1038,,Writing or debugging code
436,2026,2026_1040,,Writing or debugging code
437,2026,2026_1044,,Writing or debugging code
438,2026,2026_1047,,Writing or debugging code
439,2026,2026_1048,,Writing or debugging code
440,2026,2026_1052,,Writing or debugging code
441,2026,2026_1055,,Writing or debugging code
442,2026,2026_1056,,Writing or debugging code
443,2026,2026_1058,,Writing or debugging code
444,2026,2026_1060,,Writing or debugging code
445,2026,2026_1069,,Writing or debugging code
446,2026,2026_1070,,Writing or debugging code
447,2026,2026_1076,,Writing or debugging code
448,2026,2026_1078,,Writing or debugging code
449,2026,2026_1079,,Writing or debugging code
450,2026,2026_1080,,Writing or debugging code
451,2026,2026_1082,,Writing or debugging code
452,2026,2026_1083,,Writing or debugging code
453,2026,2026_1085,,Writing or debugging code
454,2026,2026_1086,Code reviews,Writing or debugging code
455,2026,2026_1088,,Writing or debugging code
456,2026,2026_1091,,Writing or debugging code
457,2026,2026_1099,,Writing or debugging code
458,2026,2026_1104,checking syntax ,Writing or debugging code
459,2026,2026_1110,,Writing or debugging code
460,2026,2026_1112,,Writing or debugging code
461,2026,2026_1113,Problem solving,Writing or debugging code
462,2026,2026_1116,,Writing or debugging code
463,2026,2026_1117,,Writing or debugging code
464,2026,2026_1118,,Writing or debugging code
465,2026,2026_1119,,Writing or debugging code
466,2026,2026_1124,,Writing or debugging code
467,2026,2026_1127,,Writing or debugging code
468,2026,2026_1128,,Writing or debugging code
469,2026,2026_1129,,Writing or debugging code
470,2026,2026_1130,,Writing or debugging code
471,2026,2026_1131,,Writing or debugging code
472,2026,2026_1132,,Writing or debugging code
473,2026,2026_1133,,Writing or debugging code
474,2026,2026_1134,,Writing or debugging code
475,2026,2026_1135,,Writing or debugging code
476,2026,2026_1138,,Writing or debugging code
477,2026,2026_1140,Mostly checking if LLMs can be helpful.,Writing or debugging code
478,2026,2026_1141,,Writing or debugging code
479,2026,2026_1142,,Writing or debugging code
480,2026,2026_1143,Making images for presentations,Writing or debugging code
481,2026,2026_1144,,Writing or debugging code
482,2026,2026_1145,,Writing or debugging code
483,2026,2026_1146,,Writing or debugging code
484,2026,2026_1148,,Writing or debugging code
485,2026,2026_1151,,Writing or debugging code
486,2026,2026_1152,,Writing or debugging code
487,2026,2026_1154,,Writing or debugging code
488,2026,2026_1156,,Writing or debugging code
489,2026,2026_1161,,Writing or debugging code
490,2026,2026_10,,Generating technical documentation
491,2026,2026_24,,Generating technical documentation
492,2026,2026_27,,Generating technical documentation
493,2026,2026_34,,Generating technical documentation
494,2026,2026_41,,Generating technical documentation
495,2026,2026_48,Making sense of code written by others,Generating technical documentation
496,2026,2026_51,,Generating technical documentation
497,2026,2026_60,,Generating technical documentation
498,2026,2026_68,,Generating technical documentation
499,2026,2026_69,,Generating technical documentation
500,2026,2026_72,,Generating technical documentation
501,2026,2026_81,,Generating technical documentation
502,2026,2026_88,,Generating technical documentation
503,2026,2026_102,,Generating technical documentation
504,2026,2026_117,,Generating technical documentation
505,2026,2026_121,,Generating technical documentation
506,2026,2026_125,,Generating technical documentation
507,2026,2026_132,,Generating technical documentation
508,2026,2026_133,,Generating technical documentation
509,2026,2026_134,,Generating technical documentation
510,2026,2026_143,,Generating technical documentation
511,2026,2026_144,,Generating technical documentation
512,2026,2026_145,,Generating technical documentation
513,2026,2026_149,,Generating technical documentation
514,2026,2026_150,,Generating technical documentation
515,2026,2026_164,,Generating technical documentation
516,2026,2026_177,,Generating technical documentation
517,2026,2026_180,,Generating technical documentation
518,2026,2026_183,,Generating technical documentation
519,2026,2026_185,Writing documents in general,Generating technical documentation
520,2026,2026_187,,Generating technical documentation
521,2026,2026_190,,Generating technical documentation
522,2026,2026_196,Helping navigate (to me) foreign large code bases ,Generating technical documentation
523,2026,2026_197,,Generating technical documentation
524,2026,2026_203,,Generating technical documentation
525,2026,2026_205,,Generating technical documentation
526,2026,2026_209,,Generating technical documentation
527,2026,2026_210,,Generating technical documentation
528,2026,2026_214,,Generating technical documentation
529,2026,2026_216,,Generating technical documentation
530,2026,2026_217,,Generating technical documentation
531,2026,2026_218,,Generating technical documentation
532,2026,2026_221,,Generating technical documentation
533,2026,2026_222,,Generating technical documentation
534,2026,2026_231,,Generating technical documentation
535,2026,2026_238,,Generating technical documentation
536,2026,2026_239,,Generating technical documentation
537,2026,2026_241,,Generating technical documentation
538,2026,2026_249,,Generating technical documentation
539,2026,2026_257,,Generating technical documentation
540,2026,2026_264,,Generating technical documentation
541,2026,2026_266,,Generating technical documentation
542,2026,2026_271,,Generating technical documentation
543,2026,2026_273,,Generating technical documentation
544,2026,2026_279,,Generating technical documentation
545,2026,2026_289,,Generating technical documentation
546,2026,2026_290,,Generating technical documentation
547,2026,2026_297,,Generating technical documentation
548,2026,2026_298,,Generating technical documentation
549,2026,2026_307,,Generating technical documentation
550,2026,2026_309,,Generating technical documentation
551,2026,2026_312,,Generating technical documentation
552,2026,2026_313,,Generating technical documentation
553,2026,2026_317,,Generating technical documentation
554,2026,2026_325,,Generating technical documentation
555,2026,2026_326,,Generating technical documentation
556,2026,2026_333,,Generating technical documentation
557,2026,2026_334,,Generating technical documentation
558,2026,2026_344,,Generating technical documentation
559,2026,2026_349,,Generating technical documentation
560,2026,2026_350,,Generating technical documentation
561,2026,2026_359,,Generating technical documentation
562,2026,2026_365,,Generating technical documentation
563,2026,2026_369,,Generating technical documentation
564,2026,2026_372,,Generating technical documentation
565,2026,2026_381,,Generating technical documentation
566,2026,2026_394,refactoring existing code,Generating technical documentation
567,2026,2026_403,,Generating technical documentation
568,2026,2026_411,,Generating technical documentation
569,2026,2026_414,,Generating technical documentation
570,2026,2026_418,,Generating technical documentation
571,2026,2026_420,,Generating technical documentation
572,2026,2026_421,,Generating technical documentation
573,2026,2026_422,,Generating technical documentation
574,2026,2026_424,,Generating technical documentation
575,2026,2026_427,,Generating technical documentation
576,2026,2026_437,,Generating technical documentation
577,2026,2026_441,Have a laugh,Generating technical documentation
578,2026,2026_443,,Generating technical documentation
579,2026,2026_445,,Generating technical documentation
580,2026,2026_452,,Generating technical documentation
581,2026,2026_455,,Generating technical documentation
582,2026,2026_458,,Generating technical documentation
583,2026,2026_459,,Generating technical documentation
584,2026,2026_461,,Generating technical documentation
585,2026,2026_466,,Generating technical documentation
586,2026,2026_467,,Generating technical documentation
587,2026,2026_470,,Generating technical documentation
588,2026,2026_472,,Generating technical documentation
589,2026,2026_474,,Generating technical documentation
590,2026,2026_475,,Generating technical documentation
591,2026,2026_482,,Generating technical documentation
592,2026,2026_484,,Generating technical documentation
593,2026,2026_485,Nearly all points above: but rather as a second opinion not a reliable source,Generating technical documentation
594,2026,2026_488,,Generating technical documentation
595,2026,2026_489,,Generating technical documentation
596,2026,2026_498,,Generating technical documentation
597,2026,2026_512,,Generating technical documentation
598,2026,2026_516,"reviewing my code or code from others, research on technical solutions, to get the domain knowledge that I need for the current projects",Generating technical documentation
599,2026,2026_531,,Generating technical documentation
600,2026,2026_537,,Generating technical documentation
601,2026,2026_541,,Generating technical documentation
602,2026,2026_542,,Generating technical documentation
603,2026,2026_543,Naming variables and concepts,Generating technical documentation
604,2026,2026_544,,Generating technical documentation
605,2026,2026_557,,Generating technical documentation
606,2026,2026_558,,Generating technical documentation
607,2026,2026_562,,Generating technical documentation
608,2026,2026_570,,Generating technical documentation
609,2026,2026_573,,Generating technical documentation
610,2026,2026_577,,Generating technical documentation
611,2026,2026_598,,Generating technical documentation
612,2026,2026_599,,Generating technical documentation
613,2026,2026_612,,Generating technical documentation
614,2026,2026_616,,Generating technical documentation
615,2026,2026_624,,Generating technical documentation
616,2026,2026_635,,Generating technical documentation
617,2026,2026_645,,Generating technical documentation
618,2026,2026_653,,Generating technical documentation
619,2026,2026_654,,Generating technical documentation
620,2026,2026_657,,Generating technical documentation
621,2026,2026_662,,Generating technical documentation
622,2026,2026_663,,Generating technical documentation
623,2026,2026_664,,Generating technical documentation
624,2026,2026_666,,Generating technical documentation
625,2026,2026_667,,Generating technical documentation
626,2026,2026_668,,Generating technical documentation
627,2026,2026_671,,Generating technical documentation
628,2026,2026_674,,Generating technical documentation
629,2026,2026_677,,Generating technical documentation
630,2026,2026_678,,Generating technical documentation
631,2026,2026_679,,Generating technical documentation
632,2026,2026_680,,Generating technical documentation
633,2026,2026_685,,Generating technical documentation
634,2026,2026_700,,Generating technical documentation
635,2026,2026_701,,Generating technical documentation
636,2026,2026_705,,Generating technical documentation
637,2026,2026_715,,Generating technical documentation
638,2026,2026_716,,Generating technical documentation
639,2026,2026_718,,Generating technical documentation
640,2026,2026_721,,Generating technical documentation
641,2026,2026_724,,Generating technical documentation
642,2026,2026_737,,Generating technical documentation
643,2026,2026_740,,Generating technical documentation
644,2026,2026_744,,Generating technical documentation
645,2026,2026_746,,Generating technical documentation
646,2026,2026_749,,Generating technical documentation
647,2026,2026_753,,Generating technical documentation
648,2026,2026_761,,Generating technical documentation
649,2026,2026_762,,Generating technical documentation
650,2026,2026_764,"Getting information about syntax, pattern implementation, best practices, tooling, etc.",Generating technical documentation
651,2026,2026_765,,Generating technical documentation
652,2026,2026_768,,Generating technical documentation
653,2026,2026_773,,Generating technical documentation
654,2026,2026_779,,Generating technical documentation
655,2026,2026_781,,Generating technical documentation
656,2026,2026_787,,Generating technical documentation
657,2026,2026_788,,Generating technical documentation
658,2026,2026_791,,Generating technical documentation
659,2026,2026_793,,Generating technical documentation
660,2026,2026_797,,Generating technical documentation
661,2026,2026_806,,Generating technical documentation
662,2026,2026_810,,Generating technical documentation
663,2026,2026_811,,Generating technical documentation
664,2026,2026_816,,Generating technical documentation
665,2026,2026_820,,Generating technical documentation
666,2026,2026_822,,Generating technical documentation
667,2026,2026_829,,Generating technical documentation
668,2026,2026_831,,Generating technical documentation
669,2026,2026_834,,Generating technical documentation
670,2026,2026_836,,Generating technical documentation
671,2026,2026_845,,Generating technical documentation
672,2026,2026_846,,Generating technical documentation
673,2026,2026_850,,Generating technical documentation
674,2026,2026_854,,Generating technical documentation
675,2026,2026_859,,Generating technical documentation
676,2026,2026_870,,Generating technical documentation
677,2026,2026_871,,Generating technical documentation
678,2026,2026_873,,Generating technical documentation
679,2026,2026_874,,Generating technical documentation
680,2026,2026_876,,Generating technical documentation
681,2026,2026_877,,Generating technical documentation
682,2026,2026_880,,Generating technical documentation
683,2026,2026_881,,Generating technical documentation
684,2026,2026_886,,Generating technical documentation
685,2026,2026_887,,Generating technical documentation
686,2026,2026_892,,Generating technical documentation
687,2026,2026_900,,Generating technical documentation
688,2026,2026_906,,Generating technical documentation
689,2026,2026_910,,Generating technical documentation
690,2026,2026_923,,Generating technical documentation
691,2026,2026_924,,Generating technical documentation
692,2026,2026_926,,Generating technical documentation
693,2026,2026_930,,Generating technical documentation
694,2026,2026_932,,Generating technical documentation
695,2026,2026_936,,Generating technical documentation
696,2026,2026_938,,Generating technical documentation
697,2026,2026_944,,Generating technical documentation
698,2026,2026_946,,Generating technical documentation
699,2026,2026_948,,Generating technical documentation
700,2026,2026_950,,Generating technical documentation
701,2026,2026_952,,Generating technical documentation
702,2026,2026_962,,Generating technical documentation
703,2026,2026_964,,Generating technical documentation
704,2026,2026_968,,Generating technical documentation
705,2026,2026_971,,Generating technical documentation
706,2026,2026_973,,Generating technical documentation
707,2026,2026_978,,Generating technical documentation
708,2026,2026_979,,Generating technical documentation
709,2026,2026_982,,Generating technical documentation
710,2026,2026_986,,Generating technical documentation
711,2026,2026_1001,,Generating technical documentation
712,2026,2026_1014,,Generating technical documentation
713,2026,2026_1015,,Generating technical documentation
714,2026,2026_1023,,Generating technical documentation
715,2026,2026_1026,,Generating technical documentation
716,2026,2026_1027,,Generating technical documentation
717,2026,2026_1038,,Generating technical documentation
718,2026,2026_1044,,Generating technical documentation
719,2026,2026_1055,,Generating technical documentation
720,2026,2026_1056,,Generating technical documentation
721,2026,2026_1058,,Generating technical documentation
722,2026,2026_1060,,Generating technical documentation
723,2026,2026_1078,,Generating technical documentation
724,2026,2026_1079,,Generating technical documentation
725,2026,2026_1085,,Generating technical documentation
726,2026,2026_1088,,Generating technical documentation
727,2026,2026_1101,formatting,Generating technical documentation
728,2026,2026_1106,,Generating technical documentation
729,2026,2026_1112,,Generating technical documentation
730,2026,2026_1116,,Generating technical documentation
731,2026,2026_1117,,Generating technical documentation
732,2026,2026_1118,,Generating technical documentation
733,2026,2026_1119,,Generating technical documentation
734,2026,2026_1127,,Generating technical documentation
735,2026,2026_1128,,Generating technical documentation
736,2026,2026_1129,,Generating technical documentation
737,2026,2026_1131,,Generating technical documentation
738,2026,2026_1132,,Generating technical documentation
739,2026,2026_1134,,Generating technical documentation
740,2026,2026_1135,,Generating technical documentation
741,2026,2026_1142,,Generating technical documentation
742,2026,2026_1143,Making images for presentations,Generating technical documentation
743,2026,2026_1145,,Generating technical documentation
744,2026,2026_1147,,Generating technical documentation
745,2026,2026_1152,,Generating technical documentation
746,2026,2026_1154,,Generating technical documentation
747,2026,2026_1161,,Generating technical documentation
748,2026,2026_10,,Designing software architectures
749,2026,2026_24,,Designing software architectures
750,2026,2026_34,,Designing software architectures
751,2026,2026_54,"Create a POC to start from, specially when it's a technology I'm not very familiar with.",Designing software architectures
752,2026,2026_124,brainstorming,Designing software architectures
753,2026,2026_130,,Designing software architectures
754,2026,2026_183,,Designing software architectures
755,2026,2026_187,,Designing software architectures
756,2026,2026_212,,Designing software architectures
757,2026,2026_214,,Designing software architectures
758,2026,2026_238,,Designing software architectures
759,2026,2026_239,,Designing software architectures
760,2026,2026_241,,Designing software architectures
761,2026,2026_246,,Designing software architectures
762,2026,2026_266,,Designing software architectures
763,2026,2026_267,,Designing software architectures
764,2026,2026_270,Documenting existing codebases by other authors,Designing software architectures
765,2026,2026_291,,Designing software architectures
766,2026,2026_294,,Designing software architectures
767,2026,2026_304,"Finding good entry points to documentation, where I can learn the details error free",Designing software architectures
768,2026,2026_328,,Designing software architectures
769,2026,2026_333,,Designing software architectures
770,2026,2026_353,,Designing software architectures
771,2026,2026_365,,Designing software architectures
772,2026,2026_403,,Designing software architectures
773,2026,2026_408,,Designing software architectures
774,2026,2026_411,,Designing software architectures
775,2026,2026_413,,Designing software architectures
776,2026,2026_422,,Designing software architectures
777,2026,2026_461,,Designing software architectures
778,2026,2026_470,,Designing software architectures
779,2026,2026_474,,Designing software architectures
780,2026,2026_475,,Designing software architectures
781,2026,2026_488,,Designing software architectures
782,2026,2026_501,Conceptualising project ideas,Designing software architectures
783,2026,2026_517,,Designing software architectures
784,2026,2026_537,,Designing software architectures
785,2026,2026_539,,Designing software architectures
786,2026,2026_541,,Designing software architectures
787,2026,2026_543,Naming variables and concepts,Designing software architectures
788,2026,2026_544,,Designing software architectures
789,2026,2026_557,,Designing software architectures
790,2026,2026_562,,Designing software architectures
791,2026,2026_570,,Designing software architectures
792,2026,2026_573,,Designing software architectures
793,2026,2026_577,,Designing software architectures
794,2026,2026_590,,Designing software architectures
795,2026,2026_593,,Designing software architectures
796,2026,2026_616,,Designing software architectures
797,2026,2026_622,,Designing software architectures
798,2026,2026_625,,Designing software architectures
799,2026,2026_634,,Designing software architectures
800,2026,2026_653,,Designing software architectures
801,2026,2026_662,,Designing software architectures
802,2026,2026_664,,Designing software architectures
803,2026,2026_666,,Designing software architectures
804,2026,2026_677,,Designing software architectures
805,2026,2026_680,,Designing software architectures
806,2026,2026_683,,Designing software architectures
807,2026,2026_685,,Designing software architectures
808,2026,2026_689,,Designing software architectures
809,2026,2026_700,,Designing software architectures
810,2026,2026_701,,Designing software architectures
811,2026,2026_708,,Designing software architectures
812,2026,2026_716,,Designing software architectures
813,2026,2026_721,,Designing software architectures
814,2026,2026_728,,Designing software architectures
815,2026,2026_750,,Designing software architectures
816,2026,2026_762,,Designing software architectures
817,2026,2026_765,,Designing software architectures
818,2026,2026_801,,Designing software architectures
819,2026,2026_811,,Designing software architectures
820,2026,2026_816,,Designing software architectures
821,2026,2026_822,,Designing software architectures
822,2026,2026_831,,Designing software architectures
823,2026,2026_840,,Designing software architectures
824,2026,2026_841,,Designing software architectures
825,2026,2026_854,,Designing software architectures
826,2026,2026_867,,Designing software architectures
827,2026,2026_876,,Designing software architectures
828,2026,2026_877,,Designing software architectures
829,2026,2026_881,,Designing software architectures
830,2026,2026_892,,Designing software architectures
831,2026,2026_906,,Designing software architectures
832,2026,2026_924,,Designing software architectures
833,2026,2026_925,,Designing software architectures
834,2026,2026_927,,Designing software architectures
835,2026,2026_943,,Designing software architectures
836,2026,2026_969,,Designing software architectures
837,2026,2026_978,,Designing software architectures
838,2026,2026_1014,,Designing software architectures
839,2026,2026_1019,,Designing software architectures
840,2026,2026_1023,,Designing software architectures
841,2026,2026_1055,,Designing software architectures
842,2026,2026_1058,,Designing software architectures
843,2026,2026_1069,,Designing software architectures
844,2026,2026_1077,,Designing software architectures
845,2026,2026_1079,,Designing software architectures
846,2026,2026_1106,,Designing software architectures
847,2026,2026_1118,,Designing software architectures
848,2026,2026_1124,,Designing software architectures
849,2026,2026_1126,,Designing software architectures
850,2026,2026_1132,,Designing software architectures
851,2026,2026_1135,,Designing software architectures
852,2026,2026_1140,Mostly checking if LLMs can be helpful.,Designing software architectures
853,2026,2026_1154,,Designing software architectures
854,2026,2026_1161,,Designing software architectures
855,2026,2026_10,,Creating test cases or testing strategies
856,2026,2026_24,,Creating test cases or testing strategies
857,2026,2026_27,,Creating test cases or testing strategies
858,2026,2026_29,,Creating test cases or testing strategies
859,2026,2026_34,,Creating test cases or testing strategies
860,2026,2026_45,,Creating test cases or testing strategies
861,2026,2026_51,,Creating test cases or testing strategies
862,2026,2026_66,,Creating test cases or testing strategies
863,2026,2026_88,,Creating test cases or testing strategies
864,2026,2026_93,"refactoring, exploratory prigramming",Creating test cases or testing strategies
865,2026,2026_102,,Creating test cases or testing strategies
866,2026,2026_109,,Creating test cases or testing strategies
867,2026,2026_110,,Creating test cases or testing strategies
868,2026,2026_117,,Creating test cases or testing strategies
869,2026,2026_118,,Creating test cases or testing strategies
870,2026,2026_121,,Creating test cases or testing strategies
871,2026,2026_128,,Creating test cases or testing strategies
872,2026,2026_134,,Creating test cases or testing strategies
873,2026,2026_135,,Creating test cases or testing strategies
874,2026,2026_136,"Spelling/grammar checking, code review/linting",Creating test cases or testing strategies
875,2026,2026_140,,Creating test cases or testing strategies
876,2026,2026_143,,Creating test cases or testing strategies
877,2026,2026_144,,Creating test cases or testing strategies
878,2026,2026_145,,Creating test cases or testing strategies
879,2026,2026_150,,Creating test cases or testing strategies
880,2026,2026_177,,Creating test cases or testing strategies
881,2026,2026_183,,Creating test cases or testing strategies
882,2026,2026_187,,Creating test cases or testing strategies
883,2026,2026_190,,Creating test cases or testing strategies
884,2026,2026_196,Helping navigate (to me) foreign large code bases ,Creating test cases or testing strategies
885,2026,2026_197,,Creating test cases or testing strategies
886,2026,2026_198,,Creating test cases or testing strategies
887,2026,2026_212,,Creating test cases or testing strategies
888,2026,2026_214,,Creating test cases or testing strategies
889,2026,2026_217,,Creating test cases or testing strategies
890,2026,2026_218,,Creating test cases or testing strategies
891,2026,2026_222,,Creating test cases or testing strategies
892,2026,2026_223,,Creating test cases or testing strategies
893,2026,2026_238,,Creating test cases or testing strategies
894,2026,2026_239,,Creating test cases or testing strategies
895,2026,2026_240,,Creating test cases or testing strategies
896,2026,2026_241,,Creating test cases or testing strategies
897,2026,2026_243,,Creating test cases or testing strategies
898,2026,2026_250,Responsive rubber ducky,Creating test cases or testing strategies
899,2026,2026_253,,Creating test cases or testing strategies
900,2026,2026_257,,Creating test cases or testing strategies
901,2026,2026_266,,Creating test cases or testing strategies
902,2026,2026_268,,Creating test cases or testing strategies
903,2026,2026_270,Documenting existing codebases by other authors,Creating test cases or testing strategies
904,2026,2026_273,,Creating test cases or testing strategies
905,2026,2026_279,,Creating test cases or testing strategies
906,2026,2026_289,,Creating test cases or testing strategies
907,2026,2026_290,,Creating test cases or testing strategies
908,2026,2026_297,,Creating test cases or testing strategies
909,2026,2026_298,,Creating test cases or testing strategies
910,2026,2026_304,"Finding good entry points to documentation, where I can learn the details error free",Creating test cases or testing strategies
911,2026,2026_307,,Creating test cases or testing strategies
912,2026,2026_317,,Creating test cases or testing strategies
913,2026,2026_322,,Creating test cases or testing strategies
914,2026,2026_325,,Creating test cases or testing strategies
915,2026,2026_331,,Creating test cases or testing strategies
916,2026,2026_334,,Creating test cases or testing strategies
917,2026,2026_338,,Creating test cases or testing strategies
918,2026,2026_340,,Creating test cases or testing strategies
919,2026,2026_344,,Creating test cases or testing strategies
920,2026,2026_350,,Creating test cases or testing strategies
921,2026,2026_363,,Creating test cases or testing strategies
922,2026,2026_364,,Creating test cases or testing strategies
923,2026,2026_365,,Creating test cases or testing strategies
924,2026,2026_371,,Creating test cases or testing strategies
925,2026,2026_382,,Creating test cases or testing strategies
926,2026,2026_396,,Creating test cases or testing strategies
927,2026,2026_403,,Creating test cases or testing strategies
928,2026,2026_405,,Creating test cases or testing strategies
929,2026,2026_411,,Creating test cases or testing strategies
930,2026,2026_418,,Creating test cases or testing strategies
931,2026,2026_420,,Creating test cases or testing strategies
932,2026,2026_421,,Creating test cases or testing strategies
933,2026,2026_422,,Creating test cases or testing strategies
934,2026,2026_424,,Creating test cases or testing strategies
935,2026,2026_439,,Creating test cases or testing strategies
936,2026,2026_441,Have a laugh,Creating test cases or testing strategies
937,2026,2026_461,,Creating test cases or testing strategies
938,2026,2026_466,,Creating test cases or testing strategies
939,2026,2026_470,,Creating test cases or testing strategies
940,2026,2026_475,,Creating test cases or testing strategies
941,2026,2026_476,,Creating test cases or testing strategies
942,2026,2026_478,Prompting for a solution of a task that does not seem to have a straightforward answer on forums,Creating test cases or testing strategies
943,2026,2026_484,,Creating test cases or testing strategies
944,2026,2026_485,Nearly all points above: but rather as a second opinion not a reliable source,Creating test cases or testing strategies
945,2026,2026_488,,Creating test cases or testing strategies
946,2026,2026_489,,Creating test cases or testing strategies
947,2026,2026_498,,Creating test cases or testing strategies
948,2026,2026_506,,Creating test cases or testing strategies
949,2026,2026_516,"reviewing my code or code from others, research on technical solutions, to get the domain knowledge that I need for the current projects",Creating test cases or testing strategies
950,2026,2026_520,,Creating test cases or testing strategies
951,2026,2026_523,,Creating test cases or testing strategies
952,2026,2026_531,,Creating test cases or testing strategies
953,2026,2026_537,,Creating test cases or testing strategies
954,2026,2026_538,,Creating test cases or testing strategies
955,2026,2026_539,,Creating test cases or testing strategies
956,2026,2026_541,,Creating test cases or testing strategies
957,2026,2026_544,,Creating test cases or testing strategies
958,2026,2026_552,,Creating test cases or testing strategies
959,2026,2026_554,,Creating test cases or testing strategies
960,2026,2026_570,,Creating test cases or testing strategies
961,2026,2026_573,,Creating test cases or testing strategies
962,2026,2026_577,,Creating test cases or testing strategies
963,2026,2026_580,,Creating test cases or testing strategies
964,2026,2026_582,,Creating test cases or testing strategies
965,2026,2026_590,,Creating test cases or testing strategies
966,2026,2026_593,,Creating test cases or testing strategies
967,2026,2026_596,,Creating test cases or testing strategies
968,2026,2026_597,,Creating test cases or testing strategies
969,2026,2026_603,"Verstehen von Code, Abwägen von Ideen",Creating test cases or testing strategies
970,2026,2026_612,,Creating test cases or testing strategies
971,2026,2026_617,"writing parsers, plotting of data",Creating test cases or testing strategies
972,2026,2026_625,,Creating test cases or testing strategies
973,2026,2026_653,,Creating test cases or testing strategies
974,2026,2026_654,,Creating test cases or testing strategies
975,2026,2026_658,,Creating test cases or testing strategies
976,2026,2026_662,,Creating test cases or testing strategies
977,2026,2026_663,,Creating test cases or testing strategies
978,2026,2026_664,,Creating test cases or testing strategies
979,2026,2026_666,,Creating test cases or testing strategies
980,2026,2026_671,,Creating test cases or testing strategies
981,2026,2026_672,,Creating test cases or testing strategies
982,2026,2026_674,,Creating test cases or testing strategies
983,2026,2026_675,Creating dockerfiles.,Creating test cases or testing strategies
984,2026,2026_677,,Creating test cases or testing strategies
985,2026,2026_678,,Creating test cases or testing strategies
986,2026,2026_679,,Creating test cases or testing strategies
987,2026,2026_680,,Creating test cases or testing strategies
988,2026,2026_685,,Creating test cases or testing strategies
989,2026,2026_690,,Creating test cases or testing strategies
990,2026,2026_697,,Creating test cases or testing strategies
991,2026,2026_698,,Creating test cases or testing strategies
992,2026,2026_700,,Creating test cases or testing strategies
993,2026,2026_701,,Creating test cases or testing strategies
994,2026,2026_707,,Creating test cases or testing strategies
995,2026,2026_709,,Creating test cases or testing strategies
996,2026,2026_716,,Creating test cases or testing strategies
997,2026,2026_718,,Creating test cases or testing strategies
998,2026,2026_719,,Creating test cases or testing strategies
999,2026,2026_724,,Creating test cases or testing strategies
1000,2026,2026_730,Creating templates and getting started,Creating test cases or testing strategies
1001,2026,2026_737,,Creating test cases or testing strategies
1002,2026,2026_740,,Creating test cases or testing strategies
1003,2026,2026_744,,Creating test cases or testing strategies
1004,2026,2026_746,,Creating test cases or testing strategies
1005,2026,2026_749,,Creating test cases or testing strategies
1006,2026,2026_755,"AI is rarely good enough to get the job done, but it's a good launching pad.",Creating test cases or testing strategies
1007,2026,2026_759,,Creating test cases or testing strategies
1008,2026,2026_762,,Creating test cases or testing strategies
1009,2026,2026_765,,Creating test cases or testing strategies
1010,2026,2026_768,,Creating test cases or testing strategies
1011,2026,2026_773,,Creating test cases or testing strategies
1012,2026,2026_779,,Creating test cases or testing strategies
1013,2026,2026_787,,Creating test cases or testing strategies
1014,2026,2026_806,,Creating test cases or testing strategies
1015,2026,2026_810,,Creating test cases or testing strategies
1016,2026,2026_816,,Creating test cases or testing strategies
1017,2026,2026_819,,Creating test cases or testing strategies
1018,2026,2026_822,,Creating test cases or testing strategies
1019,2026,2026_829,,Creating test cases or testing strategies
1020,2026,2026_836,,Creating test cases or testing strategies
1021,2026,2026_854,,Creating test cases or testing strategies
1022,2026,2026_859,,Creating test cases or testing strategies
1023,2026,2026_871,,Creating test cases or testing strategies
1024,2026,2026_873,,Creating test cases or testing strategies
1025,2026,2026_874,,Creating test cases or testing strategies
1026,2026,2026_876,,Creating test cases or testing strategies
1027,2026,2026_877,,Creating test cases or testing strategies
1028,2026,2026_881,,Creating test cases or testing strategies
1029,2026,2026_883,,Creating test cases or testing strategies
1030,2026,2026_886,,Creating test cases or testing strategies
1031,2026,2026_887,,Creating test cases or testing strategies
1032,2026,2026_892,,Creating test cases or testing strategies
1033,2026,2026_893,,Creating test cases or testing strategies
1034,2026,2026_895,,Creating test cases or testing strategies
1035,2026,2026_906,,Creating test cases or testing strategies
1036,2026,2026_910,,Creating test cases or testing strategies
1037,2026,2026_918,,Creating test cases or testing strategies
1038,2026,2026_924,,Creating test cases or testing strategies
1039,2026,2026_925,,Creating test cases or testing strategies
1040,2026,2026_927,,Creating test cases or testing strategies
1041,2026,2026_930,,Creating test cases or testing strategies
1042,2026,2026_932,,Creating test cases or testing strategies
1043,2026,2026_936,,Creating test cases or testing strategies
1044,2026,2026_939,,Creating test cases or testing strategies
1045,2026,2026_940,,Creating test cases or testing strategies
1046,2026,2026_948,,Creating test cases or testing strategies
1047,2026,2026_951,,Creating test cases or testing strategies
1048,2026,2026_952,,Creating test cases or testing strategies
1049,2026,2026_964,,Creating test cases or testing strategies
1050,2026,2026_971,,Creating test cases or testing strategies
1051,2026,2026_973,,Creating test cases or testing strategies
1052,2026,2026_978,,Creating test cases or testing strategies
1053,2026,2026_979,,Creating test cases or testing strategies
1054,2026,2026_986,,Creating test cases or testing strategies
1055,2026,2026_1008,Double check techniques I'm not as familiar with. Trying to find resources when needing to learn new software techniques or tools,Creating test cases or testing strategies
1056,2026,2026_1014,,Creating test cases or testing strategies
1057,2026,2026_1015,,Creating test cases or testing strategies
1058,2026,2026_1019,,Creating test cases or testing strategies
1059,2026,2026_1023,,Creating test cases or testing strategies
1060,2026,2026_1030,understanding ill-documented legacy code,Creating test cases or testing strategies
1061,2026,2026_1036,,Creating test cases or testing strategies
1062,2026,2026_1038,,Creating test cases or testing strategies
1063,2026,2026_1042,,Creating test cases or testing strategies
1064,2026,2026_1044,,Creating test cases or testing strategies
1065,2026,2026_1050,,Creating test cases or testing strategies
1066,2026,2026_1055,,Creating test cases or testing strategies
1067,2026,2026_1058,,Creating test cases or testing strategies
1068,2026,2026_1060,,Creating test cases or testing strategies
1069,2026,2026_1069,,Creating test cases or testing strategies
1070,2026,2026_1070,,Creating test cases or testing strategies
1071,2026,2026_1077,,Creating test cases or testing strategies
1072,2026,2026_1078,,Creating test cases or testing strategies
1073,2026,2026_1079,,Creating test cases or testing strategies
1074,2026,2026_1085,,Creating test cases or testing strategies
1075,2026,2026_1088,,Creating test cases or testing strategies
1076,2026,2026_1099,,Creating test cases or testing strategies
1077,2026,2026_1112,,Creating test cases or testing strategies
1078,2026,2026_1116,,Creating test cases or testing strategies
1079,2026,2026_1117,,Creating test cases or testing strategies
1080,2026,2026_1118,,Creating test cases or testing strategies
1081,2026,2026_1119,,Creating test cases or testing strategies
1082,2026,2026_1124,,Creating test cases or testing strategies
1083,2026,2026_1127,,Creating test cases or testing strategies
1084,2026,2026_1129,,Creating test cases or testing strategies
1085,2026,2026_1132,,Creating test cases or testing strategies
1086,2026,2026_1134,,Creating test cases or testing strategies
1087,2026,2026_1140,Mostly checking if LLMs can be helpful.,Creating test cases or testing strategies
1088,2026,2026_1141,,Creating test cases or testing strategies
1089,2026,2026_1148,,Creating test cases or testing strategies
1090,2026,2026_1152,,Creating test cases or testing strategies
1091,2026,2026_1153,,Creating test cases or testing strategies
1092,2026,2026_3,,Summarising technical material
1093,2026,2026_8,,Summarising technical material
1094,2026,2026_10,,Summarising technical material
1095,2026,2026_29,,Summarising technical material
1096,2026,2026_34,,Summarising technical material
1097,2026,2026_35,,Summarising technical material
1098,2026,2026_51,,Summarising technical material
1099,2026,2026_54,"Create a POC to start from, specially when it's a technology I'm not very familiar with.",Summarising technical material
1100,2026,2026_56,,Summarising technical material
1101,2026,2026_59,,Summarising technical material
1102,2026,2026_61,,Summarising technical material
1103,2026,2026_68,,Summarising technical material
1104,2026,2026_72,,Summarising technical material
1105,2026,2026_73,,Summarising technical material
1106,2026,2026_85,,Summarising technical material
1107,2026,2026_105,,Summarising technical material
1108,2026,2026_106,,Summarising technical material
1109,2026,2026_108,,Summarising technical material
1110,2026,2026_110,,Summarising technical material
1111,2026,2026_119,,Summarising technical material
1112,2026,2026_121,,Summarising technical material
1113,2026,2026_124,brainstorming,Summarising technical material
1114,2026,2026_128,,Summarising technical material
1115,2026,2026_130,,Summarising technical material
1116,2026,2026_133,,Summarising technical material
1117,2026,2026_134,,Summarising technical material
1118,2026,2026_136,"Spelling/grammar checking, code review/linting",Summarising technical material
1119,2026,2026_143,,Summarising technical material
1120,2026,2026_145,,Summarising technical material
1121,2026,2026_149,,Summarising technical material
1122,2026,2026_153,,Summarising technical material
1123,2026,2026_167,,Summarising technical material
1124,2026,2026_176,,Summarising technical material
1125,2026,2026_177,,Summarising technical material
1126,2026,2026_183,,Summarising technical material
1127,2026,2026_188,,Summarising technical material
1128,2026,2026_190,,Summarising technical material
1129,2026,2026_191,,Summarising technical material
1130,2026,2026_196,Helping navigate (to me) foreign large code bases ,Summarising technical material
1131,2026,2026_198,,Summarising technical material
1132,2026,2026_212,,Summarising technical material
1133,2026,2026_214,,Summarising technical material
1134,2026,2026_217,,Summarising technical material
1135,2026,2026_222,,Summarising technical material
1136,2026,2026_238,,Summarising technical material
1137,2026,2026_241,,Summarising technical material
1138,2026,2026_243,,Summarising technical material
1139,2026,2026_249,,Summarising technical material
1140,2026,2026_266,,Summarising technical material
1141,2026,2026_270,Documenting existing codebases by other authors,Summarising technical material
1142,2026,2026_271,,Summarising technical material
1143,2026,2026_277,,Summarising technical material
1144,2026,2026_281,Writing non-technical overviews of projects or proposals,Summarising technical material
1145,2026,2026_289,,Summarising technical material
1146,2026,2026_297,,Summarising technical material
1147,2026,2026_298,,Summarising technical material
1148,2026,2026_302,,Summarising technical material
1149,2026,2026_309,,Summarising technical material
1150,2026,2026_317,,Summarising technical material
1151,2026,2026_325,,Summarising technical material
1152,2026,2026_328,,Summarising technical material
1153,2026,2026_333,,Summarising technical material
1154,2026,2026_334,,Summarising technical material
1155,2026,2026_342,,Summarising technical material
1156,2026,2026_344,,Summarising technical material
1157,2026,2026_350,,Summarising technical material
1158,2026,2026_352,,Summarising technical material
1159,2026,2026_355,,Summarising technical material
1160,2026,2026_365,,Summarising technical material
1161,2026,2026_366,,Summarising technical material
1162,2026,2026_408,,Summarising technical material
1163,2026,2026_413,,Summarising technical material
1164,2026,2026_418,,Summarising technical material
1165,2026,2026_421,,Summarising technical material
1166,2026,2026_426,,Summarising technical material
1167,2026,2026_434,,Summarising technical material
1168,2026,2026_437,,Summarising technical material
1169,2026,2026_445,,Summarising technical material
1170,2026,2026_453,,Summarising technical material
1171,2026,2026_458,,Summarising technical material
1172,2026,2026_461,,Summarising technical material
1173,2026,2026_467,,Summarising technical material
1174,2026,2026_470,,Summarising technical material
1175,2026,2026_482,,Summarising technical material
1176,2026,2026_485,Nearly all points above: but rather as a second opinion not a reliable source,Summarising technical material
1177,2026,2026_488,,Summarising technical material
1178,2026,2026_501,Conceptualising project ideas,Summarising technical material
1179,2026,2026_510,,Summarising technical material
1180,2026,2026_516,"reviewing my code or code from others, research on technical solutions, to get the domain knowledge that I need for the current projects",Summarising technical material
1181,2026,2026_517,,Summarising technical material
1182,2026,2026_520,,Summarising technical material
1183,2026,2026_531,,Summarising technical material
1184,2026,2026_534,,Summarising technical material
1185,2026,2026_539,,Summarising technical material
1186,2026,2026_541,,Summarising technical material
1187,2026,2026_542,,Summarising technical material
1188,2026,2026_544,,Summarising technical material
1189,2026,2026_550,,Summarising technical material
1190,2026,2026_552,,Summarising technical material
1191,2026,2026_554,,Summarising technical material
1192,2026,2026_558,,Summarising technical material
1193,2026,2026_570,,Summarising technical material
1194,2026,2026_573,,Summarising technical material
1195,2026,2026_577,,Summarising technical material
1196,2026,2026_580,,Summarising technical material
1197,2026,2026_589,,Summarising technical material
1198,2026,2026_596,,Summarising technical material
1199,2026,2026_600,,Summarising technical material
1200,2026,2026_612,,Summarising technical material
1201,2026,2026_613,,Summarising technical material
1202,2026,2026_622,,Summarising technical material
1203,2026,2026_631,,Summarising technical material
1204,2026,2026_653,,Summarising technical material
1205,2026,2026_654,,Summarising technical material
1206,2026,2026_657,,Summarising technical material
1207,2026,2026_662,,Summarising technical material
1208,2026,2026_663,,Summarising technical material
1209,2026,2026_666,,Summarising technical material
1210,2026,2026_667,,Summarising technical material
1211,2026,2026_671,,Summarising technical material
1212,2026,2026_674,,Summarising technical material
1213,2026,2026_678,,Summarising technical material
1214,2026,2026_683,,Summarising technical material
1215,2026,2026_690,,Summarising technical material
1216,2026,2026_691,,Summarising technical material
1217,2026,2026_697,,Summarising technical material
1218,2026,2026_700,,Summarising technical material
1219,2026,2026_701,,Summarising technical material
1220,2026,2026_705,,Summarising technical material
1221,2026,2026_708,,Summarising technical material
1222,2026,2026_709,,Summarising technical material
1223,2026,2026_715,,Summarising technical material
1224,2026,2026_716,,Summarising technical material
1225,2026,2026_718,,Summarising technical material
1226,2026,2026_721,,Summarising technical material
1227,2026,2026_727,,Summarising technical material
1228,2026,2026_730,Creating templates and getting started,Summarising technical material
1229,2026,2026_736,,Summarising technical material
1230,2026,2026_744,,Summarising technical material
1231,2026,2026_746,,Summarising technical material
1232,2026,2026_759,,Summarising technical material
1233,2026,2026_761,,Summarising technical material
1234,2026,2026_762,,Summarising technical material
1235,2026,2026_765,,Summarising technical material
1236,2026,2026_773,,Summarising technical material
1237,2026,2026_779,,Summarising technical material
1238,2026,2026_781,,Summarising technical material
1239,2026,2026_793,,Summarising technical material
1240,2026,2026_802,,Summarising technical material
1241,2026,2026_804,,Summarising technical material
1242,2026,2026_806,,Summarising technical material
1243,2026,2026_811,,Summarising technical material
1244,2026,2026_816,,Summarising technical material
1245,2026,2026_819,,Summarising technical material
1246,2026,2026_820,,Summarising technical material
1247,2026,2026_823,,Summarising technical material
1248,2026,2026_834,,Summarising technical material
1249,2026,2026_838,Investigating / prototyping approaches,Summarising technical material
1250,2026,2026_844,,Summarising technical material
1251,2026,2026_874,,Summarising technical material
1252,2026,2026_876,,Summarising technical material
1253,2026,2026_877,,Summarising technical material
1254,2026,2026_878,,Summarising technical material
1255,2026,2026_881,,Summarising technical material
1256,2026,2026_883,,Summarising technical material
1257,2026,2026_892,,Summarising technical material
1258,2026,2026_893,,Summarising technical material
1259,2026,2026_901,,Summarising technical material
1260,2026,2026_903,,Summarising technical material
1261,2026,2026_906,,Summarising technical material
1262,2026,2026_910,,Summarising technical material
1263,2026,2026_924,,Summarising technical material
1264,2026,2026_925,,Summarising technical material
1265,2026,2026_926,,Summarising technical material
1266,2026,2026_936,,Summarising technical material
1267,2026,2026_939,,Summarising technical material
1268,2026,2026_944,,Summarising technical material
1269,2026,2026_948,,Summarising technical material
1270,2026,2026_962,,Summarising technical material
1271,2026,2026_968,,Summarising technical material
1272,2026,2026_973,,Summarising technical material
1273,2026,2026_978,,Summarising technical material
1274,2026,2026_979,,Summarising technical material
1275,2026,2026_982,,Summarising technical material
1276,2026,2026_1001,,Summarising technical material
1277,2026,2026_1009,,Summarising technical material
1278,2026,2026_1011,,Summarising technical material
1279,2026,2026_1014,,Summarising technical material
1280,2026,2026_1023,,Summarising technical material
1281,2026,2026_1038,,Summarising technical material
1282,2026,2026_1040,,Summarising technical material
1283,2026,2026_1042,,Summarising technical material
1284,2026,2026_1046,,Summarising technical material
1285,2026,2026_1047,,Summarising technical material
1286,2026,2026_1050,,Summarising technical material
1287,2026,2026_1056,,Summarising technical material
1288,2026,2026_1058,,Summarising technical material
1289,2026,2026_1078,,Summarising technical material
1290,2026,2026_1082,,Summarising technical material
1291,2026,2026_1088,,Summarising technical material
1292,2026,2026_1110,,Summarising technical material
1293,2026,2026_1112,,Summarising technical material
1294,2026,2026_1114,,Summarising technical material
1295,2026,2026_1116,,Summarising technical material
1296,2026,2026_1117,,Summarising technical material
1297,2026,2026_1124,,Summarising technical material
1298,2026,2026_1125,,Summarising technical material
1299,2026,2026_1126,,Summarising technical material
1300,2026,2026_1127,,Summarising technical material
1301,2026,2026_1129,,Summarising technical material
1302,2026,2026_1132,,Summarising technical material
1303,2026,2026_1134,,Summarising technical material
1304,2026,2026_1136,,Summarising technical material
1305,2026,2026_1142,,Summarising technical material
1306,2026,2026_1143,Making images for presentations,Summarising technical material
1307,2026,2026_1145,,Summarising technical material
1308,2026,2026_1147,,Summarising technical material
1309,2026,2026_1152,,Summarising technical material
1310,2026,2026_1153,,Summarising technical material
1311,2026,2026_1157,,Summarising technical material
1312,2026,2026_1161,,Summarising technical material
1313,2026,2026_10,,Learning or teaching programming concepts
1314,2026,2026_11,,Learning or teaching programming concepts
1315,2026,2026_17,General non-technical communication,Learning or teaching programming concepts
1316,2026,2026_27,,Learning or teaching programming concepts
1317,2026,2026_35,,Learning or teaching programming concepts
1318,2026,2026_48,Making sense of code written by others,Learning or teaching programming concepts
1319,2026,2026_49,,Learning or teaching programming concepts
1320,2026,2026_51,,Learning or teaching programming concepts
1321,2026,2026_54,"Create a POC to start from, specially when it's a technology I'm not very familiar with.",Learning or teaching programming concepts
1322,2026,2026_56,,Learning or teaching programming concepts
1323,2026,2026_60,,Learning or teaching programming concepts
1324,2026,2026_69,,Learning or teaching programming concepts
1325,2026,2026_70,Getting ideas how to approach a problem,Learning or teaching programming concepts
1326,2026,2026_72,,Learning or teaching programming concepts
1327,2026,2026_81,,Learning or teaching programming concepts
1328,2026,2026_84,,Learning or teaching programming concepts
1329,2026,2026_89,,Learning or teaching programming concepts
1330,2026,2026_118,,Learning or teaching programming concepts
1331,2026,2026_122,,Learning or teaching programming concepts
1332,2026,2026_127,,Learning or teaching programming concepts
1333,2026,2026_130,,Learning or teaching programming concepts
1334,2026,2026_132,,Learning or teaching programming concepts
1335,2026,2026_133,,Learning or teaching programming concepts
1336,2026,2026_134,,Learning or teaching programming concepts
1337,2026,2026_135,,Learning or teaching programming concepts
1338,2026,2026_142,,Learning or teaching programming concepts
1339,2026,2026_143,,Learning or teaching programming concepts
1340,2026,2026_148,,Learning or teaching programming concepts
1341,2026,2026_149,,Learning or teaching programming concepts
1342,2026,2026_151,,Learning or teaching programming concepts
1343,2026,2026_153,,Learning or teaching programming concepts
1344,2026,2026_157,,Learning or teaching programming concepts
1345,2026,2026_164,,Learning or teaching programming concepts
1346,2026,2026_170,,Learning or teaching programming concepts
1347,2026,2026_176,,Learning or teaching programming concepts
1348,2026,2026_177,,Learning or teaching programming concepts
1349,2026,2026_188,,Learning or teaching programming concepts
1350,2026,2026_190,,Learning or teaching programming concepts
1351,2026,2026_191,,Learning or teaching programming concepts
1352,2026,2026_192,,Learning or teaching programming concepts
1353,2026,2026_203,,Learning or teaching programming concepts
1354,2026,2026_210,,Learning or teaching programming concepts
1355,2026,2026_211,,Learning or teaching programming concepts
1356,2026,2026_212,,Learning or teaching programming concepts
1357,2026,2026_214,,Learning or teaching programming concepts
1358,2026,2026_215,,Learning or teaching programming concepts
1359,2026,2026_221,,Learning or teaching programming concepts
1360,2026,2026_222,,Learning or teaching programming concepts
1361,2026,2026_236,"Natural language processing tasks (text classification, sentiment analysis, data extraction from unstructured text data)",Learning or teaching programming concepts
1362,2026,2026_239,,Learning or teaching programming concepts
1363,2026,2026_241,,Learning or teaching programming concepts
1364,2026,2026_243,,Learning or teaching programming concepts
1365,2026,2026_244,,Learning or teaching programming concepts
1366,2026,2026_247,,Learning or teaching programming concepts
1367,2026,2026_250,Responsive rubber ducky,Learning or teaching programming concepts
1368,2026,2026_257,,Learning or teaching programming concepts
1369,2026,2026_262,,Learning or teaching programming concepts
1370,2026,2026_264,,Learning or teaching programming concepts
1371,2026,2026_266,,Learning or teaching programming concepts
1372,2026,2026_267,,Learning or teaching programming concepts
1373,2026,2026_271,,Learning or teaching programming concepts
1374,2026,2026_273,,Learning or teaching programming concepts
1375,2026,2026_275,,Learning or teaching programming concepts
1376,2026,2026_284,,Learning or teaching programming concepts
1377,2026,2026_289,,Learning or teaching programming concepts
1378,2026,2026_290,,Learning or teaching programming concepts
1379,2026,2026_291,,Learning or teaching programming concepts
1380,2026,2026_296,,Learning or teaching programming concepts
1381,2026,2026_298,,Learning or teaching programming concepts
1382,2026,2026_299,,Learning or teaching programming concepts
1383,2026,2026_304,"Finding good entry points to documentation, where I can learn the details error free",Learning or teaching programming concepts
1384,2026,2026_309,,Learning or teaching programming concepts
1385,2026,2026_322,,Learning or teaching programming concepts
1386,2026,2026_333,,Learning or teaching programming concepts
1387,2026,2026_334,,Learning or teaching programming concepts
1388,2026,2026_340,,Learning or teaching programming concepts
1389,2026,2026_342,,Learning or teaching programming concepts
1390,2026,2026_344,,Learning or teaching programming concepts
1391,2026,2026_350,,Learning or teaching programming concepts
1392,2026,2026_352,,Learning or teaching programming concepts
1393,2026,2026_353,,Learning or teaching programming concepts
1394,2026,2026_355,,Learning or teaching programming concepts
1395,2026,2026_356,,Learning or teaching programming concepts
1396,2026,2026_360,,Learning or teaching programming concepts
1397,2026,2026_363,,Learning or teaching programming concepts
1398,2026,2026_365,,Learning or teaching programming concepts
1399,2026,2026_366,,Learning or teaching programming concepts
1400,2026,2026_371,,Learning or teaching programming concepts
1401,2026,2026_377,,Learning or teaching programming concepts
1402,2026,2026_379,"Understanding code, and choices (pros and cons of choosing the technology and tradeoffs)",Learning or teaching programming concepts
1403,2026,2026_382,,Learning or teaching programming concepts
1404,2026,2026_385,,Learning or teaching programming concepts
1405,2026,2026_386,,Learning or teaching programming concepts
1406,2026,2026_394,refactoring existing code,Learning or teaching programming concepts
1407,2026,2026_403,,Learning or teaching programming concepts
1408,2026,2026_405,,Learning or teaching programming concepts
1409,2026,2026_413,,Learning or teaching programming concepts
1410,2026,2026_415,,Learning or teaching programming concepts
1411,2026,2026_422,,Learning or teaching programming concepts
1412,2026,2026_424,,Learning or teaching programming concepts
1413,2026,2026_426,,Learning or teaching programming concepts
1414,2026,2026_431,,Learning or teaching programming concepts
1415,2026,2026_433,,Learning or teaching programming concepts
1416,2026,2026_434,,Learning or teaching programming concepts
1417,2026,2026_437,,Learning or teaching programming concepts
1418,2026,2026_445,,Learning or teaching programming concepts
1419,2026,2026_452,,Learning or teaching programming concepts
1420,2026,2026_458,,Learning or teaching programming concepts
1421,2026,2026_459,,Learning or teaching programming concepts
1422,2026,2026_461,,Learning or teaching programming concepts
1423,2026,2026_474,,Learning or teaching programming concepts
1424,2026,2026_488,,Learning or teaching programming concepts
1425,2026,2026_489,,Learning or teaching programming concepts
1426,2026,2026_494,,Learning or teaching programming concepts
1427,2026,2026_498,,Learning or teaching programming concepts
1428,2026,2026_501,Conceptualising project ideas,Learning or teaching programming concepts
1429,2026,2026_510,,Learning or teaching programming concepts
1430,2026,2026_512,,Learning or teaching programming concepts
1431,2026,2026_516,"reviewing my code or code from others, research on technical solutions, to get the domain knowledge that I need for the current projects",Learning or teaching programming concepts
1432,2026,2026_517,,Learning or teaching programming concepts
1433,2026,2026_520,,Learning or teaching programming concepts
1434,2026,2026_523,,Learning or teaching programming concepts
1435,2026,2026_531,,Learning or teaching programming concepts
1436,2026,2026_534,,Learning or teaching programming concepts
1437,2026,2026_537,,Learning or teaching programming concepts
1438,2026,2026_539,,Learning or teaching programming concepts
1439,2026,2026_547,,Learning or teaching programming concepts
1440,2026,2026_573,,Learning or teaching programming concepts
1441,2026,2026_577,,Learning or teaching programming concepts
1442,2026,2026_582,,Learning or teaching programming concepts
1443,2026,2026_589,,Learning or teaching programming concepts
1444,2026,2026_590,,Learning or teaching programming concepts
1445,2026,2026_596,,Learning or teaching programming concepts
1446,2026,2026_599,,Learning or teaching programming concepts
1447,2026,2026_603,"Verstehen von Code, Abwägen von Ideen",Learning or teaching programming concepts
1448,2026,2026_612,,Learning or teaching programming concepts
1449,2026,2026_613,,Learning or teaching programming concepts
1450,2026,2026_617,"writing parsers, plotting of data",Learning or teaching programming concepts
1451,2026,2026_620,,Learning or teaching programming concepts
1452,2026,2026_624,,Learning or teaching programming concepts
1453,2026,2026_631,,Learning or teaching programming concepts
1454,2026,2026_635,,Learning or teaching programming concepts
1455,2026,2026_636,,Learning or teaching programming concepts
1456,2026,2026_653,,Learning or teaching programming concepts
1457,2026,2026_654,,Learning or teaching programming concepts
1458,2026,2026_657,,Learning or teaching programming concepts
1459,2026,2026_658,,Learning or teaching programming concepts
1460,2026,2026_662,,Learning or teaching programming concepts
1461,2026,2026_663,,Learning or teaching programming concepts
1462,2026,2026_666,,Learning or teaching programming concepts
1463,2026,2026_671,,Learning or teaching programming concepts
1464,2026,2026_683,,Learning or teaching programming concepts
1465,2026,2026_690,,Learning or teaching programming concepts
1466,2026,2026_697,,Learning or teaching programming concepts
1467,2026,2026_700,,Learning or teaching programming concepts
1468,2026,2026_701,,Learning or teaching programming concepts
1469,2026,2026_704,,Learning or teaching programming concepts
1470,2026,2026_705,,Learning or teaching programming concepts
1471,2026,2026_711,Asking questions of RAG-based LLMs to better understand new material,Learning or teaching programming concepts
1472,2026,2026_716,,Learning or teaching programming concepts
1473,2026,2026_718,,Learning or teaching programming concepts
1474,2026,2026_721,,Learning or teaching programming concepts
1475,2026,2026_722,,Learning or teaching programming concepts
1476,2026,2026_727,,Learning or teaching programming concepts
1477,2026,2026_736,,Learning or teaching programming concepts
1478,2026,2026_750,,Learning or teaching programming concepts
1479,2026,2026_758,,Learning or teaching programming concepts
1480,2026,2026_764,"Getting information about syntax, pattern implementation, best practices, tooling, etc.",Learning or teaching programming concepts
1481,2026,2026_781,,Learning or teaching programming concepts
1482,2026,2026_784,,Learning or teaching programming concepts
1483,2026,2026_791,,Learning or teaching programming concepts
1484,2026,2026_792,,Learning or teaching programming concepts
1485,2026,2026_793,,Learning or teaching programming concepts
1486,2026,2026_801,,Learning or teaching programming concepts
1487,2026,2026_802,,Learning or teaching programming concepts
1488,2026,2026_804,,Learning or teaching programming concepts
1489,2026,2026_806,,Learning or teaching programming concepts
1490,2026,2026_810,,Learning or teaching programming concepts
1491,2026,2026_815,Learn how to apply new or unknown technologies,Learning or teaching programming concepts
1492,2026,2026_816,,Learning or teaching programming concepts
1493,2026,2026_817,planning,Learning or teaching programming concepts
1494,2026,2026_825,,Learning or teaching programming concepts
1495,2026,2026_831,,Learning or teaching programming concepts
1496,2026,2026_838,Investigating / prototyping approaches,Learning or teaching programming concepts
1497,2026,2026_841,,Learning or teaching programming concepts
1498,2026,2026_868,,Learning or teaching programming concepts
1499,2026,2026_874,,Learning or teaching programming concepts
1500,2026,2026_876,,Learning or teaching programming concepts
1501,2026,2026_877,,Learning or teaching programming concepts
1502,2026,2026_878,,Learning or teaching programming concepts
1503,2026,2026_880,,Learning or teaching programming concepts
1504,2026,2026_881,,Learning or teaching programming concepts
1505,2026,2026_883,,Learning or teaching programming concepts
1506,2026,2026_891,,Learning or teaching programming concepts
1507,2026,2026_892,,Learning or teaching programming concepts
1508,2026,2026_893,,Learning or teaching programming concepts
1509,2026,2026_895,,Learning or teaching programming concepts
1510,2026,2026_901,,Learning or teaching programming concepts
1511,2026,2026_906,,Learning or teaching programming concepts
1512,2026,2026_910,,Learning or teaching programming concepts
1513,2026,2026_924,,Learning or teaching programming concepts
1514,2026,2026_925,,Learning or teaching programming concepts
1515,2026,2026_926,,Learning or teaching programming concepts
1516,2026,2026_927,,Learning or teaching programming concepts
1517,2026,2026_930,,Learning or teaching programming concepts
1518,2026,2026_931,,Learning or teaching programming concepts
1519,2026,2026_935,,Learning or teaching programming concepts
1520,2026,2026_938,,Learning or teaching programming concepts
1521,2026,2026_943,,Learning or teaching programming concepts
1522,2026,2026_946,,Learning or teaching programming concepts
1523,2026,2026_948,,Learning or teaching programming concepts
1524,2026,2026_951,,Learning or teaching programming concepts
1525,2026,2026_952,,Learning or teaching programming concepts
1526,2026,2026_962,,Learning or teaching programming concepts
1527,2026,2026_968,,Learning or teaching programming concepts
1528,2026,2026_973,,Learning or teaching programming concepts
1529,2026,2026_975,,Learning or teaching programming concepts
1530,2026,2026_978,,Learning or teaching programming concepts
1531,2026,2026_979,,Learning or teaching programming concepts
1532,2026,2026_1001,,Learning or teaching programming concepts
1533,2026,2026_1004,,Learning or teaching programming concepts
1534,2026,2026_1007,,Learning or teaching programming concepts
1535,2026,2026_1010,,Learning or teaching programming concepts
1536,2026,2026_1023,,Learning or teaching programming concepts
1537,2026,2026_1026,,Learning or teaching programming concepts
1538,2026,2026_1027,,Learning or teaching programming concepts
1539,2026,2026_1036,,Learning or teaching programming concepts
1540,2026,2026_1038,,Learning or teaching programming concepts
1541,2026,2026_1040,,Learning or teaching programming concepts
1542,2026,2026_1044,,Learning or teaching programming concepts
1543,2026,2026_1052,,Learning or teaching programming concepts
1544,2026,2026_1058,,Learning or teaching programming concepts
1545,2026,2026_1070,,Learning or teaching programming concepts
1546,2026,2026_1077,,Learning or teaching programming concepts
1547,2026,2026_1080,,Learning or teaching programming concepts
1548,2026,2026_1083,,Learning or teaching programming concepts
1549,2026,2026_1091,,Learning or teaching programming concepts
1550,2026,2026_1094,LLMs are very good at exploring technical aspects of template metaprogramming,Learning or teaching programming concepts
1551,2026,2026_1099,,Learning or teaching programming concepts
1552,2026,2026_1104,checking syntax ,Learning or teaching programming concepts
1553,2026,2026_1110,,Learning or teaching programming concepts
1554,2026,2026_1113,Problem solving,Learning or teaching programming concepts
1555,2026,2026_1114,,Learning or teaching programming concepts
1556,2026,2026_1118,,Learning or teaching programming concepts
1557,2026,2026_1128,,Learning or teaching programming concepts
1558,2026,2026_1130,,Learning or teaching programming concepts
1559,2026,2026_1132,,Learning or teaching programming concepts
1560,2026,2026_1133,,Learning or teaching programming concepts
1561,2026,2026_1134,,Learning or teaching programming concepts
1562,2026,2026_1135,,Learning or teaching programming concepts
1563,2026,2026_1136,,Learning or teaching programming concepts
1564,2026,2026_1140,Mostly checking if LLMs can be helpful.,Learning or teaching programming concepts
1565,2026,2026_1141,,Learning or teaching programming concepts
1566,2026,2026_1143,Making images for presentations,Learning or teaching programming concepts
1567,2026,2026_1151,,Learning or teaching programming concepts
1568,2026,2026_1157,,Learning or teaching programming concepts
1569,2026,2026_1159,,Learning or teaching programming concepts
1570,2026,2026_1161,,Learning or teaching programming concepts
