,Year_0,row_id,currentEmp13[other]_0,currentEmp13
0,2026,2026_0,,Medicine and health sciences
1,2026,2026_1,,Medicine and health sciences
2,2026,2026_3,,Medicine and health sciences
3,2026,2026_8,Digital Humanities,Medicine and health sciences
4,2026,2026_9,,Medicine and health sciences
5,2026,2026_17,,Medicine and health sciences
6,2026,2026_24,,Medicine and health sciences
7,2026,2026_26,,Medicine and health sciences
8,2026,2026_30,,Medicine and health sciences
9,2026,2026_31,"Any really, depends on who asks for help",Medicine and health sciences
10,2026,2026_34,,Medicine and health sciences
11,2026,2026_35,,Medicine and health sciences
12,2026,2026_39,,Medicine and health sciences
13,2026,2026_40,,Medicine and health sciences
14,2026,2026_44,,Medicine and health sciences
15,2026,2026_45,,Medicine and health sciences
16,2026,2026_49,,Medicine and health sciences
17,2026,2026_54,,Medicine and health sciences
18,2026,2026_98,,Medicine and health sciences
19,2026,2026_121,,Medicine and health sciences
20,2026,2026_123,,Medicine and health sciences
21,2026,2026_128,,Medicine and health sciences
22,2026,2026_136,,Medicine and health sciences
23,2026,2026_142,,Medicine and health sciences
24,2026,2026_146,,Medicine and health sciences
25,2026,2026_149,,Medicine and health sciences
26,2026,2026_163,,Medicine and health sciences
27,2026,2026_170,,Medicine and health sciences
28,2026,2026_176,,Medicine and health sciences
29,2026,2026_177,,Medicine and health sciences
30,2026,2026_185,,Medicine and health sciences
31,2026,2026_188,,Medicine and health sciences
32,2026,2026_192,,Medicine and health sciences
33,2026,2026_206,RSE,Medicine and health sciences
34,2026,2026_219,,Medicine and health sciences
35,2026,2026_227,,Medicine and health sciences
36,2026,2026_229,,Medicine and health sciences
37,2026,2026_236,,Medicine and health sciences
38,2026,2026_238,,Medicine and health sciences
39,2026,2026_239,,Medicine and health sciences
40,2026,2026_244,,Medicine and health sciences
41,2026,2026_263,,Medicine and health sciences
42,2026,2026_273,,Medicine and health sciences
43,2026,2026_277,,Medicine and health sciences
44,2026,2026_279,,Medicine and health sciences
45,2026,2026_293,,Medicine and health sciences
46,2026,2026_306,,Medicine and health sciences
47,2026,2026_311,,Medicine and health sciences
48,2026,2026_312,,Medicine and health sciences
49,2026,2026_317,,Medicine and health sciences
50,2026,2026_328,,Medicine and health sciences
51,2026,2026_329,,Medicine and health sciences
52,2026,2026_340,,Medicine and health sciences
53,2026,2026_344,,Medicine and health sciences
54,2026,2026_346,,Medicine and health sciences
55,2026,2026_351,,Medicine and health sciences
56,2026,2026_352,,Medicine and health sciences
57,2026,2026_353,,Medicine and health sciences
58,2026,2026_355,,Medicine and health sciences
59,2026,2026_358,,Medicine and health sciences
60,2026,2026_363,,Medicine and health sciences
61,2026,2026_364,,Medicine and health sciences
62,2026,2026_365,,Medicine and health sciences
63,2026,2026_367,,Medicine and health sciences
64,2026,2026_386,,Medicine and health sciences
65,2026,2026_387,,Medicine and health sciences
66,2026,2026_389,,Medicine and health sciences
67,2026,2026_393,,Medicine and health sciences
68,2026,2026_407,,Medicine and health sciences
69,2026,2026_408,,Medicine and health sciences
70,2026,2026_412,,Medicine and health sciences
71,2026,2026_414,,Medicine and health sciences
72,2026,2026_415,,Medicine and health sciences
73,2026,2026_422,,Medicine and health sciences
74,2026,2026_424,,Medicine and health sciences
75,2026,2026_426,,Medicine and health sciences
76,2026,2026_432,,Medicine and health sciences
77,2026,2026_437,,Medicine and health sciences
78,2026,2026_441,,Medicine and health sciences
79,2026,2026_442,,Medicine and health sciences
80,2026,2026_456,,Medicine and health sciences
81,2026,2026_459,,Medicine and health sciences
82,2026,2026_461,,Medicine and health sciences
83,2026,2026_484,,Medicine and health sciences
84,2026,2026_487,,Medicine and health sciences
85,2026,2026_501,,Medicine and health sciences
86,2026,2026_503,,Medicine and health sciences
87,2026,2026_511,,Medicine and health sciences
88,2026,2026_516,,Medicine and health sciences
89,2026,2026_520,,Medicine and health sciences
90,2026,2026_533,,Medicine and health sciences
91,2026,2026_545,,Medicine and health sciences
92,2026,2026_548,,Medicine and health sciences
93,2026,2026_557,,Medicine and health sciences
94,2026,2026_558,,Medicine and health sciences
95,2026,2026_580,,Medicine and health sciences
96,2026,2026_582,,Medicine and health sciences
97,2026,2026_596,,Medicine and health sciences
98,2026,2026_638,,Medicine and health sciences
99,2026,2026_644,,Medicine and health sciences
100,2026,2026_649,,Medicine and health sciences
101,2026,2026_657,,Medicine and health sciences
102,2026,2026_658,,Medicine and health sciences
103,2026,2026_659,,Medicine and health sciences
104,2026,2026_663,,Medicine and health sciences
105,2026,2026_666,,Medicine and health sciences
106,2026,2026_668,,Medicine and health sciences
107,2026,2026_680,,Medicine and health sciences
108,2026,2026_684,,Medicine and health sciences
109,2026,2026_691,,Medicine and health sciences
110,2026,2026_694,,Medicine and health sciences
111,2026,2026_701,,Medicine and health sciences
112,2026,2026_706,,Medicine and health sciences
113,2026,2026_708,Research Agnostic,Medicine and health sciences
114,2026,2026_716,,Medicine and health sciences
115,2026,2026_717,,Medicine and health sciences
116,2026,2026_722,,Medicine and health sciences
117,2026,2026_742,,Medicine and health sciences
118,2026,2026_744,,Medicine and health sciences
119,2026,2026_751,,Medicine and health sciences
120,2026,2026_758,,Medicine and health sciences
121,2026,2026_761,Security,Medicine and health sciences
122,2026,2026_785,,Medicine and health sciences
123,2026,2026_795,,Medicine and health sciences
124,2026,2026_804,,Medicine and health sciences
125,2026,2026_823,,Medicine and health sciences
126,2026,2026_827,,Medicine and health sciences
127,2026,2026_836,,Medicine and health sciences
128,2026,2026_843,,Medicine and health sciences
129,2026,2026_844,,Medicine and health sciences
130,2026,2026_845,,Medicine and health sciences
131,2026,2026_854,,Medicine and health sciences
132,2026,2026_870,,Medicine and health sciences
133,2026,2026_874,,Medicine and health sciences
134,2026,2026_881,,Medicine and health sciences
135,2026,2026_882,,Medicine and health sciences
136,2026,2026_883,,Medicine and health sciences
137,2026,2026_884,,Medicine and health sciences
138,2026,2026_887,,Medicine and health sciences
139,2026,2026_895,,Medicine and health sciences
140,2026,2026_898,,Medicine and health sciences
141,2026,2026_900,,Medicine and health sciences
142,2026,2026_907,,Medicine and health sciences
143,2026,2026_913,,Medicine and health sciences
144,2026,2026_920,,Medicine and health sciences
145,2026,2026_924,,Medicine and health sciences
146,2026,2026_925,Chemistry,Medicine and health sciences
147,2026,2026_929,,Medicine and health sciences
148,2026,2026_931,,Medicine and health sciences
149,2026,2026_932,,Medicine and health sciences
150,2026,2026_934,,Medicine and health sciences
151,2026,2026_964,Statistics,Medicine and health sciences
152,2026,2026_969,,Medicine and health sciences
153,2026,2026_971,,Medicine and health sciences
154,2026,2026_976,,Medicine and health sciences
155,2026,2026_986,,Medicine and health sciences
156,2026,2026_1000,,Medicine and health sciences
157,2026,2026_1018,,Medicine and health sciences
158,2026,2026_1019,,Medicine and health sciences
159,2026,2026_1023,,Medicine and health sciences
160,2026,2026_1029,,Medicine and health sciences
161,2026,2026_1032,Bioinformatics,Medicine and health sciences
162,2026,2026_1035,,Medicine and health sciences
163,2026,2026_1039,,Medicine and health sciences
164,2026,2026_1046,Chemical sciences,Medicine and health sciences
165,2026,2026_1047,,Medicine and health sciences
166,2026,2026_1050,,Medicine and health sciences
167,2026,2026_1055,,Medicine and health sciences
168,2026,2026_1060,,Medicine and health sciences
169,2026,2026_1063,,Medicine and health sciences
170,2026,2026_1072,,Medicine and health sciences
171,2026,2026_1076,,Medicine and health sciences
172,2026,2026_1081,,Medicine and health sciences
173,2026,2026_1082,,Medicine and health sciences
174,2026,2026_1086,,Medicine and health sciences
175,2026,2026_1089,,Medicine and health sciences
176,2026,2026_1095,,Medicine and health sciences
177,2026,2026_1099,,Medicine and health sciences
178,2026,2026_1115,,Medicine and health sciences
179,2026,2026_1117,,Medicine and health sciences
180,2026,2026_1119,,Medicine and health sciences
181,2026,2026_1124,,Medicine and health sciences
182,2026,2026_1126,,Medicine and health sciences
183,2026,2026_1132,,Medicine and health sciences
184,2026,2026_1133,,Medicine and health sciences
185,2026,2026_1134,,Medicine and health sciences
186,2026,2026_1135,,Medicine and health sciences
187,2026,2026_1143,,Medicine and health sciences
188,2026,2026_1145,,Medicine and health sciences
189,2026,2026_1147,,Medicine and health sciences
190,2026,2026_1152,,Medicine and health sciences
191,2026,2026_1161,,Medicine and health sciences
192,2026,2026_1162,,Medicine and health sciences
193,2026,2026_3,,Biological sciences
194,2026,2026_8,Digital Humanities,Biological sciences
195,2026,2026_17,,Biological sciences
196,2026,2026_21,,Biological sciences
197,2026,2026_24,,Biological sciences
198,2026,2026_26,,Biological sciences
199,2026,2026_30,,Biological sciences
200,2026,2026_40,,Biological sciences
201,2026,2026_41,,Biological sciences
202,2026,2026_48,,Biological sciences
203,2026,2026_59,,Biological sciences
204,2026,2026_63,,Biological sciences
205,2026,2026_67,,Biological sciences
206,2026,2026_84,,Biological sciences
207,2026,2026_92,,Biological sciences
208,2026,2026_94,,Biological sciences
209,2026,2026_97,,Biological sciences
210,2026,2026_108,,Biological sciences
211,2026,2026_111,,Biological sciences
212,2026,2026_124,,Biological sciences
213,2026,2026_127,Kognitive Neurowissenschaften,Biological sciences
214,2026,2026_128,,Biological sciences
215,2026,2026_142,,Biological sciences
216,2026,2026_144,,Biological sciences
217,2026,2026_149,,Biological sciences
218,2026,2026_150,,Biological sciences
219,2026,2026_154,,Biological sciences
220,2026,2026_162,,Biological sciences
221,2026,2026_168,,Biological sciences
222,2026,2026_170,,Biological sciences
223,2026,2026_171,Statistics,Biological sciences
224,2026,2026_177,,Biological sciences
225,2026,2026_188,,Biological sciences
226,2026,2026_192,,Biological sciences
227,2026,2026_197,,Biological sciences
228,2026,2026_203,,Biological sciences
229,2026,2026_206,RSE,Biological sciences
230,2026,2026_210,Ecology and Environment,Biological sciences
231,2026,2026_216,,Biological sciences
232,2026,2026_219,,Biological sciences
233,2026,2026_228,,Biological sciences
234,2026,2026_231,,Biological sciences
235,2026,2026_232,,Biological sciences
236,2026,2026_236,,Biological sciences
237,2026,2026_248,,Biological sciences
238,2026,2026_249,,Biological sciences
239,2026,2026_251,,Biological sciences
240,2026,2026_257,,Biological sciences
241,2026,2026_262,,Biological sciences
242,2026,2026_263,,Biological sciences
243,2026,2026_264,,Biological sciences
244,2026,2026_266,,Biological sciences
245,2026,2026_270,,Biological sciences
246,2026,2026_272,,Biological sciences
247,2026,2026_273,,Biological sciences
248,2026,2026_279,,Biological sciences
249,2026,2026_282,,Biological sciences
250,2026,2026_289,,Biological sciences
251,2026,2026_292,,Biological sciences
252,2026,2026_296,,Biological sciences
253,2026,2026_301,,Biological sciences
254,2026,2026_312,,Biological sciences
255,2026,2026_316,,Biological sciences
256,2026,2026_317,,Biological sciences
257,2026,2026_328,,Biological sciences
258,2026,2026_333,,Biological sciences
259,2026,2026_340,,Biological sciences
260,2026,2026_343,,Biological sciences
261,2026,2026_346,,Biological sciences
262,2026,2026_350,,Biological sciences
263,2026,2026_351,,Biological sciences
264,2026,2026_352,,Biological sciences
265,2026,2026_355,,Biological sciences
266,2026,2026_359,,Biological sciences
267,2026,2026_362,,Biological sciences
268,2026,2026_363,,Biological sciences
269,2026,2026_364,,Biological sciences
270,2026,2026_367,,Biological sciences
271,2026,2026_369,,Biological sciences
272,2026,2026_377,,Biological sciences
273,2026,2026_378,,Biological sciences
274,2026,2026_383,,Biological sciences
275,2026,2026_385,,Biological sciences
276,2026,2026_387,,Biological sciences
277,2026,2026_389,,Biological sciences
278,2026,2026_393,,Biological sciences
279,2026,2026_398,,Biological sciences
280,2026,2026_399,,Biological sciences
281,2026,2026_403,,Biological sciences
282,2026,2026_408,,Biological sciences
283,2026,2026_411,,Biological sciences
284,2026,2026_413,,Biological sciences
285,2026,2026_414,,Biological sciences
286,2026,2026_415,,Biological sciences
287,2026,2026_418,,Biological sciences
288,2026,2026_426,,Biological sciences
289,2026,2026_439,,Biological sciences
290,2026,2026_442,,Biological sciences
291,2026,2026_456,,Biological sciences
292,2026,2026_457,,Biological sciences
293,2026,2026_459,,Biological sciences
294,2026,2026_461,,Biological sciences
295,2026,2026_466,,Biological sciences
296,2026,2026_470,,Biological sciences
297,2026,2026_478,,Biological sciences
298,2026,2026_484,,Biological sciences
299,2026,2026_486,Eath Sciences,Biological sciences
300,2026,2026_487,,Biological sciences
301,2026,2026_489,,Biological sciences
302,2026,2026_494,,Biological sciences
303,2026,2026_501,,Biological sciences
304,2026,2026_505,,Biological sciences
305,2026,2026_516,,Biological sciences
306,2026,2026_520,,Biological sciences
307,2026,2026_521,Chemistry,Biological sciences
308,2026,2026_523,,Biological sciences
309,2026,2026_529,,Biological sciences
310,2026,2026_533,,Biological sciences
311,2026,2026_534,,Biological sciences
312,2026,2026_547,,Biological sciences
313,2026,2026_548,,Biological sciences
314,2026,2026_571,Geosciences,Biological sciences
315,2026,2026_580,,Biological sciences
316,2026,2026_582,,Biological sciences
317,2026,2026_591,,Biological sciences
318,2026,2026_600,,Biological sciences
319,2026,2026_616,,Biological sciences
320,2026,2026_642,,Biological sciences
321,2026,2026_644,,Biological sciences
322,2026,2026_649,,Biological sciences
323,2026,2026_656,,Biological sciences
324,2026,2026_657,,Biological sciences
325,2026,2026_663,,Biological sciences
326,2026,2026_666,,Biological sciences
327,2026,2026_667,,Biological sciences
328,2026,2026_668,,Biological sciences
329,2026,2026_673,,Biological sciences
330,2026,2026_674,,Biological sciences
331,2026,2026_678,,Biological sciences
332,2026,2026_680,,Biological sciences
333,2026,2026_688,,Biological sciences
334,2026,2026_691,,Biological sciences
335,2026,2026_694,,Biological sciences
336,2026,2026_699,Environment and geological sciences ,Biological sciences
337,2026,2026_701,,Biological sciences
338,2026,2026_703,,Biological sciences
339,2026,2026_705,,Biological sciences
340,2026,2026_706,,Biological sciences
341,2026,2026_707,,Biological sciences
342,2026,2026_708,Research Agnostic,Biological sciences
343,2026,2026_711,,Biological sciences
344,2026,2026_722,,Biological sciences
345,2026,2026_724,,Biological sciences
346,2026,2026_731,,Biological sciences
347,2026,2026_740,,Biological sciences
348,2026,2026_744,,Biological sciences
349,2026,2026_746,,Biological sciences
350,2026,2026_747,,Biological sciences
351,2026,2026_751,,Biological sciences
352,2026,2026_758,,Biological sciences
353,2026,2026_762,,Biological sciences
354,2026,2026_767,,Biological sciences
355,2026,2026_782,,Biological sciences
356,2026,2026_785,,Biological sciences
357,2026,2026_795,,Biological sciences
358,2026,2026_804,,Biological sciences
359,2026,2026_806,,Biological sciences
360,2026,2026_810,,Biological sciences
361,2026,2026_816,,Biological sciences
362,2026,2026_818,,Biological sciences
363,2026,2026_820,,Biological sciences
364,2026,2026_823,,Biological sciences
365,2026,2026_827,,Biological sciences
366,2026,2026_836,,Biological sciences
367,2026,2026_842,,Biological sciences
368,2026,2026_843,,Biological sciences
369,2026,2026_844,,Biological sciences
370,2026,2026_845,,Biological sciences
371,2026,2026_870,,Biological sciences
372,2026,2026_874,,Biological sciences
373,2026,2026_880,,Biological sciences
374,2026,2026_881,,Biological sciences
375,2026,2026_883,,Biological sciences
376,2026,2026_886,,Biological sciences
377,2026,2026_887,,Biological sciences
378,2026,2026_898,,Biological sciences
379,2026,2026_900,,Biological sciences
380,2026,2026_904,,Biological sciences
381,2026,2026_907,,Biological sciences
382,2026,2026_913,,Biological sciences
383,2026,2026_914,"We operate university-wide, so all of the above",Biological sciences
384,2026,2026_924,,Biological sciences
385,2026,2026_925,Chemistry,Biological sciences
386,2026,2026_929,,Biological sciences
387,2026,2026_931,,Biological sciences
388,2026,2026_932,,Biological sciences
389,2026,2026_934,,Biological sciences
390,2026,2026_941,Infrastructure,Biological sciences
391,2026,2026_944,,Biological sciences
392,2026,2026_948,,Biological sciences
393,2026,2026_950,,Biological sciences
394,2026,2026_961,,Biological sciences
395,2026,2026_971,,Biological sciences
396,2026,2026_976,,Biological sciences
397,2026,2026_977,,Biological sciences
398,2026,2026_982,,Biological sciences
399,2026,2026_986,,Biological sciences
400,2026,2026_995,,Biological sciences
401,2026,2026_1000,,Biological sciences
402,2026,2026_1004,,Biological sciences
403,2026,2026_1007,,Biological sciences
404,2026,2026_1011,,Biological sciences
405,2026,2026_1013,,Biological sciences
406,2026,2026_1018,,Biological sciences
407,2026,2026_1019,,Biological sciences
408,2026,2026_1031,,Biological sciences
409,2026,2026_1032,Bioinformatics,Biological sciences
410,2026,2026_1033,,Biological sciences
411,2026,2026_1035,,Biological sciences
412,2026,2026_1036,,Biological sciences
413,2026,2026_1039,,Biological sciences
414,2026,2026_1040,,Biological sciences
415,2026,2026_1044,,Biological sciences
416,2026,2026_1046,Chemical sciences,Biological sciences
417,2026,2026_1048,,Biological sciences
418,2026,2026_1051,,Biological sciences
419,2026,2026_1055,,Biological sciences
420,2026,2026_1060,,Biological sciences
421,2026,2026_1069,,Biological sciences
422,2026,2026_1072,,Biological sciences
423,2026,2026_1075,,Biological sciences
424,2026,2026_1081,,Biological sciences
425,2026,2026_1082,,Biological sciences
426,2026,2026_1085,,Biological sciences
427,2026,2026_1086,,Biological sciences
428,2026,2026_1088,,Biological sciences
429,2026,2026_1089,,Biological sciences
430,2026,2026_1091,,Biological sciences
431,2026,2026_1095,,Biological sciences
432,2026,2026_1106,,Biological sciences
433,2026,2026_1112,,Biological sciences
434,2026,2026_1115,,Biological sciences
435,2026,2026_1126,,Biological sciences
436,2026,2026_1132,,Biological sciences
437,2026,2026_1133,,Biological sciences
438,2026,2026_1134,,Biological sciences
439,2026,2026_1135,,Biological sciences
440,2026,2026_1143,,Biological sciences
441,2026,2026_1145,,Biological sciences
442,2026,2026_1147,,Biological sciences
443,2026,2026_1154,,Biological sciences
444,2026,2026_1155,,Biological sciences
445,2026,2026_1159,,Biological sciences
446,2026,2026_1162,,Biological sciences
447,2026,2026_257,,Veterinary science
448,2026,2026_263,,Veterinary science
449,2026,2026_273,,Veterinary science
450,2026,2026_352,,Veterinary science
451,2026,2026_358,,Veterinary science
452,2026,2026_455,,Veterinary science
453,2026,2026_484,,Veterinary science
454,2026,2026_487,,Veterinary science
455,2026,2026_663,,Veterinary science
456,2026,2026_823,,Veterinary science
457,2026,2026_827,,Veterinary science
458,2026,2026_844,,Veterinary science
459,2026,2026_932,,Veterinary science
460,2026,2026_961,,Veterinary science
461,2026,2026_1018,,Veterinary science
462,2026,2026_1134,,Veterinary science
463,2026,2026_1143,,Veterinary science
464,2026,2026_17,,Agriculture and related subjects
465,2026,2026_26,,Agriculture and related subjects
466,2026,2026_48,,Agriculture and related subjects
467,2026,2026_69,,Agriculture and related subjects
468,2026,2026_124,,Agriculture and related subjects
469,2026,2026_132,,Agriculture and related subjects
470,2026,2026_144,,Agriculture and related subjects
471,2026,2026_156,,Agriculture and related subjects
472,2026,2026_167,,Agriculture and related subjects
473,2026,2026_171,Statistics,Agriculture and related subjects
474,2026,2026_187,,Agriculture and related subjects
475,2026,2026_188,,Agriculture and related subjects
476,2026,2026_257,,Agriculture and related subjects
477,2026,2026_263,,Agriculture and related subjects
478,2026,2026_264,,Agriculture and related subjects
479,2026,2026_266,,Agriculture and related subjects
480,2026,2026_325,,Agriculture and related subjects
481,2026,2026_351,,Agriculture and related subjects
482,2026,2026_352,,Agriculture and related subjects
483,2026,2026_360,,Agriculture and related subjects
484,2026,2026_363,,Agriculture and related subjects
485,2026,2026_399,,Agriculture and related subjects
486,2026,2026_414,,Agriculture and related subjects
487,2026,2026_484,,Agriculture and related subjects
488,2026,2026_534,,Agriculture and related subjects
489,2026,2026_548,,Agriculture and related subjects
490,2026,2026_554,,Agriculture and related subjects
491,2026,2026_582,,Agriculture and related subjects
492,2026,2026_622,,Agriculture and related subjects
493,2026,2026_631,,Agriculture and related subjects
494,2026,2026_644,,Agriculture and related subjects
495,2026,2026_662,,Agriculture and related subjects
496,2026,2026_663,,Agriculture and related subjects
497,2026,2026_664,Meteorology,Agriculture and related subjects
498,2026,2026_699,Environment and geological sciences ,Agriculture and related subjects
499,2026,2026_700,,Agriculture and related subjects
500,2026,2026_737,,Agriculture and related subjects
501,2026,2026_746,,Agriculture and related subjects
502,2026,2026_785,,Agriculture and related subjects
503,2026,2026_787,,Agriculture and related subjects
504,2026,2026_806,,Agriculture and related subjects
505,2026,2026_823,,Agriculture and related subjects
506,2026,2026_827,,Agriculture and related subjects
507,2026,2026_844,,Agriculture and related subjects
508,2026,2026_874,,Agriculture and related subjects
509,2026,2026_886,,Agriculture and related subjects
510,2026,2026_948,,Agriculture and related subjects
511,2026,2026_1010,Environmental sciences,Agriculture and related subjects
512,2026,2026_1015,,Agriculture and related subjects
513,2026,2026_1018,,Agriculture and related subjects
514,2026,2026_1032,Bioinformatics,Agriculture and related subjects
515,2026,2026_1033,,Agriculture and related subjects
516,2026,2026_1081,,Agriculture and related subjects
517,2026,2026_1092,,Agriculture and related subjects
518,2026,2026_1104,,Agriculture and related subjects
519,2026,2026_1106,,Agriculture and related subjects
520,2026,2026_1124,,Agriculture and related subjects
521,2026,2026_1127,,Agriculture and related subjects
522,2026,2026_1143,,Agriculture and related subjects
523,2026,2026_1154,,Agriculture and related subjects
524,2026,2026_1162,,Agriculture and related subjects
525,2026,2026_2,,Physical sciences
526,2026,2026_4,,Physical sciences
527,2026,2026_8,Digital Humanities,Physical sciences
528,2026,2026_10,,Physical sciences
529,2026,2026_11,,Physical sciences
530,2026,2026_12,,Physical sciences
531,2026,2026_13,,Physical sciences
532,2026,2026_17,,Physical sciences
533,2026,2026_26,,Physical sciences
534,2026,2026_31,"Any really, depends on who asks for help",Physical sciences
535,2026,2026_39,,Physical sciences
536,2026,2026_40,,Physical sciences
537,2026,2026_41,,Physical sciences
538,2026,2026_44,,Physical sciences
539,2026,2026_45,,Physical sciences
540,2026,2026_49,,Physical sciences
541,2026,2026_51,,Physical sciences
542,2026,2026_54,,Physical sciences
543,2026,2026_64,,Physical sciences
544,2026,2026_66,,Physical sciences
545,2026,2026_68,,Physical sciences
546,2026,2026_73,,Physical sciences
547,2026,2026_74,General Consulting,Physical sciences
548,2026,2026_82,,Physical sciences
549,2026,2026_85,,Physical sciences
550,2026,2026_86,,Physical sciences
551,2026,2026_89,,Physical sciences
552,2026,2026_93,,Physical sciences
553,2026,2026_94,,Physical sciences
554,2026,2026_95,,Physical sciences
555,2026,2026_97,,Physical sciences
556,2026,2026_101,,Physical sciences
557,2026,2026_103,,Physical sciences
558,2026,2026_105,,Physical sciences
559,2026,2026_106,,Physical sciences
560,2026,2026_107,,Physical sciences
561,2026,2026_109,,Physical sciences
562,2026,2026_110,,Physical sciences
563,2026,2026_116,,Physical sciences
564,2026,2026_117,,Physical sciences
565,2026,2026_118,,Physical sciences
566,2026,2026_124,,Physical sciences
567,2026,2026_127,Kognitive Neurowissenschaften,Physical sciences
568,2026,2026_136,,Physical sciences
569,2026,2026_143,,Physical sciences
570,2026,2026_144,,Physical sciences
571,2026,2026_145,Environmental Sciences,Physical sciences
572,2026,2026_147,Geowissenschaften,Physical sciences
573,2026,2026_149,,Physical sciences
574,2026,2026_150,,Physical sciences
575,2026,2026_154,,Physical sciences
576,2026,2026_156,,Physical sciences
577,2026,2026_157,,Physical sciences
578,2026,2026_162,,Physical sciences
579,2026,2026_169,,Physical sciences
580,2026,2026_170,,Physical sciences
581,2026,2026_171,Statistics,Physical sciences
582,2026,2026_176,,Physical sciences
583,2026,2026_180,,Physical sciences
584,2026,2026_187,,Physical sciences
585,2026,2026_189,,Physical sciences
586,2026,2026_190,Computational material science,Physical sciences
587,2026,2026_192,,Physical sciences
588,2026,2026_202,,Physical sciences
589,2026,2026_203,,Physical sciences
590,2026,2026_206,RSE,Physical sciences
591,2026,2026_209,,Physical sciences
592,2026,2026_211,,Physical sciences
593,2026,2026_212,,Physical sciences
594,2026,2026_215,,Physical sciences
595,2026,2026_216,,Physical sciences
596,2026,2026_218,,Physical sciences
597,2026,2026_219,,Physical sciences
598,2026,2026_221,,Physical sciences
599,2026,2026_224,,Physical sciences
600,2026,2026_228,,Physical sciences
601,2026,2026_231,,Physical sciences
602,2026,2026_232,,Physical sciences
603,2026,2026_235,,Physical sciences
604,2026,2026_243,,Physical sciences
605,2026,2026_249,,Physical sciences
606,2026,2026_250,,Physical sciences
607,2026,2026_253,,Physical sciences
608,2026,2026_255,,Physical sciences
609,2026,2026_263,,Physical sciences
610,2026,2026_265,,Physical sciences
611,2026,2026_268,,Physical sciences
612,2026,2026_275,,Physical sciences
613,2026,2026_284,Fintech,Physical sciences
614,2026,2026_285,,Physical sciences
615,2026,2026_286,,Physical sciences
616,2026,2026_291,,Physical sciences
617,2026,2026_292,,Physical sciences
618,2026,2026_296,,Physical sciences
619,2026,2026_298,,Physical sciences
620,2026,2026_304,,Physical sciences
621,2026,2026_306,,Physical sciences
622,2026,2026_307,,Physical sciences
623,2026,2026_309,,Physical sciences
624,2026,2026_319,,Physical sciences
625,2026,2026_320,,Physical sciences
626,2026,2026_322,,Physical sciences
627,2026,2026_326,,Physical sciences
628,2026,2026_328,,Physical sciences
629,2026,2026_330,,Physical sciences
630,2026,2026_331,,Physical sciences
631,2026,2026_336,Climate Science,Physical sciences
632,2026,2026_342,,Physical sciences
633,2026,2026_349,,Physical sciences
634,2026,2026_351,,Physical sciences
635,2026,2026_352,,Physical sciences
636,2026,2026_354,,Physical sciences
637,2026,2026_355,,Physical sciences
638,2026,2026_356,,Physical sciences
639,2026,2026_358,,Physical sciences
640,2026,2026_363,,Physical sciences
641,2026,2026_366,,Physical sciences
642,2026,2026_371,,Physical sciences
643,2026,2026_378,,Physical sciences
644,2026,2026_381,,Physical sciences
645,2026,2026_389,,Physical sciences
646,2026,2026_394,,Physical sciences
647,2026,2026_398,,Physical sciences
648,2026,2026_403,,Physical sciences
649,2026,2026_405,,Physical sciences
650,2026,2026_413,,Physical sciences
651,2026,2026_415,,Physical sciences
652,2026,2026_421,,Physical sciences
653,2026,2026_422,,Physical sciences
654,2026,2026_424,,Physical sciences
655,2026,2026_425,,Physical sciences
656,2026,2026_427,,Physical sciences
657,2026,2026_430,,Physical sciences
658,2026,2026_433,electro chemistry,Physical sciences
659,2026,2026_434,,Physical sciences
660,2026,2026_440,,Physical sciences
661,2026,2026_441,,Physical sciences
662,2026,2026_442,,Physical sciences
663,2026,2026_453,,Physical sciences
664,2026,2026_456,,Physical sciences
665,2026,2026_461,,Physical sciences
666,2026,2026_472,,Physical sciences
667,2026,2026_475,,Physical sciences
668,2026,2026_484,,Physical sciences
669,2026,2026_485,,Physical sciences
670,2026,2026_486,Eath Sciences,Physical sciences
671,2026,2026_488,,Physical sciences
672,2026,2026_496,,Physical sciences
673,2026,2026_516,,Physical sciences
674,2026,2026_520,,Physical sciences
675,2026,2026_521,Chemistry,Physical sciences
676,2026,2026_523,,Physical sciences
677,2026,2026_537,,Physical sciences
678,2026,2026_539,,Physical sciences
679,2026,2026_542,Earth Sciences,Physical sciences
680,2026,2026_548,,Physical sciences
681,2026,2026_549,,Physical sciences
682,2026,2026_550,,Physical sciences
683,2026,2026_552,,Physical sciences
684,2026,2026_556,,Physical sciences
685,2026,2026_558,,Physical sciences
686,2026,2026_562,,Physical sciences
687,2026,2026_570,,Physical sciences
688,2026,2026_572,,Physical sciences
689,2026,2026_573,,Physical sciences
690,2026,2026_577,,Physical sciences
691,2026,2026_580,,Physical sciences
692,2026,2026_581,,Physical sciences
693,2026,2026_582,,Physical sciences
694,2026,2026_584,,Physical sciences
695,2026,2026_587,,Physical sciences
696,2026,2026_588,Aerospace,Physical sciences
697,2026,2026_597,Geochemistry,Physical sciences
698,2026,2026_598,,Physical sciences
699,2026,2026_600,,Physical sciences
700,2026,2026_604,,Physical sciences
701,2026,2026_610,,Physical sciences
702,2026,2026_625,,Physical sciences
703,2026,2026_652,,Physical sciences
704,2026,2026_653,,Physical sciences
705,2026,2026_654,,Physical sciences
706,2026,2026_655,,Physical sciences
707,2026,2026_664,Meteorology,Physical sciences
708,2026,2026_668,,Physical sciences
709,2026,2026_671,,Physical sciences
710,2026,2026_672,,Physical sciences
711,2026,2026_677,,Physical sciences
712,2026,2026_687,,Physical sciences
713,2026,2026_690,,Physical sciences
714,2026,2026_692,,Physical sciences
715,2026,2026_696,,Physical sciences
716,2026,2026_698,,Physical sciences
717,2026,2026_701,,Physical sciences
718,2026,2026_704,,Physical sciences
719,2026,2026_705,,Physical sciences
720,2026,2026_715,,Physical sciences
721,2026,2026_719,Geochemistry,Physical sciences
722,2026,2026_721,,Physical sciences
723,2026,2026_724,,Physical sciences
724,2026,2026_730,,Physical sciences
725,2026,2026_736,,Physical sciences
726,2026,2026_741,,Physical sciences
727,2026,2026_747,,Physical sciences
728,2026,2026_748,,Physical sciences
729,2026,2026_749,,Physical sciences
730,2026,2026_750,,Physical sciences
731,2026,2026_755,,Physical sciences
732,2026,2026_756,,Physical sciences
733,2026,2026_759,,Physical sciences
734,2026,2026_762,,Physical sciences
735,2026,2026_767,,Physical sciences
736,2026,2026_770,,Physical sciences
737,2026,2026_773,,Physical sciences
738,2026,2026_774,,Physical sciences
739,2026,2026_776,,Physical sciences
740,2026,2026_785,,Physical sciences
741,2026,2026_790,,Physical sciences
742,2026,2026_791,,Physical sciences
743,2026,2026_792,,Physical sciences
744,2026,2026_793,,Physical sciences
745,2026,2026_795,,Physical sciences
746,2026,2026_797,,Physical sciences
747,2026,2026_802,,Physical sciences
748,2026,2026_804,,Physical sciences
749,2026,2026_805,,Physical sciences
750,2026,2026_811,,Physical sciences
751,2026,2026_812,,Physical sciences
752,2026,2026_817,,Physical sciences
753,2026,2026_818,,Physical sciences
754,2026,2026_819,,Physical sciences
755,2026,2026_821,,Physical sciences
756,2026,2026_822,,Physical sciences
757,2026,2026_823,,Physical sciences
758,2026,2026_826,,Physical sciences
759,2026,2026_827,,Physical sciences
760,2026,2026_828,,Physical sciences
761,2026,2026_831,,Physical sciences
762,2026,2026_835,,Physical sciences
763,2026,2026_836,,Physical sciences
764,2026,2026_841,,Physical sciences
765,2026,2026_842,,Physical sciences
766,2026,2026_843,,Physical sciences
767,2026,2026_845,,Physical sciences
768,2026,2026_846,,Physical sciences
769,2026,2026_849,,Physical sciences
770,2026,2026_850,,Physical sciences
771,2026,2026_856,,Physical sciences
772,2026,2026_857,,Physical sciences
773,2026,2026_859,,Physical sciences
774,2026,2026_861,,Physical sciences
775,2026,2026_865,,Physical sciences
776,2026,2026_866,,Physical sciences
777,2026,2026_868,,Physical sciences
778,2026,2026_869,,Physical sciences
779,2026,2026_871,,Physical sciences
780,2026,2026_873,,Physical sciences
781,2026,2026_874,,Physical sciences
782,2026,2026_875,,Physical sciences
783,2026,2026_876,,Physical sciences
784,2026,2026_879,,Physical sciences
785,2026,2026_885,,Physical sciences
786,2026,2026_886,,Physical sciences
787,2026,2026_892,,Physical sciences
788,2026,2026_893,,Physical sciences
789,2026,2026_894,,Physical sciences
790,2026,2026_895,,Physical sciences
791,2026,2026_896,,Physical sciences
792,2026,2026_902,,Physical sciences
793,2026,2026_903,,Physical sciences
794,2026,2026_906,,Physical sciences
795,2026,2026_909,,Physical sciences
796,2026,2026_910,,Physical sciences
797,2026,2026_917,,Physical sciences
798,2026,2026_918,,Physical sciences
799,2026,2026_923,,Physical sciences
800,2026,2026_925,Chemistry,Physical sciences
801,2026,2026_928,,Physical sciences
802,2026,2026_929,,Physical sciences
803,2026,2026_930,,Physical sciences
804,2026,2026_931,,Physical sciences
805,2026,2026_934,,Physical sciences
806,2026,2026_938,,Physical sciences
807,2026,2026_942,,Physical sciences
808,2026,2026_943,,Physical sciences
809,2026,2026_944,,Physical sciences
810,2026,2026_946,,Physical sciences
811,2026,2026_947,,Physical sciences
812,2026,2026_949,,Physical sciences
813,2026,2026_951,,Physical sciences
814,2026,2026_952,,Physical sciences
815,2026,2026_954,,Physical sciences
816,2026,2026_956,,Physical sciences
817,2026,2026_959,,Physical sciences
818,2026,2026_960,,Physical sciences
819,2026,2026_962,,Physical sciences
820,2026,2026_963,,Physical sciences
821,2026,2026_966,,Physical sciences
822,2026,2026_974,,Physical sciences
823,2026,2026_975,,Physical sciences
824,2026,2026_977,,Physical sciences
825,2026,2026_978,,Physical sciences
826,2026,2026_981,,Physical sciences
827,2026,2026_1001,,Physical sciences
828,2026,2026_1002,,Physical sciences
829,2026,2026_1007,,Physical sciences
830,2026,2026_1008,,Physical sciences
831,2026,2026_1009,,Physical sciences
832,2026,2026_1011,,Physical sciences
833,2026,2026_1014,,Physical sciences
834,2026,2026_1016,,Physical sciences
835,2026,2026_1018,,Physical sciences
836,2026,2026_1019,,Physical sciences
837,2026,2026_1023,,Physical sciences
838,2026,2026_1024,,Physical sciences
839,2026,2026_1034,,Physical sciences
840,2026,2026_1038,,Physical sciences
841,2026,2026_1045,,Physical sciences
842,2026,2026_1052,,Physical sciences
843,2026,2026_1058,,Physical sciences
844,2026,2026_1068,,Physical sciences
845,2026,2026_1069,,Physical sciences
846,2026,2026_1070,,Physical sciences
847,2026,2026_1073,,Physical sciences
848,2026,2026_1075,,Physical sciences
849,2026,2026_1076,,Physical sciences
850,2026,2026_1078,,Physical sciences
851,2026,2026_1080,,Physical sciences
852,2026,2026_1081,,Physical sciences
853,2026,2026_1083,,Physical sciences
854,2026,2026_1092,,Physical sciences
855,2026,2026_1093,,Physical sciences
856,2026,2026_1094,High Performance Computing,Physical sciences
857,2026,2026_1095,,Physical sciences
858,2026,2026_1101,,Physical sciences
859,2026,2026_1103,,Physical sciences
860,2026,2026_1109,,Physical sciences
861,2026,2026_1115,,Physical sciences
862,2026,2026_1116,,Physical sciences
863,2026,2026_1124,,Physical sciences
864,2026,2026_1127,,Physical sciences
865,2026,2026_1131,,Physical sciences
866,2026,2026_1137,,Physical sciences
867,2026,2026_1140,,Physical sciences
868,2026,2026_1143,,Physical sciences
869,2026,2026_1144,,Physical sciences
870,2026,2026_1151,Environmental sciences,Physical sciences
871,2026,2026_1152,,Physical sciences
872,2026,2026_1155,,Physical sciences
873,2026,2026_1157,,Physical sciences
874,2026,2026_1158,,Physical sciences
875,2026,2026_1159,,Physical sciences
876,2026,2026_1162,,Physical sciences
877,2026,2026_8,Digital Humanities,Mathematical sciences
878,2026,2026_31,"Any really, depends on who asks for help",Mathematical sciences
879,2026,2026_56,,Mathematical sciences
880,2026,2026_60,,Mathematical sciences
881,2026,2026_66,,Mathematical sciences
882,2026,2026_73,,Mathematical sciences
883,2026,2026_83,,Mathematical sciences
884,2026,2026_102,,Mathematical sciences
885,2026,2026_107,,Mathematical sciences
886,2026,2026_133,,Mathematical sciences
887,2026,2026_146,,Mathematical sciences
888,2026,2026_154,,Mathematical sciences
889,2026,2026_157,,Mathematical sciences
890,2026,2026_164,,Mathematical sciences
891,2026,2026_168,,Mathematical sciences
892,2026,2026_171,Statistics,Mathematical sciences
893,2026,2026_187,,Mathematical sciences
894,2026,2026_191,,Mathematical sciences
895,2026,2026_198,,Mathematical sciences
896,2026,2026_202,,Mathematical sciences
897,2026,2026_206,RSE,Mathematical sciences
898,2026,2026_211,,Mathematical sciences
899,2026,2026_224,,Mathematical sciences
900,2026,2026_232,,Mathematical sciences
901,2026,2026_246,,Mathematical sciences
902,2026,2026_263,,Mathematical sciences
903,2026,2026_267,,Mathematical sciences
904,2026,2026_284,Fintech,Mathematical sciences
905,2026,2026_292,,Mathematical sciences
906,2026,2026_297,,Mathematical sciences
907,2026,2026_298,,Mathematical sciences
908,2026,2026_302,,Mathematical sciences
909,2026,2026_307,,Mathematical sciences
910,2026,2026_317,,Mathematical sciences
911,2026,2026_328,,Mathematical sciences
912,2026,2026_331,,Mathematical sciences
913,2026,2026_338,,Mathematical sciences
914,2026,2026_349,,Mathematical sciences
915,2026,2026_351,,Mathematical sciences
916,2026,2026_363,,Mathematical sciences
917,2026,2026_365,,Mathematical sciences
918,2026,2026_371,,Mathematical sciences
919,2026,2026_405,,Mathematical sciences
920,2026,2026_419,,Mathematical sciences
921,2026,2026_453,,Mathematical sciences
922,2026,2026_466,,Mathematical sciences
923,2026,2026_484,,Mathematical sciences
924,2026,2026_495,,Mathematical sciences
925,2026,2026_516,,Mathematical sciences
926,2026,2026_534,,Mathematical sciences
927,2026,2026_539,,Mathematical sciences
928,2026,2026_548,,Mathematical sciences
929,2026,2026_577,,Mathematical sciences
930,2026,2026_582,,Mathematical sciences
931,2026,2026_588,Aerospace,Mathematical sciences
932,2026,2026_604,,Mathematical sciences
933,2026,2026_659,,Mathematical sciences
934,2026,2026_663,,Mathematical sciences
935,2026,2026_668,,Mathematical sciences
936,2026,2026_671,,Mathematical sciences
937,2026,2026_694,,Mathematical sciences
938,2026,2026_697,,Mathematical sciences
939,2026,2026_724,,Mathematical sciences
940,2026,2026_730,,Mathematical sciences
941,2026,2026_736,,Mathematical sciences
942,2026,2026_744,,Mathematical sciences
943,2026,2026_756,,Mathematical sciences
944,2026,2026_759,,Mathematical sciences
945,2026,2026_762,,Mathematical sciences
946,2026,2026_767,,Mathematical sciences
947,2026,2026_773,,Mathematical sciences
948,2026,2026_774,,Mathematical sciences
949,2026,2026_780,,Mathematical sciences
950,2026,2026_781,,Mathematical sciences
951,2026,2026_804,,Mathematical sciences
952,2026,2026_821,,Mathematical sciences
953,2026,2026_823,,Mathematical sciences
954,2026,2026_827,,Mathematical sciences
955,2026,2026_845,,Mathematical sciences
956,2026,2026_850,,Mathematical sciences
957,2026,2026_862,,Mathematical sciences
958,2026,2026_874,,Mathematical sciences
959,2026,2026_877,,Mathematical sciences
960,2026,2026_878,"Particle Physics, Astrophysics, Cosmology, Solar System and Planetary Science and Nuclear Physics theory community",Mathematical sciences
961,2026,2026_886,,Mathematical sciences
962,2026,2026_893,,Mathematical sciences
963,2026,2026_897,,Mathematical sciences
964,2026,2026_900,,Mathematical sciences
965,2026,2026_907,,Mathematical sciences
966,2026,2026_924,,Mathematical sciences
967,2026,2026_930,,Mathematical sciences
968,2026,2026_942,,Mathematical sciences
969,2026,2026_944,,Mathematical sciences
970,2026,2026_952,,Mathematical sciences
971,2026,2026_954,,Mathematical sciences
972,2026,2026_964,Statistics,Mathematical sciences
973,2026,2026_995,,Mathematical sciences
974,2026,2026_1004,,Mathematical sciences
975,2026,2026_1012,,Mathematical sciences
976,2026,2026_1013,,Mathematical sciences
977,2026,2026_1014,,Mathematical sciences
978,2026,2026_1018,,Mathematical sciences
979,2026,2026_1038,,Mathematical sciences
980,2026,2026_1039,,Mathematical sciences
981,2026,2026_1051,,Mathematical sciences
982,2026,2026_1065,,Mathematical sciences
983,2026,2026_1069,,Mathematical sciences
984,2026,2026_1075,,Mathematical sciences
985,2026,2026_1080,,Mathematical sciences
986,2026,2026_1106,,Mathematical sciences
987,2026,2026_1115,,Mathematical sciences
988,2026,2026_1121,,Mathematical sciences
989,2026,2026_1124,,Mathematical sciences
990,2026,2026_1131,,Mathematical sciences
991,2026,2026_1141,,Mathematical sciences
992,2026,2026_1143,,Mathematical sciences
993,2026,2026_1150,,Mathematical sciences
994,2026,2026_1158,,Mathematical sciences
995,2026,2026_1162,,Mathematical sciences
996,2026,2026_3,,Computer science
997,2026,2026_8,Digital Humanities,Computer science
998,2026,2026_9,,Computer science
999,2026,2026_17,,Computer science
1000,2026,2026_18,,Computer science
1001,2026,2026_23,,Computer science
1002,2026,2026_24,,Computer science
1003,2026,2026_30,,Computer science
1004,2026,2026_31,"Any really, depends on who asks for help",Computer science
1005,2026,2026_34,,Computer science
1006,2026,2026_39,,Computer science
1007,2026,2026_41,,Computer science
1008,2026,2026_44,,Computer science
1009,2026,2026_45,,Computer science
1010,2026,2026_49,,Computer science
1011,2026,2026_56,,Computer science
1012,2026,2026_61,,Computer science
1013,2026,2026_63,,Computer science
1014,2026,2026_66,,Computer science
1015,2026,2026_69,,Computer science
1016,2026,2026_73,,Computer science
1017,2026,2026_82,,Computer science
1018,2026,2026_83,,Computer science
1019,2026,2026_86,,Computer science
1020,2026,2026_87,Neuroscience,Computer science
1021,2026,2026_88,,Computer science
1022,2026,2026_89,,Computer science
1023,2026,2026_94,,Computer science
1024,2026,2026_97,,Computer science
1025,2026,2026_99,,Computer science
1026,2026,2026_101,,Computer science
1027,2026,2026_105,,Computer science
1028,2026,2026_107,,Computer science
1029,2026,2026_109,,Computer science
1030,2026,2026_110,,Computer science
1031,2026,2026_116,,Computer science
1032,2026,2026_119,,Computer science
1033,2026,2026_121,,Computer science
1034,2026,2026_122,,Computer science
1035,2026,2026_124,,Computer science
1036,2026,2026_127,Kognitive Neurowissenschaften,Computer science
1037,2026,2026_130,,Computer science
1038,2026,2026_132,,Computer science
1039,2026,2026_133,,Computer science
1040,2026,2026_135,,Computer science
1041,2026,2026_136,,Computer science
1042,2026,2026_137,,Computer science
1043,2026,2026_143,,Computer science
1044,2026,2026_149,,Computer science
1045,2026,2026_154,,Computer science
1046,2026,2026_156,,Computer science
1047,2026,2026_162,,Computer science
1048,2026,2026_163,,Computer science
1049,2026,2026_167,,Computer science
1050,2026,2026_168,,Computer science
1051,2026,2026_170,,Computer science
1052,2026,2026_176,,Computer science
1053,2026,2026_177,,Computer science
1054,2026,2026_182,,Computer science
1055,2026,2026_184,,Computer science
1056,2026,2026_185,,Computer science
1057,2026,2026_188,,Computer science
1058,2026,2026_191,,Computer science
1059,2026,2026_194,,Computer science
1060,2026,2026_195,,Computer science
1061,2026,2026_196,,Computer science
1062,2026,2026_198,,Computer science
1063,2026,2026_200,,Computer science
1064,2026,2026_202,,Computer science
1065,2026,2026_205,,Computer science
1066,2026,2026_206,RSE,Computer science
1067,2026,2026_209,,Computer science
1068,2026,2026_214,,Computer science
1069,2026,2026_215,,Computer science
1070,2026,2026_217,,Computer science
1071,2026,2026_220,,Computer science
1072,2026,2026_222,,Computer science
1073,2026,2026_227,,Computer science
1074,2026,2026_229,,Computer science
1075,2026,2026_232,,Computer science
1076,2026,2026_240,,Computer science
1077,2026,2026_244,,Computer science
1078,2026,2026_246,,Computer science
1079,2026,2026_247,,Computer science
1080,2026,2026_248,,Computer science
1081,2026,2026_249,,Computer science
1082,2026,2026_250,,Computer science
1083,2026,2026_251,,Computer science
1084,2026,2026_259,Research Data Management,Computer science
1085,2026,2026_263,,Computer science
1086,2026,2026_266,,Computer science
1087,2026,2026_267,,Computer science
1088,2026,2026_273,,Computer science
1089,2026,2026_279,,Computer science
1090,2026,2026_281,,Computer science
1091,2026,2026_283,,Computer science
1092,2026,2026_284,Fintech,Computer science
1093,2026,2026_296,,Computer science
1094,2026,2026_297,,Computer science
1095,2026,2026_298,,Computer science
1096,2026,2026_299,,Computer science
1097,2026,2026_302,,Computer science
1098,2026,2026_306,,Computer science
1099,2026,2026_307,,Computer science
1100,2026,2026_308,,Computer science
1101,2026,2026_311,,Computer science
1102,2026,2026_317,,Computer science
1103,2026,2026_319,,Computer science
1104,2026,2026_320,,Computer science
1105,2026,2026_322,,Computer science
1106,2026,2026_328,,Computer science
1107,2026,2026_329,,Computer science
1108,2026,2026_330,,Computer science
1109,2026,2026_334,,Computer science
1110,2026,2026_336,Climate Science,Computer science
1111,2026,2026_338,,Computer science
1112,2026,2026_340,,Computer science
1113,2026,2026_343,,Computer science
1114,2026,2026_344,,Computer science
1115,2026,2026_347,,Computer science
1116,2026,2026_349,,Computer science
1117,2026,2026_351,,Computer science
1118,2026,2026_354,,Computer science
1119,2026,2026_355,,Computer science
1120,2026,2026_359,,Computer science
1121,2026,2026_363,,Computer science
1122,2026,2026_364,,Computer science
1123,2026,2026_365,,Computer science
1124,2026,2026_366,,Computer science
1125,2026,2026_367,,Computer science
1126,2026,2026_369,,Computer science
1127,2026,2026_371,,Computer science
1128,2026,2026_372,,Computer science
1129,2026,2026_375,,Computer science
1130,2026,2026_379,,Computer science
1131,2026,2026_380,,Computer science
1132,2026,2026_382,,Computer science
1133,2026,2026_383,,Computer science
1134,2026,2026_385,,Computer science
1135,2026,2026_386,,Computer science
1136,2026,2026_387,,Computer science
1137,2026,2026_388,,Computer science
1138,2026,2026_389,,Computer science
1139,2026,2026_390,,Computer science
1140,2026,2026_397,,Computer science
1141,2026,2026_399,,Computer science
1142,2026,2026_403,,Computer science
1143,2026,2026_405,,Computer science
1144,2026,2026_407,,Computer science
1145,2026,2026_408,,Computer science
1146,2026,2026_413,,Computer science
1147,2026,2026_415,,Computer science
1148,2026,2026_418,,Computer science
1149,2026,2026_420,,Computer science
1150,2026,2026_421,,Computer science
1151,2026,2026_422,,Computer science
1152,2026,2026_424,,Computer science
1153,2026,2026_433,electro chemistry,Computer science
1154,2026,2026_437,,Computer science
1155,2026,2026_440,,Computer science
1156,2026,2026_441,,Computer science
1157,2026,2026_446,,Computer science
1158,2026,2026_451,,Computer science
1159,2026,2026_453,,Computer science
1160,2026,2026_456,,Computer science
1161,2026,2026_458,,Computer science
1162,2026,2026_461,,Computer science
1163,2026,2026_468,,Computer science
1164,2026,2026_471,,Computer science
1165,2026,2026_472,,Computer science
1166,2026,2026_474,,Computer science
1167,2026,2026_475,,Computer science
1168,2026,2026_481,,Computer science
1169,2026,2026_484,,Computer science
1170,2026,2026_485,,Computer science
1171,2026,2026_487,,Computer science
1172,2026,2026_494,,Computer science
1173,2026,2026_503,,Computer science
1174,2026,2026_504,,Computer science
1175,2026,2026_505,,Computer science
1176,2026,2026_506,,Computer science
1177,2026,2026_511,,Computer science
1178,2026,2026_515,Data visualization,Computer science
1179,2026,2026_516,,Computer science
1180,2026,2026_517,,Computer science
1181,2026,2026_523,,Computer science
1182,2026,2026_529,,Computer science
1183,2026,2026_531,,Computer science
1184,2026,2026_541,,Computer science
1185,2026,2026_548,,Computer science
1186,2026,2026_549,,Computer science
1187,2026,2026_552,,Computer science
1188,2026,2026_554,,Computer science
1189,2026,2026_557,,Computer science
1190,2026,2026_571,Geosciences,Computer science
1191,2026,2026_580,,Computer science
1192,2026,2026_582,,Computer science
1193,2026,2026_588,Aerospace,Computer science
1194,2026,2026_589,,Computer science
1195,2026,2026_595,,Computer science
1196,2026,2026_599,,Computer science
1197,2026,2026_603,Anwender sind aus allen möglichen Gebieten,Computer science
1198,2026,2026_604,,Computer science
1199,2026,2026_613,,Computer science
1200,2026,2026_617,,Computer science
1201,2026,2026_618,,Computer science
1202,2026,2026_620,,Computer science
1203,2026,2026_621,Robotics,Computer science
1204,2026,2026_625,,Computer science
1205,2026,2026_627,,Computer science
1206,2026,2026_628,Information Science,Computer science
1207,2026,2026_629,,Computer science
1208,2026,2026_636,,Computer science
1209,2026,2026_644,,Computer science
1210,2026,2026_645,,Computer science
1211,2026,2026_646,,Computer science
1212,2026,2026_653,,Computer science
1213,2026,2026_654,,Computer science
1214,2026,2026_657,,Computer science
1215,2026,2026_659,,Computer science
1216,2026,2026_663,,Computer science
1217,2026,2026_664,Meteorology,Computer science
1218,2026,2026_668,,Computer science
1219,2026,2026_671,,Computer science
1220,2026,2026_672,,Computer science
1221,2026,2026_673,,Computer science
1222,2026,2026_675,,Computer science
1223,2026,2026_678,,Computer science
1224,2026,2026_680,,Computer science
1225,2026,2026_683,,Computer science
1226,2026,2026_685,,Computer science
1227,2026,2026_689,,Computer science
1228,2026,2026_690,,Computer science
1229,2026,2026_694,,Computer science
1230,2026,2026_696,,Computer science
1231,2026,2026_701,,Computer science
1232,2026,2026_705,,Computer science
1233,2026,2026_707,,Computer science
1234,2026,2026_709,,Computer science
1235,2026,2026_713,,Computer science
1236,2026,2026_715,,Computer science
1237,2026,2026_716,,Computer science
1238,2026,2026_717,,Computer science
1239,2026,2026_718,,Computer science
1240,2026,2026_719,Geochemistry,Computer science
1241,2026,2026_721,,Computer science
1242,2026,2026_722,,Computer science
1243,2026,2026_730,,Computer science
1244,2026,2026_732,,Computer science
1245,2026,2026_733,,Computer science
1246,2026,2026_735,,Computer science
1247,2026,2026_736,,Computer science
1248,2026,2026_744,,Computer science
1249,2026,2026_746,,Computer science
1250,2026,2026_747,,Computer science
1251,2026,2026_753,Software development,Computer science
1252,2026,2026_759,,Computer science
1253,2026,2026_762,,Computer science
1254,2026,2026_764,,Computer science
1255,2026,2026_765,,Computer science
1256,2026,2026_768,Geisteswissenschaften,Computer science
1257,2026,2026_774,,Computer science
1258,2026,2026_776,,Computer science
1259,2026,2026_779,,Computer science
1260,2026,2026_780,,Computer science
1261,2026,2026_785,,Computer science
1262,2026,2026_786,,Computer science
1263,2026,2026_793,,Computer science
1264,2026,2026_795,,Computer science
1265,2026,2026_801,,Computer science
1266,2026,2026_806,,Computer science
1267,2026,2026_813,,Computer science
1268,2026,2026_816,,Computer science
1269,2026,2026_818,,Computer science
1270,2026,2026_819,,Computer science
1271,2026,2026_820,,Computer science
1272,2026,2026_821,,Computer science
1273,2026,2026_823,,Computer science
1274,2026,2026_827,,Computer science
1275,2026,2026_831,,Computer science
1276,2026,2026_836,,Computer science
1277,2026,2026_838,Literature,Computer science
1278,2026,2026_842,,Computer science
1279,2026,2026_843,,Computer science
1280,2026,2026_845,,Computer science
1281,2026,2026_856,,Computer science
1282,2026,2026_861,,Computer science
1283,2026,2026_867,,Computer science
1284,2026,2026_871,,Computer science
1285,2026,2026_872,,Computer science
1286,2026,2026_874,,Computer science
1287,2026,2026_877,,Computer science
1288,2026,2026_878,"Particle Physics, Astrophysics, Cosmology, Solar System and Planetary Science and Nuclear Physics theory community",Computer science
1289,2026,2026_881,,Computer science
1290,2026,2026_886,,Computer science
1291,2026,2026_887,,Computer science
1292,2026,2026_888,,Computer science
1293,2026,2026_891,,Computer science
1294,2026,2026_893,,Computer science
1295,2026,2026_895,,Computer science
1296,2026,2026_896,,Computer science
1297,2026,2026_897,,Computer science
1298,2026,2026_900,,Computer science
1299,2026,2026_901,,Computer science
1300,2026,2026_910,,Computer science
1301,2026,2026_914,"We operate university-wide, so all of the above",Computer science
1302,2026,2026_918,,Computer science
1303,2026,2026_920,,Computer science
1304,2026,2026_923,,Computer science
1305,2026,2026_924,,Computer science
1306,2026,2026_925,Chemistry,Computer science
1307,2026,2026_926,,Computer science
1308,2026,2026_927,,Computer science
1309,2026,2026_929,,Computer science
1310,2026,2026_931,,Computer science
1311,2026,2026_934,,Computer science
1312,2026,2026_935,,Computer science
1313,2026,2026_936,Informationswissenschaften,Computer science
1314,2026,2026_939,,Computer science
1315,2026,2026_940,,Computer science
1316,2026,2026_944,,Computer science
1317,2026,2026_952,,Computer science
1318,2026,2026_954,,Computer science
1319,2026,2026_961,,Computer science
1320,2026,2026_967,,Computer science
1321,2026,2026_968,,Computer science
1322,2026,2026_970,,Computer science
1323,2026,2026_971,,Computer science
1324,2026,2026_973,,Computer science
1325,2026,2026_984,Information Systems,Computer science
1326,2026,2026_986,,Computer science
1327,2026,2026_998,Geoinformation,Computer science
1328,2026,2026_1007,,Computer science
1329,2026,2026_1012,,Computer science
1330,2026,2026_1013,,Computer science
1331,2026,2026_1014,,Computer science
1332,2026,2026_1016,,Computer science
1333,2026,2026_1017,Geography,Computer science
1334,2026,2026_1018,,Computer science
1335,2026,2026_1019,,Computer science
1336,2026,2026_1024,,Computer science
1337,2026,2026_1026,,Computer science
1338,2026,2026_1028,,Computer science
1339,2026,2026_1029,,Computer science
1340,2026,2026_1030,,Computer science
1341,2026,2026_1032,Bioinformatics,Computer science
1342,2026,2026_1033,,Computer science
1343,2026,2026_1039,,Computer science
1344,2026,2026_1040,,Computer science
1345,2026,2026_1042,Bilbiotecas y apoyo a la investigación,Computer science
1346,2026,2026_1048,,Computer science
1347,2026,2026_1051,,Computer science
1348,2026,2026_1058,,Computer science
1349,2026,2026_1060,,Computer science
1350,2026,2026_1063,,Computer science
1351,2026,2026_1065,,Computer science
1352,2026,2026_1068,,Computer science
1353,2026,2026_1069,,Computer science
1354,2026,2026_1070,,Computer science
1355,2026,2026_1073,,Computer science
1356,2026,2026_1075,,Computer science
1357,2026,2026_1077,,Computer science
1358,2026,2026_1079,,Computer science
1359,2026,2026_1080,,Computer science
1360,2026,2026_1081,,Computer science
1361,2026,2026_1082,,Computer science
1362,2026,2026_1088,,Computer science
1363,2026,2026_1089,,Computer science
1364,2026,2026_1091,,Computer science
1365,2026,2026_1092,,Computer science
1366,2026,2026_1094,High Performance Computing,Computer science
1367,2026,2026_1095,,Computer science
1368,2026,2026_1106,,Computer science
1369,2026,2026_1110,,Computer science
1370,2026,2026_1113,Neuroscience,Computer science
1371,2026,2026_1115,,Computer science
1372,2026,2026_1116,,Computer science
1373,2026,2026_1118,,Computer science
1374,2026,2026_1124,,Computer science
1375,2026,2026_1125,,Computer science
1376,2026,2026_1126,,Computer science
1377,2026,2026_1127,,Computer science
1378,2026,2026_1128,,Computer science
1379,2026,2026_1132,,Computer science
1380,2026,2026_1133,,Computer science
1381,2026,2026_1134,,Computer science
1382,2026,2026_1135,,Computer science
1383,2026,2026_1137,,Computer science
1384,2026,2026_1141,,Computer science
1385,2026,2026_1143,,Computer science
1386,2026,2026_1145,,Computer science
1387,2026,2026_1146,,Computer science
1388,2026,2026_1150,,Computer science
1389,2026,2026_1152,,Computer science
1390,2026,2026_1153,,Computer science
1391,2026,2026_1157,,Computer science
1392,2026,2026_1158,,Computer science
1393,2026,2026_1162,,Computer science
1394,2026,2026_8,Digital Humanities,Engineering and technology
1395,2026,2026_9,,Engineering and technology
1396,2026,2026_17,,Engineering and technology
1397,2026,2026_24,,Engineering and technology
1398,2026,2026_30,,Engineering and technology
1399,2026,2026_31,"Any really, depends on who asks for help",Engineering and technology
1400,2026,2026_40,,Engineering and technology
1401,2026,2026_41,,Engineering and technology
1402,2026,2026_45,,Engineering and technology
1403,2026,2026_49,,Engineering and technology
1404,2026,2026_54,,Engineering and technology
1405,2026,2026_60,,Engineering and technology
1406,2026,2026_62,,Engineering and technology
1407,2026,2026_72,natural sciences,Engineering and technology
1408,2026,2026_73,,Engineering and technology
1409,2026,2026_81,,Engineering and technology
1410,2026,2026_82,,Engineering and technology
1411,2026,2026_83,,Engineering and technology
1412,2026,2026_88,,Engineering and technology
1413,2026,2026_89,,Engineering and technology
1414,2026,2026_91,,Engineering and technology
1415,2026,2026_98,,Engineering and technology
1416,2026,2026_105,,Engineering and technology
1417,2026,2026_107,,Engineering and technology
1418,2026,2026_110,,Engineering and technology
1419,2026,2026_115,,Engineering and technology
1420,2026,2026_117,,Engineering and technology
1421,2026,2026_122,,Engineering and technology
1422,2026,2026_133,,Engineering and technology
1423,2026,2026_136,,Engineering and technology
1424,2026,2026_137,,Engineering and technology
1425,2026,2026_149,,Engineering and technology
1426,2026,2026_150,,Engineering and technology
1427,2026,2026_154,,Engineering and technology
1428,2026,2026_156,,Engineering and technology
1429,2026,2026_162,,Engineering and technology
1430,2026,2026_167,,Engineering and technology
1431,2026,2026_170,,Engineering and technology
1432,2026,2026_176,,Engineering and technology
1433,2026,2026_185,,Engineering and technology
1434,2026,2026_188,,Engineering and technology
1435,2026,2026_190,Computational material science,Engineering and technology
1436,2026,2026_192,,Engineering and technology
1437,2026,2026_193,,Engineering and technology
1438,2026,2026_194,,Engineering and technology
1439,2026,2026_198,,Engineering and technology
1440,2026,2026_200,,Engineering and technology
1441,2026,2026_203,,Engineering and technology
1442,2026,2026_204,,Engineering and technology
1443,2026,2026_205,,Engineering and technology
1444,2026,2026_206,RSE,Engineering and technology
1445,2026,2026_209,,Engineering and technology
1446,2026,2026_212,,Engineering and technology
1447,2026,2026_215,,Engineering and technology
1448,2026,2026_222,,Engineering and technology
1449,2026,2026_227,,Engineering and technology
1450,2026,2026_228,,Engineering and technology
1451,2026,2026_229,,Engineering and technology
1452,2026,2026_232,,Engineering and technology
1453,2026,2026_243,,Engineering and technology
1454,2026,2026_255,,Engineering and technology
1455,2026,2026_263,,Engineering and technology
1456,2026,2026_264,,Engineering and technology
1457,2026,2026_273,,Engineering and technology
1458,2026,2026_281,,Engineering and technology
1459,2026,2026_283,,Engineering and technology
1460,2026,2026_284,Fintech,Engineering and technology
1461,2026,2026_285,,Engineering and technology
1462,2026,2026_294,,Engineering and technology
1463,2026,2026_297,,Engineering and technology
1464,2026,2026_298,,Engineering and technology
1465,2026,2026_299,,Engineering and technology
1466,2026,2026_302,,Engineering and technology
1467,2026,2026_306,,Engineering and technology
1468,2026,2026_307,,Engineering and technology
1469,2026,2026_319,,Engineering and technology
1470,2026,2026_320,,Engineering and technology
1471,2026,2026_328,,Engineering and technology
1472,2026,2026_329,,Engineering and technology
1473,2026,2026_330,,Engineering and technology
1474,2026,2026_331,,Engineering and technology
1475,2026,2026_334,,Engineering and technology
1476,2026,2026_342,,Engineering and technology
1477,2026,2026_344,,Engineering and technology
1478,2026,2026_346,,Engineering and technology
1479,2026,2026_349,,Engineering and technology
1480,2026,2026_350,,Engineering and technology
1481,2026,2026_351,,Engineering and technology
1482,2026,2026_352,,Engineering and technology
1483,2026,2026_353,,Engineering and technology
1484,2026,2026_354,,Engineering and technology
1485,2026,2026_357,,Engineering and technology
1486,2026,2026_363,,Engineering and technology
1487,2026,2026_369,,Engineering and technology
1488,2026,2026_378,,Engineering and technology
1489,2026,2026_396,,Engineering and technology
1490,2026,2026_397,,Engineering and technology
1491,2026,2026_398,,Engineering and technology
1492,2026,2026_405,,Engineering and technology
1493,2026,2026_413,,Engineering and technology
1494,2026,2026_420,,Engineering and technology
1495,2026,2026_422,,Engineering and technology
1496,2026,2026_427,,Engineering and technology
1497,2026,2026_433,electro chemistry,Engineering and technology
1498,2026,2026_434,,Engineering and technology
1499,2026,2026_437,,Engineering and technology
1500,2026,2026_440,,Engineering and technology
1501,2026,2026_441,,Engineering and technology
1502,2026,2026_442,,Engineering and technology
1503,2026,2026_452,,Engineering and technology
1504,2026,2026_458,,Engineering and technology
1505,2026,2026_461,,Engineering and technology
1506,2026,2026_484,,Engineering and technology
1507,2026,2026_495,,Engineering and technology
1508,2026,2026_498,,Engineering and technology
1509,2026,2026_510,,Engineering and technology
1510,2026,2026_511,,Engineering and technology
1511,2026,2026_516,,Engineering and technology
1512,2026,2026_517,,Engineering and technology
1513,2026,2026_529,,Engineering and technology
1514,2026,2026_533,,Engineering and technology
1515,2026,2026_539,,Engineering and technology
1516,2026,2026_541,,Engineering and technology
1517,2026,2026_547,,Engineering and technology
1518,2026,2026_548,,Engineering and technology
1519,2026,2026_549,,Engineering and technology
1520,2026,2026_554,,Engineering and technology
1521,2026,2026_557,,Engineering and technology
1522,2026,2026_558,,Engineering and technology
1523,2026,2026_580,,Engineering and technology
1524,2026,2026_582,,Engineering and technology
1525,2026,2026_588,Aerospace,Engineering and technology
1526,2026,2026_590,,Engineering and technology
1527,2026,2026_599,,Engineering and technology
1528,2026,2026_604,,Engineering and technology
1529,2026,2026_606,,Engineering and technology
1530,2026,2026_612,,Engineering and technology
1531,2026,2026_613,,Engineering and technology
1532,2026,2026_614,,Engineering and technology
1533,2026,2026_615,,Engineering and technology
1534,2026,2026_617,,Engineering and technology
1535,2026,2026_618,,Engineering and technology
1536,2026,2026_621,Robotics,Engineering and technology
1537,2026,2026_624,,Engineering and technology
1538,2026,2026_629,,Engineering and technology
1539,2026,2026_635,,Engineering and technology
1540,2026,2026_636,,Engineering and technology
1541,2026,2026_646,,Engineering and technology
1542,2026,2026_663,,Engineering and technology
1543,2026,2026_664,Meteorology,Engineering and technology
1544,2026,2026_668,,Engineering and technology
1545,2026,2026_671,,Engineering and technology
1546,2026,2026_675,,Engineering and technology
1547,2026,2026_679,,Engineering and technology
1548,2026,2026_681,,Engineering and technology
1549,2026,2026_683,,Engineering and technology
1550,2026,2026_685,,Engineering and technology
1551,2026,2026_689,,Engineering and technology
1552,2026,2026_700,,Engineering and technology
1553,2026,2026_701,,Engineering and technology
1554,2026,2026_704,,Engineering and technology
1555,2026,2026_708,Research Agnostic,Engineering and technology
1556,2026,2026_711,,Engineering and technology
1557,2026,2026_715,,Engineering and technology
1558,2026,2026_718,,Engineering and technology
1559,2026,2026_730,,Engineering and technology
1560,2026,2026_732,,Engineering and technology
1561,2026,2026_733,,Engineering and technology
1562,2026,2026_735,,Engineering and technology
1563,2026,2026_736,,Engineering and technology
1564,2026,2026_744,,Engineering and technology
1565,2026,2026_746,,Engineering and technology
1566,2026,2026_748,,Engineering and technology
1567,2026,2026_759,,Engineering and technology
1568,2026,2026_761,Security,Engineering and technology
1569,2026,2026_762,,Engineering and technology
1570,2026,2026_764,,Engineering and technology
1571,2026,2026_773,,Engineering and technology
1572,2026,2026_774,,Engineering and technology
1573,2026,2026_776,,Engineering and technology
1574,2026,2026_781,,Engineering and technology
1575,2026,2026_785,,Engineering and technology
1576,2026,2026_788,,Engineering and technology
1577,2026,2026_795,,Engineering and technology
1578,2026,2026_804,,Engineering and technology
1579,2026,2026_806,,Engineering and technology
1580,2026,2026_813,,Engineering and technology
1581,2026,2026_815,,Engineering and technology
1582,2026,2026_818,,Engineering and technology
1583,2026,2026_819,,Engineering and technology
1584,2026,2026_821,,Engineering and technology
1585,2026,2026_822,,Engineering and technology
1586,2026,2026_823,,Engineering and technology
1587,2026,2026_825,,Engineering and technology
1588,2026,2026_827,,Engineering and technology
1589,2026,2026_831,,Engineering and technology
1590,2026,2026_838,Literature,Engineering and technology
1591,2026,2026_845,,Engineering and technology
1592,2026,2026_856,,Engineering and technology
1593,2026,2026_864,,Engineering and technology
1594,2026,2026_866,,Engineering and technology
1595,2026,2026_872,,Engineering and technology
1596,2026,2026_873,,Engineering and technology
1597,2026,2026_874,,Engineering and technology
1598,2026,2026_877,,Engineering and technology
1599,2026,2026_878,"Particle Physics, Astrophysics, Cosmology, Solar System and Planetary Science and Nuclear Physics theory community",Engineering and technology
1600,2026,2026_879,,Engineering and technology
1601,2026,2026_883,,Engineering and technology
1602,2026,2026_886,,Engineering and technology
1603,2026,2026_891,,Engineering and technology
1604,2026,2026_893,,Engineering and technology
1605,2026,2026_910,,Engineering and technology
1606,2026,2026_918,,Engineering and technology
1607,2026,2026_920,,Engineering and technology
1608,2026,2026_926,,Engineering and technology
1609,2026,2026_928,,Engineering and technology
1610,2026,2026_931,,Engineering and technology
1611,2026,2026_934,,Engineering and technology
1612,2026,2026_935,,Engineering and technology
1613,2026,2026_938,,Engineering and technology
1614,2026,2026_941,Infrastructure,Engineering and technology
1615,2026,2026_944,,Engineering and technology
1616,2026,2026_951,,Engineering and technology
1617,2026,2026_952,,Engineering and technology
1618,2026,2026_954,,Engineering and technology
1619,2026,2026_960,,Engineering and technology
1620,2026,2026_967,,Engineering and technology
1621,2026,2026_971,,Engineering and technology
1622,2026,2026_975,,Engineering and technology
1623,2026,2026_978,,Engineering and technology
1624,2026,2026_979,Earth & Space Sciences,Engineering and technology
1625,2026,2026_991,,Engineering and technology
1626,2026,2026_992,,Engineering and technology
1627,2026,2026_998,Geoinformation,Engineering and technology
1628,2026,2026_1001,,Engineering and technology
1629,2026,2026_1007,,Engineering and technology
1630,2026,2026_1009,,Engineering and technology
1631,2026,2026_1011,,Engineering and technology
1632,2026,2026_1014,,Engineering and technology
1633,2026,2026_1018,,Engineering and technology
1634,2026,2026_1019,,Engineering and technology
1635,2026,2026_1022,,Engineering and technology
1636,2026,2026_1023,,Engineering and technology
1637,2026,2026_1032,Bioinformatics,Engineering and technology
1638,2026,2026_1036,,Engineering and technology
1639,2026,2026_1040,,Engineering and technology
1640,2026,2026_1042,Bilbiotecas y apoyo a la investigación,Engineering and technology
1641,2026,2026_1043,,Engineering and technology
1642,2026,2026_1051,,Engineering and technology
1643,2026,2026_1055,,Engineering and technology
1644,2026,2026_1058,,Engineering and technology
1645,2026,2026_1060,,Engineering and technology
1646,2026,2026_1063,,Engineering and technology
1647,2026,2026_1065,,Engineering and technology
1648,2026,2026_1069,,Engineering and technology
1649,2026,2026_1079,,Engineering and technology
1650,2026,2026_1089,,Engineering and technology
1651,2026,2026_1093,,Engineering and technology
1652,2026,2026_1096,,Engineering and technology
1653,2026,2026_1097,,Engineering and technology
1654,2026,2026_1099,,Engineering and technology
1655,2026,2026_1101,,Engineering and technology
1656,2026,2026_1106,,Engineering and technology
1657,2026,2026_1115,,Engineering and technology
1658,2026,2026_1121,,Engineering and technology
1659,2026,2026_1134,,Engineering and technology
1660,2026,2026_1141,,Engineering and technology
1661,2026,2026_1143,,Engineering and technology
1662,2026,2026_1144,,Engineering and technology
1663,2026,2026_1152,,Engineering and technology
1664,2026,2026_1155,,Engineering and technology
1665,2026,2026_1157,,Engineering and technology
1666,2026,2026_1158,,Engineering and technology
1667,2026,2026_1162,,Engineering and technology
1668,2026,2026_31,"Any really, depends on who asks for help","Architecture, building and planning"
1669,2026,2026_46,justice,"Architecture, building and planning"
1670,2026,2026_149,,"Architecture, building and planning"
1671,2026,2026_163,,"Architecture, building and planning"
1672,2026,2026_206,RSE,"Architecture, building and planning"
1673,2026,2026_209,,"Architecture, building and planning"
1674,2026,2026_215,,"Architecture, building and planning"
1675,2026,2026_263,,"Architecture, building and planning"
1676,2026,2026_342,,"Architecture, building and planning"
1677,2026,2026_349,,"Architecture, building and planning"
1678,2026,2026_351,,"Architecture, building and planning"
1679,2026,2026_422,,"Architecture, building and planning"
1680,2026,2026_424,,"Architecture, building and planning"
1681,2026,2026_516,,"Architecture, building and planning"
1682,2026,2026_548,,"Architecture, building and planning"
1683,2026,2026_813,,"Architecture, building and planning"
1684,2026,2026_823,,"Architecture, building and planning"
1685,2026,2026_827,,"Architecture, building and planning"
1686,2026,2026_874,,"Architecture, building and planning"
1687,2026,2026_971,,"Architecture, building and planning"
1688,2026,2026_1069,,"Architecture, building and planning"
1689,2026,2026_1081,,"Architecture, building and planning"
1690,2026,2026_1143,,"Architecture, building and planning"
1691,2026,2026_8,Digital Humanities,Social sciences
1692,2026,2026_17,,Social sciences
1693,2026,2026_23,,Social sciences
1694,2026,2026_27,,Social sciences
1695,2026,2026_34,,Social sciences
1696,2026,2026_35,,Social sciences
1697,2026,2026_46,justice,Social sciences
1698,2026,2026_124,,Social sciences
1699,2026,2026_136,,Social sciences
1700,2026,2026_148,,Social sciences
1701,2026,2026_151,,Social sciences
1702,2026,2026_153,,Social sciences
1703,2026,2026_156,,Social sciences
1704,2026,2026_170,,Social sciences
1705,2026,2026_187,,Social sciences
1706,2026,2026_206,RSE,Social sciences
1707,2026,2026_216,,Social sciences
1708,2026,2026_229,,Social sciences
1709,2026,2026_236,,Social sciences
1710,2026,2026_239,,Social sciences
1711,2026,2026_241,,Social sciences
1712,2026,2026_263,,Social sciences
1713,2026,2026_277,,Social sciences
1714,2026,2026_313,,Social sciences
1715,2026,2026_341,,Social sciences
1716,2026,2026_345,,Social sciences
1717,2026,2026_351,,Social sciences
1718,2026,2026_355,,Social sciences
1719,2026,2026_363,,Social sciences
1720,2026,2026_369,,Social sciences
1721,2026,2026_382,,Social sciences
1722,2026,2026_386,,Social sciences
1723,2026,2026_422,,Social sciences
1724,2026,2026_432,,Social sciences
1725,2026,2026_445,,Social sciences
1726,2026,2026_448,,Social sciences
1727,2026,2026_460,Digital Humanities; Library and Information Science,Social sciences
1728,2026,2026_468,,Social sciences
1729,2026,2026_469,,Social sciences
1730,2026,2026_476,,Social sciences
1731,2026,2026_479,,Social sciences
1732,2026,2026_481,,Social sciences
1733,2026,2026_482,,Social sciences
1734,2026,2026_483,,Social sciences
1735,2026,2026_484,,Social sciences
1736,2026,2026_498,,Social sciences
1737,2026,2026_516,,Social sciences
1738,2026,2026_517,,Social sciences
1739,2026,2026_539,,Social sciences
1740,2026,2026_548,,Social sciences
1741,2026,2026_582,,Social sciences
1742,2026,2026_618,,Social sciences
1743,2026,2026_643,,Social sciences
1744,2026,2026_645,,Social sciences
1745,2026,2026_668,,Social sciences
1746,2026,2026_697,,Social sciences
1747,2026,2026_701,,Social sciences
1748,2026,2026_708,Research Agnostic,Social sciences
1749,2026,2026_724,,Social sciences
1750,2026,2026_737,,Social sciences
1751,2026,2026_762,,Social sciences
1752,2026,2026_777,Sciences de l'orientation ,Social sciences
1753,2026,2026_784,,Social sciences
1754,2026,2026_795,,Social sciences
1755,2026,2026_801,,Social sciences
1756,2026,2026_818,,Social sciences
1757,2026,2026_823,,Social sciences
1758,2026,2026_827,,Social sciences
1759,2026,2026_840,,Social sciences
1760,2026,2026_874,,Social sciences
1761,2026,2026_877,,Social sciences
1762,2026,2026_914,"We operate university-wide, so all of the above",Social sciences
1763,2026,2026_924,,Social sciences
1764,2026,2026_931,,Social sciences
1765,2026,2026_937,,Social sciences
1766,2026,2026_938,,Social sciences
1767,2026,2026_982,,Social sciences
1768,2026,2026_987,,Social sciences
1769,2026,2026_1007,,Social sciences
1770,2026,2026_1012,,Social sciences
1771,2026,2026_1024,,Social sciences
1772,2026,2026_1026,,Social sciences
1773,2026,2026_1033,,Social sciences
1774,2026,2026_1051,,Social sciences
1775,2026,2026_1069,,Social sciences
1776,2026,2026_1081,,Social sciences
1777,2026,2026_1092,,Social sciences
1778,2026,2026_1115,,Social sciences
1779,2026,2026_1117,,Social sciences
1780,2026,2026_1124,,Social sciences
1781,2026,2026_1129,,Social sciences
1782,2026,2026_1130,,Social sciences
1783,2026,2026_1138,,Social sciences
1784,2026,2026_1143,,Social sciences
1785,2026,2026_1146,,Social sciences
1786,2026,2026_1148,,Social sciences
1787,2026,2026_1161,,Social sciences
1788,2026,2026_1162,,Social sciences
1789,2026,2026_170,,Law
1790,2026,2026_209,,Law
1791,2026,2026_263,,Law
1792,2026,2026_424,,Law
1793,2026,2026_498,,Law
1794,2026,2026_548,,Law
1795,2026,2026_631,,Law
1796,2026,2026_823,,Law
1797,2026,2026_827,,Law
1798,2026,2026_886,,Law
1799,2026,2026_1069,,Law
1800,2026,2026_1126,,Law
1801,2026,2026_1143,,Law
1802,2026,2026_1161,,Law
1803,2026,2026_19,,Business
1804,2026,2026_49,,Business
1805,2026,2026_206,RSE,Business
1806,2026,2026_263,,Business
1807,2026,2026_376,,Business
1808,2026,2026_407,,Business
1809,2026,2026_424,,Business
1810,2026,2026_483,,Business
1811,2026,2026_548,,Business
1812,2026,2026_700,,Business
1813,2026,2026_795,,Business
1814,2026,2026_823,,Business
1815,2026,2026_827,,Business
1816,2026,2026_874,,Business
1817,2026,2026_1030,,Business
1818,2026,2026_1069,,Business
1819,2026,2026_1143,,Business
1820,2026,2026_1161,,Business
1821,2026,2026_2,,Communications
1822,2026,2026_124,,Communications
1823,2026,2026_145,Environmental Sciences,Communications
1824,2026,2026_148,,Communications
1825,2026,2026_151,,Communications
1826,2026,2026_170,,Communications
1827,2026,2026_185,,Communications
1828,2026,2026_229,,Communications
1829,2026,2026_263,,Communications
1830,2026,2026_266,,Communications
1831,2026,2026_351,,Communications
1832,2026,2026_460,Digital Humanities; Library and Information Science,Communications
1833,2026,2026_468,,Communications
1834,2026,2026_516,,Communications
1835,2026,2026_541,,Communications
1836,2026,2026_548,,Communications
1837,2026,2026_620,,Communications
1838,2026,2026_663,,Communications
1839,2026,2026_678,,Communications
1840,2026,2026_742,,Communications
1841,2026,2026_806,,Communications
1842,2026,2026_823,,Communications
1843,2026,2026_827,,Communications
1844,2026,2026_874,,Communications
1845,2026,2026_982,,Communications
1846,2026,2026_1033,,Communications
1847,2026,2026_1096,,Communications
1848,2026,2026_1129,,Communications
1849,2026,2026_1130,,Communications
1850,2026,2026_1143,,Communications
1851,2026,2026_1162,,Communications
1852,2026,2026_16,,Languages and linguistics
1853,2026,2026_18,,Languages and linguistics
1854,2026,2026_23,,Languages and linguistics
1855,2026,2026_29,,Languages and linguistics
1856,2026,2026_34,,Languages and linguistics
1857,2026,2026_35,,Languages and linguistics
1858,2026,2026_65,DH,Languages and linguistics
1859,2026,2026_124,,Languages and linguistics
1860,2026,2026_134,,Languages and linguistics
1861,2026,2026_136,,Languages and linguistics
1862,2026,2026_151,,Languages and linguistics
1863,2026,2026_153,,Languages and linguistics
1864,2026,2026_170,,Languages and linguistics
1865,2026,2026_182,,Languages and linguistics
1866,2026,2026_184,,Languages and linguistics
1867,2026,2026_204,,Languages and linguistics
1868,2026,2026_206,RSE,Languages and linguistics
1869,2026,2026_209,,Languages and linguistics
1870,2026,2026_220,,Languages and linguistics
1871,2026,2026_229,,Languages and linguistics
1872,2026,2026_247,,Languages and linguistics
1873,2026,2026_263,,Languages and linguistics
1874,2026,2026_299,,Languages and linguistics
1875,2026,2026_315,,Languages and linguistics
1876,2026,2026_341,,Languages and linguistics
1877,2026,2026_355,,Languages and linguistics
1878,2026,2026_358,,Languages and linguistics
1879,2026,2026_363,,Languages and linguistics
1880,2026,2026_369,,Languages and linguistics
1881,2026,2026_373,Digital humanities,Languages and linguistics
1882,2026,2026_382,,Languages and linguistics
1883,2026,2026_395,,Languages and linguistics
1884,2026,2026_448,,Languages and linguistics
1885,2026,2026_460,Digital Humanities; Library and Information Science,Languages and linguistics
1886,2026,2026_468,,Languages and linguistics
1887,2026,2026_481,,Languages and linguistics
1888,2026,2026_484,,Languages and linguistics
1889,2026,2026_496,,Languages and linguistics
1890,2026,2026_498,,Languages and linguistics
1891,2026,2026_512,,Languages and linguistics
1892,2026,2026_514,,Languages and linguistics
1893,2026,2026_516,,Languages and linguistics
1894,2026,2026_517,,Languages and linguistics
1895,2026,2026_523,,Languages and linguistics
1896,2026,2026_538,,Languages and linguistics
1897,2026,2026_543,,Languages and linguistics
1898,2026,2026_544,Social sciences; Digital Humanitities,Languages and linguistics
1899,2026,2026_546,,Languages and linguistics
1900,2026,2026_548,,Languages and linguistics
1901,2026,2026_553,Humanities,Languages and linguistics
1902,2026,2026_582,,Languages and linguistics
1903,2026,2026_589,,Languages and linguistics
1904,2026,2026_636,,Languages and linguistics
1905,2026,2026_643,,Languages and linguistics
1906,2026,2026_761,Security,Languages and linguistics
1907,2026,2026_768,Geisteswissenschaften,Languages and linguistics
1908,2026,2026_780,,Languages and linguistics
1909,2026,2026_823,,Languages and linguistics
1910,2026,2026_827,,Languages and linguistics
1911,2026,2026_838,Literature,Languages and linguistics
1912,2026,2026_874,,Languages and linguistics
1913,2026,2026_901,,Languages and linguistics
1914,2026,2026_931,,Languages and linguistics
1915,2026,2026_939,,Languages and linguistics
1916,2026,2026_953,,Languages and linguistics
1917,2026,2026_967,,Languages and linguistics
1918,2026,2026_1007,,Languages and linguistics
1919,2026,2026_1047,,Languages and linguistics
1920,2026,2026_1071,,Languages and linguistics
1921,2026,2026_1115,,Languages and linguistics
1922,2026,2026_1138,,Languages and linguistics
1923,2026,2026_1143,,Languages and linguistics
1924,2026,2026_1147,,Languages and linguistics
1925,2026,2026_1148,,Languages and linguistics
1926,2026,2026_1149,Kunstwissenschaften,Languages and linguistics
1927,2026,2026_1161,,Languages and linguistics
1928,2026,2026_1162,,Languages and linguistics
1929,2026,2026_16,,Historical and philosophical studies
1930,2026,2026_23,,Historical and philosophical studies
1931,2026,2026_29,,Historical and philosophical studies
1932,2026,2026_34,,Historical and philosophical studies
1933,2026,2026_65,DH,Historical and philosophical studies
1934,2026,2026_115,,Historical and philosophical studies
1935,2026,2026_134,,Historical and philosophical studies
1936,2026,2026_136,,Historical and philosophical studies
1937,2026,2026_151,,Historical and philosophical studies
1938,2026,2026_153,,Historical and philosophical studies
1939,2026,2026_187,,Historical and philosophical studies
1940,2026,2026_196,,Historical and philosophical studies
1941,2026,2026_206,RSE,Historical and philosophical studies
1942,2026,2026_209,,Historical and philosophical studies
1943,2026,2026_224,,Historical and philosophical studies
1944,2026,2026_229,,Historical and philosophical studies
1945,2026,2026_236,,Historical and philosophical studies
1946,2026,2026_241,,Historical and philosophical studies
1947,2026,2026_247,,Historical and philosophical studies
1948,2026,2026_260,Archaeology,Historical and philosophical studies
1949,2026,2026_263,,Historical and philosophical studies
1950,2026,2026_272,,Historical and philosophical studies
1951,2026,2026_299,,Historical and philosophical studies
1952,2026,2026_315,,Historical and philosophical studies
1953,2026,2026_341,,Historical and philosophical studies
1954,2026,2026_369,,Historical and philosophical studies
1955,2026,2026_373,Digital humanities,Historical and philosophical studies
1956,2026,2026_441,,Historical and philosophical studies
1957,2026,2026_443,,Historical and philosophical studies
1958,2026,2026_460,Digital Humanities; Library and Information Science,Historical and philosophical studies
1959,2026,2026_498,,Historical and philosophical studies
1960,2026,2026_514,,Historical and philosophical studies
1961,2026,2026_517,,Historical and philosophical studies
1962,2026,2026_522,,Historical and philosophical studies
1963,2026,2026_531,,Historical and philosophical studies
1964,2026,2026_544,Social sciences; Digital Humanitities,Historical and philosophical studies
1965,2026,2026_548,,Historical and philosophical studies
1966,2026,2026_553,Humanities,Historical and philosophical studies
1967,2026,2026_582,,Historical and philosophical studies
1968,2026,2026_761,Security,Historical and philosophical studies
1969,2026,2026_768,Geisteswissenschaften,Historical and philosophical studies
1970,2026,2026_823,,Historical and philosophical studies
1971,2026,2026_827,,Historical and philosophical studies
1972,2026,2026_838,Literature,Historical and philosophical studies
1973,2026,2026_840,,Historical and philosophical studies
1974,2026,2026_899,Digital Humanities,Historical and philosophical studies
1975,2026,2026_901,,Historical and philosophical studies
1976,2026,2026_931,,Historical and philosophical studies
1977,2026,2026_939,,Historical and philosophical studies
1978,2026,2026_953,,Historical and philosophical studies
1979,2026,2026_1047,,Historical and philosophical studies
1980,2026,2026_1092,,Historical and philosophical studies
1981,2026,2026_1106,,Historical and philosophical studies
1982,2026,2026_1115,,Historical and philosophical studies
1983,2026,2026_1136,Geschichts- und Kulturwissenschaften,Historical and philosophical studies
1984,2026,2026_1143,,Historical and philosophical studies
1985,2026,2026_1148,,Historical and philosophical studies
1986,2026,2026_1149,Kunstwissenschaften,Historical and philosophical studies
1987,2026,2026_1162,,Historical and philosophical studies
1988,2026,2026_30,,Creative arts and design
1989,2026,2026_151,,Creative arts and design
1990,2026,2026_153,,Creative arts and design
1991,2026,2026_299,,Creative arts and design
1992,2026,2026_341,,Creative arts and design
1993,2026,2026_352,,Creative arts and design
1994,2026,2026_369,,Creative arts and design
1995,2026,2026_373,Digital humanities,Creative arts and design
1996,2026,2026_460,Digital Humanities; Library and Information Science,Creative arts and design
1997,2026,2026_498,,Creative arts and design
1998,2026,2026_517,,Creative arts and design
1999,2026,2026_544,Social sciences; Digital Humanitities,Creative arts and design
2000,2026,2026_558,,Creative arts and design
2001,2026,2026_582,,Creative arts and design
2002,2026,2026_620,,Creative arts and design
2003,2026,2026_646,,Creative arts and design
2004,2026,2026_768,Geisteswissenschaften,Creative arts and design
2005,2026,2026_823,,Creative arts and design
2006,2026,2026_827,,Creative arts and design
2007,2026,2026_877,,Creative arts and design
2008,2026,2026_886,,Creative arts and design
2009,2026,2026_895,,Creative arts and design
2010,2026,2026_1106,,Creative arts and design
2011,2026,2026_1143,,Creative arts and design
2012,2026,2026_1147,,Creative arts and design
2013,2026,2026_1149,Kunstwissenschaften,Creative arts and design
2014,2026,2026_2,,Education
2015,2026,2026_5,,Education
2016,2026,2026_16,,Education
2017,2026,2026_17,,Education
2018,2026,2026_29,,Education
2019,2026,2026_30,,Education
2020,2026,2026_34,,Education
2021,2026,2026_35,,Education
2022,2026,2026_47,,Education
2023,2026,2026_49,,Education
2024,2026,2026_98,,Education
2025,2026,2026_103,,Education
2026,2026,2026_105,,Education
2027,2026,2026_119,,Education
2028,2026,2026_123,,Education
2029,2026,2026_136,,Education
2030,2026,2026_170,,Education
2031,2026,2026_171,Statistics,Education
2032,2026,2026_185,,Education
2033,2026,2026_187,,Education
2034,2026,2026_191,,Education
2035,2026,2026_204,,Education
2036,2026,2026_206,RSE,Education
2037,2026,2026_209,,Education
2038,2026,2026_222,,Education
2039,2026,2026_227,,Education
2040,2026,2026_229,,Education
2041,2026,2026_232,,Education
2042,2026,2026_271,,Education
2043,2026,2026_285,,Education
2044,2026,2026_299,,Education
2045,2026,2026_322,,Education
2046,2026,2026_330,,Education
2047,2026,2026_340,,Education
2048,2026,2026_341,,Education
2049,2026,2026_363,,Education
2050,2026,2026_397,,Education
2051,2026,2026_405,,Education
2052,2026,2026_414,,Education
2053,2026,2026_420,,Education
2054,2026,2026_442,,Education
2055,2026,2026_460,Digital Humanities; Library and Information Science,Education
2056,2026,2026_461,,Education
2057,2026,2026_468,,Education
2058,2026,2026_474,,Education
2059,2026,2026_476,,Education
2060,2026,2026_481,,Education
2061,2026,2026_484,,Education
2062,2026,2026_516,,Education
2063,2026,2026_547,,Education
2064,2026,2026_548,,Education
2065,2026,2026_556,,Education
2066,2026,2026_577,,Education
2067,2026,2026_582,,Education
2068,2026,2026_625,,Education
2069,2026,2026_645,,Education
2070,2026,2026_657,,Education
2071,2026,2026_660,,Education
2072,2026,2026_673,,Education
2073,2026,2026_689,,Education
2074,2026,2026_698,,Education
2075,2026,2026_700,,Education
2076,2026,2026_701,,Education
2077,2026,2026_728,,Education
2078,2026,2026_736,,Education
2079,2026,2026_737,,Education
2080,2026,2026_744,,Education
2081,2026,2026_762,,Education
2082,2026,2026_768,Geisteswissenschaften,Education
2083,2026,2026_776,,Education
2084,2026,2026_777,Sciences de l'orientation ,Education
2085,2026,2026_785,,Education
2086,2026,2026_795,,Education
2087,2026,2026_806,,Education
2088,2026,2026_817,,Education
2089,2026,2026_819,,Education
2090,2026,2026_823,,Education
2091,2026,2026_827,,Education
2092,2026,2026_828,,Education
2093,2026,2026_842,,Education
2094,2026,2026_843,,Education
2095,2026,2026_850,,Education
2096,2026,2026_874,,Education
2097,2026,2026_877,,Education
2098,2026,2026_885,,Education
2099,2026,2026_886,,Education
2100,2026,2026_907,,Education
2101,2026,2026_935,,Education
2102,2026,2026_969,,Education
2103,2026,2026_982,,Education
2104,2026,2026_1001,,Education
2105,2026,2026_1024,,Education
2106,2026,2026_1029,,Education
2107,2026,2026_1033,,Education
2108,2026,2026_1045,,Education
2109,2026,2026_1073,,Education
2110,2026,2026_1079,,Education
2111,2026,2026_1129,,Education
2112,2026,2026_1132,,Education
2113,2026,2026_1138,,Education
2114,2026,2026_1143,,Education
2115,2026,2026_1147,,Education
2116,2026,2026_1161,,Education
2117,2026,2026_1162,,Education
