,socio1_0,ethnicity_latino,socio5quk[other]_0,socio5qus[other]_0,socio5qzaf[other]_0,socio5
0,South Africa,,,,,White
1,South Africa,,,,,White
2,South Africa,,,,,White
3,South Africa,,,,,White
4,South Africa,,,,,White
5,South Africa,,,,,White
6,South Africa,,,,Disabled,White
7,South Africa,,,,,Indian/Asian
8,South Africa,,,,,White
9,South Africa,,,,,Coloured
10,South Africa,,,,,Black African
11,South Africa,,,,,Black African
12,South Africa,,,,,Black African
13,South Africa,,,,,Black African
14,South Africa,,,,,Black African
15,South Africa,,,,,Black African
16,South Africa,,,,,White
17,South Africa,,,,,Black African
18,South Africa,,,,,White
19,South Africa,,,,,Black African
20,South Africa,,,,,White
21,South Africa,,,,,White
22,South Africa,,,,,White
23,South Africa,,,,,White
24,South Africa,,,,,White
25,South Africa,,,,,White
26,South Africa,,,,,White
27,South Africa,,,,,White
28,South Africa,,,,,White
29,South Africa,,,,,White
30,South Africa,,,,,White
31,South Africa,,,,,White
32,South Africa,,,,,White
33,South Africa,,,,,White
34,South Africa,,,,,White
35,South Africa,,,,,White
36,South Africa,,,,,White
37,South Africa,,,,,White
38,United Kingdom,,,,,White: Any other White background
39,United Kingdom,,,,,White: Any other White background
40,United Kingdom,,,,,White: Any other White background
41,United Kingdom,,,,,White: Any other White background
42,United Kingdom,,,,,White: Any other White background
43,United Kingdom,,,,,White: Any other White background
44,United Kingdom,,,,,White: Any other White background
45,United Kingdom,,,,,White: Any other White background
46,United Kingdom,,,,,White: Any other White background
47,United Kingdom,,,,,White: Any other White background
48,United Kingdom,,,,,White: Any other White background
49,United Kingdom,,,,,White: Any other White background
50,United Kingdom,,,,,White: Any other White background
51,United Kingdom,,,,,White: Any other White background
52,United Kingdom,,,,,White: Any other White background
53,United Kingdom,,,,,White: Any other White background
54,United Kingdom,,,,,White: Any other White background
55,United Kingdom,,,,,White: Any other White background
56,United Kingdom,,,,,White: Any other White background
57,United Kingdom,,,,,White: Any other White background
58,United Kingdom,,,,,White: Any other White background
59,United Kingdom,,,,,Do not wish to declare
60,United Kingdom,,,,,Mixed / Multiple Ethnic groups: Any other Mixed / Multiple ethnic background
61,United Kingdom,,,,,Do not wish to declare
62,United Kingdom,,,,,Do not wish to declare
63,United Kingdom,,,,,Do not wish to declare
64,United Kingdom,,,,,White: Any other White background
65,United Kingdom,,,,,Do not wish to declare
66,United Kingdom,,,,,Do not wish to declare
67,United Kingdom,,,,,Do not wish to declare
68,United Kingdom,,,,,Do not wish to declare
69,United Kingdom,,,,,Other Ethnic group: Any other ethnic group
70,United Kingdom,,,,,White: Any other White background
71,United Kingdom,,,,,Other Ethnic group: Any other ethnic group
72,United Kingdom,,,,,Asian / Asian British: Any other Asian background
73,United Kingdom,,,,,Asian / Asian British: Any other Asian background
74,United Kingdom,,,,,Asian / Asian British: Chinese
75,United Kingdom,,,,,Asian / Asian British: Pakistani
76,United Kingdom,,,,,Asian / Asian British: Pakistani
77,United Kingdom,,,,,Asian / Asian British: Indian
78,United Kingdom,,,,,Asian / Asian British: Indian
79,United Kingdom,,,,,Asian / Asian British: Indian
80,United Kingdom,,,,,Mixed / Multiple Ethnic groups: Any other Mixed / Multiple ethnic background
81,United Kingdom,,,,,Black / African / Caribbean / Black British:  African
82,United Kingdom,,,,,White: Any other White background
83,United Kingdom,,,,,White: English / Welsh / Scottish / Northern Irish / British
84,United Kingdom,,,,,White: Any other White background
85,United Kingdom,,,,,White: English / Welsh / Scottish / Northern Irish / British
86,United Kingdom,,,,,White: English / Welsh / Scottish / Northern Irish / British
87,United Kingdom,,,,,White: English / Welsh / Scottish / Northern Irish / British
88,United Kingdom,,,,,White: English / Welsh / Scottish / Northern Irish / British
89,United Kingdom,,,,,White: English / Welsh / Scottish / Northern Irish / British
90,United Kingdom,,,,,White: English / Welsh / Scottish / Northern Irish / British
91,United Kingdom,,,,,White: English / Welsh / Scottish / Northern Irish / British
92,United Kingdom,,,,,White: English / Welsh / Scottish / Northern Irish / British
93,United Kingdom,,,,,White: English / Welsh / Scottish / Northern Irish / British
94,United Kingdom,,,,,White: English / Welsh / Scottish / Northern Irish / British
95,United Kingdom,,,,,White: English / Welsh / Scottish / Northern Irish / British
96,United Kingdom,,,,,White: English / Welsh / Scottish / Northern Irish / British
97,United Kingdom,,,,,White: English / Welsh / Scottish / Northern Irish / British
98,United Kingdom,,,,,White: English / Welsh / Scottish / Northern Irish / British
99,United Kingdom,,,,,White: English / Welsh / Scottish / Northern Irish / British
100,United Kingdom,,,,,White: English / Welsh / Scottish / Northern Irish / British
101,United Kingdom,,,,,White: English / Welsh / Scottish / Northern Irish / British
102,United Kingdom,,,,,White: English / Welsh / Scottish / Northern Irish / British
103,United Kingdom,,,,,White: English / Welsh / Scottish / Northern Irish / British
104,United Kingdom,,,,,White: English / Welsh / Scottish / Northern Irish / British
105,United Kingdom,,,,,White: English / Welsh / Scottish / Northern Irish / British
106,United Kingdom,,,,,White: Any other White background
107,United Kingdom,,,,,White: English / Welsh / Scottish / Northern Irish / British
108,United Kingdom,,,,,White: English / Welsh / Scottish / Northern Irish / British
109,United Kingdom,,,,,White: English / Welsh / Scottish / Northern Irish / British
110,United Kingdom,,,,,White: English / Welsh / Scottish / Northern Irish / British
111,United Kingdom,,,,,White: English / Welsh / Scottish / Northern Irish / British
112,United Kingdom,,,,,White: English / Welsh / Scottish / Northern Irish / British
113,United Kingdom,,,,,White: English / Welsh / Scottish / Northern Irish / British
114,United Kingdom,,,,,White: English / Welsh / Scottish / Northern Irish / British
115,United Kingdom,,,,,White: English / Welsh / Scottish / Northern Irish / British
116,United Kingdom,,,,,White: English / Welsh / Scottish / Northern Irish / British
117,United Kingdom,,,,,White: English / Welsh / Scottish / Northern Irish / British
118,United Kingdom,,,,,White: English / Welsh / Scottish / Northern Irish / British
119,United Kingdom,,,,,White: English / Welsh / Scottish / Northern Irish / British
120,United Kingdom,,,,,White: English / Welsh / Scottish / Northern Irish / British
121,United Kingdom,,,,,White: English / Welsh / Scottish / Northern Irish / British
122,United Kingdom,,,,,White: English / Welsh / Scottish / Northern Irish / British
123,United Kingdom,,,,,White: English / Welsh / Scottish / Northern Irish / British
124,United Kingdom,,,,,White: English / Welsh / Scottish / Northern Irish / British
125,United Kingdom,,,,,White: English / Welsh / Scottish / Northern Irish / British
126,United Kingdom,,,,,White: English / Welsh / Scottish / Northern Irish / British
127,United Kingdom,,,,,White: English / Welsh / Scottish / Northern Irish / British
128,United Kingdom,,,,,White: English / Welsh / Scottish / Northern Irish / British
129,United Kingdom,,,,,White: English / Welsh / Scottish / Northern Irish / British
130,United Kingdom,,,,,White: English / Welsh / Scottish / Northern Irish / British
131,United Kingdom,,,,,White: English / Welsh / Scottish / Northern Irish / British
132,United Kingdom,,,,,White: English / Welsh / Scottish / Northern Irish / British
133,United Kingdom,,,,,White: English / Welsh / Scottish / Northern Irish / British
134,United Kingdom,,,,,White: English / Welsh / Scottish / Northern Irish / British
135,United Kingdom,,,,,White: English / Welsh / Scottish / Northern Irish / British
136,United Kingdom,,,,,White: English / Welsh / Scottish / Northern Irish / British
137,United Kingdom,,,,,White: Irish
138,United Kingdom,,,,,White: Irish
139,United Kingdom,,,,,White: Any other White background
140,United Kingdom,,,,,White: Any other White background
141,United Kingdom,,,,,White: Any other White background
142,United Kingdom,,,,,White: Any other White background
143,United Kingdom,,,,,White: Any other White background
144,United Kingdom,,,,,White: English / Welsh / Scottish / Northern Irish / British
145,United Kingdom,,,,,White: English / Welsh / Scottish / Northern Irish / British
146,United Kingdom,,,,,White: Irish
147,United Kingdom,,,,,White: English / Welsh / Scottish / Northern Irish / British
148,United Kingdom,,,,,White: English / Welsh / Scottish / Northern Irish / British
149,United Kingdom,,,,,White: English / Welsh / Scottish / Northern Irish / British
150,United Kingdom,,,,,White: English / Welsh / Scottish / Northern Irish / British
151,United Kingdom,,,,,White: English / Welsh / Scottish / Northern Irish / British
152,United Kingdom,,,,,White: English / Welsh / Scottish / Northern Irish / British
153,United Kingdom,,,,,White: English / Welsh / Scottish / Northern Irish / British
154,United Kingdom,,,,,White: English / Welsh / Scottish / Northern Irish / British
155,United Kingdom,,,,,White: English / Welsh / Scottish / Northern Irish / British
156,United Kingdom,,,,,White: English / Welsh / Scottish / Northern Irish / British
157,United Kingdom,,,,,White: English / Welsh / Scottish / Northern Irish / British
158,United Kingdom,,,,,White: English / Welsh / Scottish / Northern Irish / British
159,United Kingdom,,,,,White: English / Welsh / Scottish / Northern Irish / British
160,United Kingdom,,,,,White: English / Welsh / Scottish / Northern Irish / British
161,United Kingdom,,,,,White: English / Welsh / Scottish / Northern Irish / British
162,United Kingdom,,,,,White: English / Welsh / Scottish / Northern Irish / British
163,United Kingdom,,,,,White: English / Welsh / Scottish / Northern Irish / British
164,United Kingdom,,,,,White: English / Welsh / Scottish / Northern Irish / British
165,United Kingdom,,,,,White: English / Welsh / Scottish / Northern Irish / British
166,United States,"No, not of Hispanic, Latino, or Spanish origin",,,,White
167,United States,"No, not of Hispanic, Latino, or Spanish origin",,,,Asian Indian
168,United States,"No, not of Hispanic, Latino, or Spanish origin",,,,Chinese
169,United States,"No, not of Hispanic, Latino, or Spanish origin",,,,Chinese
170,United States,"No, not of Hispanic, Latino, or Spanish origin",,,,American Indian or Alaska Native
171,United States,"No, not of Hispanic, Latino, or Spanish origin",,,,White
172,United States,"No, not of Hispanic, Latino, or Spanish origin",,,,White
173,United States,"No, not of Hispanic, Latino, or Spanish origin",,,,White
174,United States,"No, not of Hispanic, Latino, or Spanish origin",,,,White
175,United States,"No, not of Hispanic, Latino, or Spanish origin",,,,Asian Indian
176,United States,"No, not of Hispanic, Latino, or Spanish origin",,,,Black or African American
177,United States,"No, not of Hispanic, Latino, or Spanish origin",,,,Asian Indian
178,United States,Do not wish to answer,,,,Do not wish to answer
179,United States,"No, not of Hispanic, Latino, or Spanish origin",,,,Asian Indian
180,United States,"No, not of Hispanic, Latino, or Spanish origin",,,,Asian Indian
181,United States,"No, not of Hispanic, Latino, or Spanish origin",,,,Asian Indian
182,United States,"No, not of Hispanic, Latino, or Spanish origin",,,,Asian Indian
183,United States,"No, not of Hispanic, Latino, or Spanish origin",,,,Other Asian
184,United States,"No, not of Hispanic, Latino, or Spanish origin",,,,Some other race
185,United States,,,,,Do not wish to answer
186,United States,Do not wish to answer,,,,Do not wish to answer
187,United States,Do not wish to answer,,,,Do not wish to answer
188,United States,Do not wish to answer,,,,Do not wish to answer
189,United States,"No, not of Hispanic, Latino, or Spanish origin",,,,White
190,United States,"No, not of Hispanic, Latino, or Spanish origin",,,,Asian Indian
191,United States,"No, not of Hispanic, Latino, or Spanish origin",,,,White
192,United States,"No, not of Hispanic, Latino, or Spanish origin",,,,White
193,United States,"No, not of Hispanic, Latino, or Spanish origin",,,,White
194,United States,"No, not of Hispanic, Latino, or Spanish origin",,,,White
195,United States,"No, not of Hispanic, Latino, or Spanish origin",,,,White
196,United States,"No, not of Hispanic, Latino, or Spanish origin",,,,White
197,United States,"No, not of Hispanic, Latino, or Spanish origin",,,,White
198,United States,"No, not of Hispanic, Latino, or Spanish origin",,,,White
199,United States,"No, not of Hispanic, Latino, or Spanish origin",,,,White
200,United States,"No, not of Hispanic, Latino, or Spanish origin",,,,White
201,United States,"No, not of Hispanic, Latino, or Spanish origin",,,,White
202,United States,"No, not of Hispanic, Latino, or Spanish origin",,,,White
203,United States,"No, not of Hispanic, Latino, or Spanish origin",,,,White
204,United States,"No, not of Hispanic, Latino, or Spanish origin",,,,White
205,United States,"No, not of Hispanic, Latino, or Spanish origin",,,,White
206,United States,"No, not of Hispanic, Latino, or Spanish origin",,,,White
207,United States,"No, not of Hispanic, Latino, or Spanish origin",,,,White
208,United States,"No, not of Hispanic, Latino, or Spanish origin",,,,White
209,United States,"No, not of Hispanic, Latino, or Spanish origin",,,,White
210,United States,"No, not of Hispanic, Latino, or Spanish origin",,,,White
211,United States,"No, not of Hispanic, Latino, or Spanish origin",,,,White
212,United States,"No, not of Hispanic, Latino, or Spanish origin",,,,White
213,United States,"No, not of Hispanic, Latino, or Spanish origin",,,,White
214,United States,"No, not of Hispanic, Latino, or Spanish origin",,,,White
215,United States,"No, not of Hispanic, Latino, or Spanish origin",,,,White
216,United States,"No, not of Hispanic, Latino, or Spanish origin",,,,White
217,United States,"No, not of Hispanic, Latino, or Spanish origin",,,,White
218,United States,"No, not of Hispanic, Latino, or Spanish origin",,,,White
219,United States,"No, not of Hispanic, Latino, or Spanish origin",,,,White
220,United States,"No, not of Hispanic, Latino, or Spanish origin",,,,White
221,United States,"No, not of Hispanic, Latino, or Spanish origin",,,,White
222,United States,"No, not of Hispanic, Latino, or Spanish origin",,,,White
223,United States,"No, not of Hispanic, Latino, or Spanish origin",,,,White
224,United States,"No, not of Hispanic, Latino, or Spanish origin",,,,White
225,United States,"No, not of Hispanic, Latino, or Spanish origin",,,,White
226,United States,"No, not of Hispanic, Latino, or Spanish origin",,,,White
227,United States,"No, not of Hispanic, Latino, or Spanish origin",,,,White
228,United States,"No, not of Hispanic, Latino, or Spanish origin",,,,White
229,United States,"No, not of Hispanic, Latino, or Spanish origin",,,,White
230,United States,,,,,White
231,United States,"No, not of Hispanic, Latino, or Spanish origin",,,,White
232,United States,"No, not of Hispanic, Latino, or Spanish origin",,,,White
233,United States,"No, not of Hispanic, Latino, or Spanish origin",,,,White
234,United States,"No, not of Hispanic, Latino, or Spanish origin",,,,White
235,United States,"No, not of Hispanic, Latino, or Spanish origin",,,,White
236,United States,"No, not of Hispanic, Latino, or Spanish origin",,,,White
237,United States,"No, not of Hispanic, Latino, or Spanish origin",,,,White
238,United States,"No, not of Hispanic, Latino, or Spanish origin",,,,White
239,United States,"No, not of Hispanic, Latino, or Spanish origin",,,,White
240,United States,"No, not of Hispanic, Latino, or Spanish origin",,,,White
241,United States,"No, not of Hispanic, Latino, or Spanish origin",,,,White
242,United States,"No, not of Hispanic, Latino, or Spanish origin",,,,White
243,United States,"No, not of Hispanic, Latino, or Spanish origin",,,,White
244,United States,"No, not of Hispanic, Latino, or Spanish origin",,,,White
245,United States,"No, not of Hispanic, Latino, or Spanish origin",,,,White
246,United States,"No, not of Hispanic, Latino, or Spanish origin",,,,White
247,United States,"No, not of Hispanic, Latino, or Spanish origin",,,,White
248,United States,"No, not of Hispanic, Latino, or Spanish origin",,,,White
249,United States,"No, not of Hispanic, Latino, or Spanish origin",,,,White
250,United States,"No, not of Hispanic, Latino, or Spanish origin",,,,White
251,United States,"No, not of Hispanic, Latino, or Spanish origin",,,,White
252,United States,"Yes, another Hispanic, Latino, or Spanish origin",,,,White
253,United States,"No, not of Hispanic, Latino, or Spanish origin",,,,White
254,United States,"No, not of Hispanic, Latino, or Spanish origin",,,,White
255,United States,"No, not of Hispanic, Latino, or Spanish origin",,,,White
256,United States,"No, not of Hispanic, Latino, or Spanish origin",,,,White
