,Year_0,row_id,fund3[other]_0,fund3
0,2026,2026_1,,Institutional support (centrally funded)
1,2026,2026_3,,Institutional support (centrally funded)
2,2026,2026_8,,Institutional support (centrally funded)
3,2026,2026_13,,Institutional support (centrally funded)
4,2026,2026_15,,Institutional support (centrally funded)
5,2026,2026_16,,Institutional support (centrally funded)
6,2026,2026_17,,Institutional support (centrally funded)
7,2026,2026_19,,Institutional support (centrally funded)
8,2026,2026_21,,Institutional support (centrally funded)
9,2026,2026_23,,Institutional support (centrally funded)
10,2026,2026_24,,Institutional support (centrally funded)
11,2026,2026_30,,Institutional support (centrally funded)
12,2026,2026_31,,Institutional support (centrally funded)
13,2026,2026_35,,Institutional support (centrally funded)
14,2026,2026_39,,Institutional support (centrally funded)
15,2026,2026_44,,Institutional support (centrally funded)
16,2026,2026_45,,Institutional support (centrally funded)
17,2026,2026_48,,Institutional support (centrally funded)
18,2026,2026_49,,Institutional support (centrally funded)
19,2026,2026_51,,Institutional support (centrally funded)
20,2026,2026_56,,Institutional support (centrally funded)
21,2026,2026_59,,Institutional support (centrally funded)
22,2026,2026_60,,Institutional support (centrally funded)
23,2026,2026_65,,Institutional support (centrally funded)
24,2026,2026_66,,Institutional support (centrally funded)
25,2026,2026_67,,Institutional support (centrally funded)
26,2026,2026_68,,Institutional support (centrally funded)
27,2026,2026_69,,Institutional support (centrally funded)
28,2026,2026_73,,Institutional support (centrally funded)
29,2026,2026_77,,Institutional support (centrally funded)
30,2026,2026_81,,Institutional support (centrally funded)
31,2026,2026_84,,Institutional support (centrally funded)
32,2026,2026_85,,Institutional support (centrally funded)
33,2026,2026_86,,Institutional support (centrally funded)
34,2026,2026_87,,Institutional support (centrally funded)
35,2026,2026_88,,Institutional support (centrally funded)
36,2026,2026_89,,Institutional support (centrally funded)
37,2026,2026_92,,Institutional support (centrally funded)
38,2026,2026_93,,Institutional support (centrally funded)
39,2026,2026_94,,Institutional support (centrally funded)
40,2026,2026_95,,Institutional support (centrally funded)
41,2026,2026_97,,Institutional support (centrally funded)
42,2026,2026_98,,Institutional support (centrally funded)
43,2026,2026_102,,Institutional support (centrally funded)
44,2026,2026_105,,Institutional support (centrally funded)
45,2026,2026_107,,Institutional support (centrally funded)
46,2026,2026_108,,Institutional support (centrally funded)
47,2026,2026_109,,Institutional support (centrally funded)
48,2026,2026_115,,Institutional support (centrally funded)
49,2026,2026_116,,Institutional support (centrally funded)
50,2026,2026_118,,Institutional support (centrally funded)
51,2026,2026_119,,Institutional support (centrally funded)
52,2026,2026_121,,Institutional support (centrally funded)
53,2026,2026_122,,Institutional support (centrally funded)
54,2026,2026_123,,Institutional support (centrally funded)
55,2026,2026_124,,Institutional support (centrally funded)
56,2026,2026_125,,Institutional support (centrally funded)
57,2026,2026_128,,Institutional support (centrally funded)
58,2026,2026_130,,Institutional support (centrally funded)
59,2026,2026_132,european projects,Institutional support (centrally funded)
60,2026,2026_133,,Institutional support (centrally funded)
61,2026,2026_134,,Institutional support (centrally funded)
62,2026,2026_135,,Institutional support (centrally funded)
63,2026,2026_136,Some additional work is paid for through self-employment,Institutional support (centrally funded)
64,2026,2026_140,,Institutional support (centrally funded)
65,2026,2026_143,,Institutional support (centrally funded)
66,2026,2026_147,,Institutional support (centrally funded)
67,2026,2026_151,,Institutional support (centrally funded)
68,2026,2026_153,,Institutional support (centrally funded)
69,2026,2026_154,,Institutional support (centrally funded)
70,2026,2026_162,,Institutional support (centrally funded)
71,2026,2026_167,,Institutional support (centrally funded)
72,2026,2026_170,,Institutional support (centrally funded)
73,2026,2026_187,,Institutional support (centrally funded)
74,2026,2026_194,,Institutional support (centrally funded)
75,2026,2026_197,,Institutional support (centrally funded)
76,2026,2026_198,,Institutional support (centrally funded)
77,2026,2026_202,,Institutional support (centrally funded)
78,2026,2026_203,,Institutional support (centrally funded)
79,2026,2026_204,,Institutional support (centrally funded)
80,2026,2026_205,,Institutional support (centrally funded)
81,2026,2026_206,,Institutional support (centrally funded)
82,2026,2026_209,,Institutional support (centrally funded)
83,2026,2026_210,,Institutional support (centrally funded)
84,2026,2026_224,,Institutional support (centrally funded)
85,2026,2026_227,,Institutional support (centrally funded)
86,2026,2026_228,,Institutional support (centrally funded)
87,2026,2026_229,,Institutional support (centrally funded)
88,2026,2026_232,,Institutional support (centrally funded)
89,2026,2026_236,,Institutional support (centrally funded)
90,2026,2026_240,,Institutional support (centrally funded)
91,2026,2026_243,,Institutional support (centrally funded)
92,2026,2026_244,,Institutional support (centrally funded)
93,2026,2026_247,,Institutional support (centrally funded)
94,2026,2026_249,,Institutional support (centrally funded)
95,2026,2026_250,,Institutional support (centrally funded)
96,2026,2026_253,,Institutional support (centrally funded)
97,2026,2026_257,,Institutional support (centrally funded)
98,2026,2026_259,,Institutional support (centrally funded)
99,2026,2026_260,,Institutional support (centrally funded)
100,2026,2026_262,,Institutional support (centrally funded)
101,2026,2026_265,,Institutional support (centrally funded)
102,2026,2026_270,,Institutional support (centrally funded)
103,2026,2026_275,,Institutional support (centrally funded)
104,2026,2026_279,,Institutional support (centrally funded)
105,2026,2026_281,,Institutional support (centrally funded)
106,2026,2026_282,,Institutional support (centrally funded)
107,2026,2026_285,,Institutional support (centrally funded)
108,2026,2026_286,,Institutional support (centrally funded)
109,2026,2026_291,,Institutional support (centrally funded)
110,2026,2026_297,,Institutional support (centrally funded)
111,2026,2026_298,,Institutional support (centrally funded)
112,2026,2026_299,,Institutional support (centrally funded)
113,2026,2026_305,,Institutional support (centrally funded)
114,2026,2026_306,,Institutional support (centrally funded)
115,2026,2026_309,,Institutional support (centrally funded)
116,2026,2026_315,,Institutional support (centrally funded)
117,2026,2026_316,,Institutional support (centrally funded)
118,2026,2026_317,,Institutional support (centrally funded)
119,2026,2026_319,,Institutional support (centrally funded)
120,2026,2026_322,,Institutional support (centrally funded)
121,2026,2026_328,,Institutional support (centrally funded)
122,2026,2026_330,,Institutional support (centrally funded)
123,2026,2026_331,,Institutional support (centrally funded)
124,2026,2026_338,,Institutional support (centrally funded)
125,2026,2026_340,,Institutional support (centrally funded)
126,2026,2026_341,,Institutional support (centrally funded)
127,2026,2026_342,,Institutional support (centrally funded)
128,2026,2026_343,,Institutional support (centrally funded)
129,2026,2026_344,,Institutional support (centrally funded)
130,2026,2026_349,,Institutional support (centrally funded)
131,2026,2026_350,,Institutional support (centrally funded)
132,2026,2026_351,,Institutional support (centrally funded)
133,2026,2026_352,,Institutional support (centrally funded)
134,2026,2026_354,,Institutional support (centrally funded)
135,2026,2026_355,,Institutional support (centrally funded)
136,2026,2026_356,,Institutional support (centrally funded)
137,2026,2026_357,,Institutional support (centrally funded)
138,2026,2026_358,,Institutional support (centrally funded)
139,2026,2026_359,,Institutional support (centrally funded)
140,2026,2026_360,,Institutional support (centrally funded)
141,2026,2026_362,,Institutional support (centrally funded)
142,2026,2026_363,,Institutional support (centrally funded)
143,2026,2026_364,,Institutional support (centrally funded)
144,2026,2026_372,,Institutional support (centrally funded)
145,2026,2026_373,,Institutional support (centrally funded)
146,2026,2026_376,,Institutional support (centrally funded)
147,2026,2026_378,,Institutional support (centrally funded)
148,2026,2026_379,,Institutional support (centrally funded)
149,2026,2026_382,,Institutional support (centrally funded)
150,2026,2026_385,,Institutional support (centrally funded)
151,2026,2026_388,,Institutional support (centrally funded)
152,2026,2026_389,,Institutional support (centrally funded)
153,2026,2026_390,,Institutional support (centrally funded)
154,2026,2026_391,,Institutional support (centrally funded)
155,2026,2026_393,,Institutional support (centrally funded)
156,2026,2026_394,,Institutional support (centrally funded)
157,2026,2026_396,,Institutional support (centrally funded)
158,2026,2026_397,,Institutional support (centrally funded)
159,2026,2026_403,,Institutional support (centrally funded)
160,2026,2026_405,,Institutional support (centrally funded)
161,2026,2026_407,,Institutional support (centrally funded)
162,2026,2026_408,,Institutional support (centrally funded)
163,2026,2026_412,,Institutional support (centrally funded)
164,2026,2026_413,,Institutional support (centrally funded)
165,2026,2026_414,,Institutional support (centrally funded)
166,2026,2026_421,,Institutional support (centrally funded)
167,2026,2026_422,,Institutional support (centrally funded)
168,2026,2026_427,,Institutional support (centrally funded)
169,2026,2026_430,,Institutional support (centrally funded)
170,2026,2026_431,,Institutional support (centrally funded)
171,2026,2026_433,,Institutional support (centrally funded)
172,2026,2026_434,,Institutional support (centrally funded)
173,2026,2026_440,,Institutional support (centrally funded)
174,2026,2026_441,,Institutional support (centrally funded)
175,2026,2026_442,,Institutional support (centrally funded)
176,2026,2026_443,,Institutional support (centrally funded)
177,2026,2026_445,,Institutional support (centrally funded)
178,2026,2026_451,,Institutional support (centrally funded)
179,2026,2026_452,,Institutional support (centrally funded)
180,2026,2026_453,,Institutional support (centrally funded)
181,2026,2026_461,,Institutional support (centrally funded)
182,2026,2026_466,,Institutional support (centrally funded)
183,2026,2026_468,,Institutional support (centrally funded)
184,2026,2026_469,,Institutional support (centrally funded)
185,2026,2026_472,,Institutional support (centrally funded)
186,2026,2026_475,,Institutional support (centrally funded)
187,2026,2026_476,,Institutional support (centrally funded)
188,2026,2026_479,,Institutional support (centrally funded)
189,2026,2026_483,,Institutional support (centrally funded)
190,2026,2026_484,,Institutional support (centrally funded)
191,2026,2026_485,,Institutional support (centrally funded)
192,2026,2026_486,,Institutional support (centrally funded)
193,2026,2026_487,,Institutional support (centrally funded)
194,2026,2026_489,,Institutional support (centrally funded)
195,2026,2026_494,,Institutional support (centrally funded)
196,2026,2026_496,,Institutional support (centrally funded)
197,2026,2026_498,,Institutional support (centrally funded)
198,2026,2026_501,,Institutional support (centrally funded)
199,2026,2026_504,,Institutional support (centrally funded)
200,2026,2026_511,,Institutional support (centrally funded)
201,2026,2026_512,,Institutional support (centrally funded)
202,2026,2026_514,,Institutional support (centrally funded)
203,2026,2026_515,,Institutional support (centrally funded)
204,2026,2026_517,,Institutional support (centrally funded)
205,2026,2026_521,,Institutional support (centrally funded)
206,2026,2026_523,,Institutional support (centrally funded)
207,2026,2026_531,,Institutional support (centrally funded)
208,2026,2026_533,,Institutional support (centrally funded)
209,2026,2026_534,,Institutional support (centrally funded)
210,2026,2026_537,,Institutional support (centrally funded)
211,2026,2026_539,,Institutional support (centrally funded)
212,2026,2026_541,,Institutional support (centrally funded)
213,2026,2026_542,,Institutional support (centrally funded)
214,2026,2026_543,,Institutional support (centrally funded)
215,2026,2026_544,,Institutional support (centrally funded)
216,2026,2026_546,,Institutional support (centrally funded)
217,2026,2026_547,,Institutional support (centrally funded)
218,2026,2026_549,,Institutional support (centrally funded)
219,2026,2026_554,,Institutional support (centrally funded)
220,2026,2026_570,,Institutional support (centrally funded)
221,2026,2026_571,,Institutional support (centrally funded)
222,2026,2026_572,,Institutional support (centrally funded)
223,2026,2026_573,,Institutional support (centrally funded)
224,2026,2026_582,,Institutional support (centrally funded)
225,2026,2026_584,,Institutional support (centrally funded)
226,2026,2026_589,,Institutional support (centrally funded)
227,2026,2026_593,,Institutional support (centrally funded)
228,2026,2026_600,,Institutional support (centrally funded)
229,2026,2026_603,,Institutional support (centrally funded)
230,2026,2026_604,,Institutional support (centrally funded)
231,2026,2026_612,,Institutional support (centrally funded)
232,2026,2026_613,,Institutional support (centrally funded)
233,2026,2026_615,,Institutional support (centrally funded)
234,2026,2026_616,,Institutional support (centrally funded)
235,2026,2026_617,,Institutional support (centrally funded)
236,2026,2026_621,,Institutional support (centrally funded)
237,2026,2026_622,,Institutional support (centrally funded)
238,2026,2026_625,,Institutional support (centrally funded)
239,2026,2026_631,,Institutional support (centrally funded)
240,2026,2026_635,,Institutional support (centrally funded)
241,2026,2026_636,,Institutional support (centrally funded)
242,2026,2026_644,,Institutional support (centrally funded)
243,2026,2026_646,,Institutional support (centrally funded)
244,2026,2026_649,,Institutional support (centrally funded)
245,2026,2026_653,,Institutional support (centrally funded)
246,2026,2026_654,,Institutional support (centrally funded)
247,2026,2026_655,,Institutional support (centrally funded)
248,2026,2026_662,,Institutional support (centrally funded)
249,2026,2026_667,,Institutional support (centrally funded)
250,2026,2026_668,,Institutional support (centrally funded)
251,2026,2026_672,,Institutional support (centrally funded)
252,2026,2026_678,,Institutional support (centrally funded)
253,2026,2026_683,,Institutional support (centrally funded)
254,2026,2026_684,,Institutional support (centrally funded)
255,2026,2026_685,,Institutional support (centrally funded)
256,2026,2026_687,,Institutional support (centrally funded)
257,2026,2026_689,,Institutional support (centrally funded)
258,2026,2026_691,,Institutional support (centrally funded)
259,2026,2026_696,,Institutional support (centrally funded)
260,2026,2026_700,,Institutional support (centrally funded)
261,2026,2026_701,,Institutional support (centrally funded)
262,2026,2026_704,,Institutional support (centrally funded)
263,2026,2026_706,,Institutional support (centrally funded)
264,2026,2026_711,Private philanthropy,Institutional support (centrally funded)
265,2026,2026_713,,Institutional support (centrally funded)
266,2026,2026_715,,Institutional support (centrally funded)
267,2026,2026_716,,Institutional support (centrally funded)
268,2026,2026_718,,Institutional support (centrally funded)
269,2026,2026_722,,Institutional support (centrally funded)
270,2026,2026_724,,Institutional support (centrally funded)
271,2026,2026_727,,Institutional support (centrally funded)
272,2026,2026_730,,Institutional support (centrally funded)
273,2026,2026_736,,Institutional support (centrally funded)
274,2026,2026_740,,Institutional support (centrally funded)
275,2026,2026_741,,Institutional support (centrally funded)
276,2026,2026_748,,Institutional support (centrally funded)
277,2026,2026_749,,Institutional support (centrally funded)
278,2026,2026_750,,Institutional support (centrally funded)
279,2026,2026_751,,Institutional support (centrally funded)
280,2026,2026_753,,Institutional support (centrally funded)
281,2026,2026_758,,Institutional support (centrally funded)
282,2026,2026_759,,Institutional support (centrally funded)
283,2026,2026_761,,Institutional support (centrally funded)
284,2026,2026_765,,Institutional support (centrally funded)
285,2026,2026_768,,Institutional support (centrally funded)
286,2026,2026_769,,Institutional support (centrally funded)
287,2026,2026_770,,Institutional support (centrally funded)
288,2026,2026_773,,Institutional support (centrally funded)
289,2026,2026_775,,Institutional support (centrally funded)
290,2026,2026_779,,Institutional support (centrally funded)
291,2026,2026_781,,Institutional support (centrally funded)
292,2026,2026_784,,Institutional support (centrally funded)
293,2026,2026_785,,Institutional support (centrally funded)
294,2026,2026_786,,Institutional support (centrally funded)
295,2026,2026_788,,Institutional support (centrally funded)
296,2026,2026_790,,Institutional support (centrally funded)
297,2026,2026_791,,Institutional support (centrally funded)
298,2026,2026_792,,Institutional support (centrally funded)
299,2026,2026_793,,Institutional support (centrally funded)
300,2026,2026_797,,Institutional support (centrally funded)
301,2026,2026_805,,Institutional support (centrally funded)
302,2026,2026_806,,Institutional support (centrally funded)
303,2026,2026_810,,Institutional support (centrally funded)
304,2026,2026_811,,Institutional support (centrally funded)
305,2026,2026_812,,Institutional support (centrally funded)
306,2026,2026_815,,Institutional support (centrally funded)
307,2026,2026_816,,Institutional support (centrally funded)
308,2026,2026_817,,Institutional support (centrally funded)
309,2026,2026_820,,Institutional support (centrally funded)
310,2026,2026_822,,Institutional support (centrally funded)
311,2026,2026_826,,Institutional support (centrally funded)
312,2026,2026_834,,Institutional support (centrally funded)
313,2026,2026_835,,Institutional support (centrally funded)
314,2026,2026_836,,Institutional support (centrally funded)
315,2026,2026_838,,Institutional support (centrally funded)
316,2026,2026_840,,Institutional support (centrally funded)
317,2026,2026_842,,Institutional support (centrally funded)
318,2026,2026_845,,Institutional support (centrally funded)
319,2026,2026_846,,Institutional support (centrally funded)
320,2026,2026_854,,Institutional support (centrally funded)
321,2026,2026_856,,Institutional support (centrally funded)
322,2026,2026_857,,Institutional support (centrally funded)
323,2026,2026_867,,Institutional support (centrally funded)
324,2026,2026_868,,Institutional support (centrally funded)
325,2026,2026_869,,Institutional support (centrally funded)
326,2026,2026_873,,Institutional support (centrally funded)
327,2026,2026_874,,Institutional support (centrally funded)
328,2026,2026_875,,Institutional support (centrally funded)
329,2026,2026_876,,Institutional support (centrally funded)
330,2026,2026_877,,Institutional support (centrally funded)
331,2026,2026_878,,Institutional support (centrally funded)
332,2026,2026_880,,Institutional support (centrally funded)
333,2026,2026_881,,Institutional support (centrally funded)
334,2026,2026_883,,Institutional support (centrally funded)
335,2026,2026_885,,Institutional support (centrally funded)
336,2026,2026_887,,Institutional support (centrally funded)
337,2026,2026_897,,Institutional support (centrally funded)
338,2026,2026_898,,Institutional support (centrally funded)
339,2026,2026_901,,Institutional support (centrally funded)
340,2026,2026_903,,Institutional support (centrally funded)
341,2026,2026_906,,Institutional support (centrally funded)
342,2026,2026_907,,Institutional support (centrally funded)
343,2026,2026_909,,Institutional support (centrally funded)
344,2026,2026_910,,Institutional support (centrally funded)
345,2026,2026_914,,Institutional support (centrally funded)
346,2026,2026_920,,Institutional support (centrally funded)
347,2026,2026_947,,Institutional support (centrally funded)
348,2026,2026_953,,Institutional support (centrally funded)
349,2026,2026_955,,Institutional support (centrally funded)
350,2026,2026_960,,Institutional support (centrally funded)
351,2026,2026_963,,Institutional support (centrally funded)
352,2026,2026_967,,Institutional support (centrally funded)
353,2026,2026_968,,Institutional support (centrally funded)
354,2026,2026_973,,Institutional support (centrally funded)
355,2026,2026_975,,Institutional support (centrally funded)
356,2026,2026_978,,Institutional support (centrally funded)
357,2026,2026_979,,Institutional support (centrally funded)
358,2026,2026_982,,Institutional support (centrally funded)
359,2026,2026_986,,Institutional support (centrally funded)
360,2026,2026_987,,Institutional support (centrally funded)
361,2026,2026_991,,Institutional support (centrally funded)
362,2026,2026_992,,Institutional support (centrally funded)
363,2026,2026_998,,Institutional support (centrally funded)
364,2026,2026_1001,,Institutional support (centrally funded)
365,2026,2026_1002,,Institutional support (centrally funded)
366,2026,2026_1007,,Institutional support (centrally funded)
367,2026,2026_1010,,Institutional support (centrally funded)
368,2026,2026_1012,,Institutional support (centrally funded)
369,2026,2026_1016,,Institutional support (centrally funded)
370,2026,2026_1017,,Institutional support (centrally funded)
371,2026,2026_1018,,Institutional support (centrally funded)
372,2026,2026_1019,,Institutional support (centrally funded)
373,2026,2026_1023,,Institutional support (centrally funded)
374,2026,2026_1027,,Institutional support (centrally funded)
375,2026,2026_1028,,Institutional support (centrally funded)
376,2026,2026_1029,,Institutional support (centrally funded)
377,2026,2026_1031,,Institutional support (centrally funded)
378,2026,2026_1034,,Institutional support (centrally funded)
379,2026,2026_1035,,Institutional support (centrally funded)
380,2026,2026_1040,,Institutional support (centrally funded)
381,2026,2026_1044,,Institutional support (centrally funded)
382,2026,2026_1045,,Institutional support (centrally funded)
383,2026,2026_1046,,Institutional support (centrally funded)
384,2026,2026_1047,,Institutional support (centrally funded)
385,2026,2026_1050,,Institutional support (centrally funded)
386,2026,2026_1051,,Institutional support (centrally funded)
387,2026,2026_1055,,Institutional support (centrally funded)
388,2026,2026_1056,,Institutional support (centrally funded)
389,2026,2026_1058,,Institutional support (centrally funded)
390,2026,2026_1068,,Institutional support (centrally funded)
391,2026,2026_1069,,Institutional support (centrally funded)
392,2026,2026_1070,,Institutional support (centrally funded)
393,2026,2026_1071,,Institutional support (centrally funded)
394,2026,2026_1076,,Institutional support (centrally funded)
395,2026,2026_1077,,Institutional support (centrally funded)
396,2026,2026_1078,,Institutional support (centrally funded)
397,2026,2026_1080,,Institutional support (centrally funded)
398,2026,2026_1081,,Institutional support (centrally funded)
399,2026,2026_1082,,Institutional support (centrally funded)
400,2026,2026_1088,,Institutional support (centrally funded)
401,2026,2026_1091,,Institutional support (centrally funded)
402,2026,2026_1093,,Institutional support (centrally funded)
403,2026,2026_1094,,Institutional support (centrally funded)
404,2026,2026_1099,,Institutional support (centrally funded)
405,2026,2026_1101,,Institutional support (centrally funded)
406,2026,2026_1104,,Institutional support (centrally funded)
407,2026,2026_1106,,Institutional support (centrally funded)
408,2026,2026_1109,,Institutional support (centrally funded)
409,2026,2026_1110,,Institutional support (centrally funded)
410,2026,2026_1112,,Institutional support (centrally funded)
411,2026,2026_1113,,Institutional support (centrally funded)
412,2026,2026_1116,,Institutional support (centrally funded)
413,2026,2026_1118,,Institutional support (centrally funded)
414,2026,2026_1127,,Institutional support (centrally funded)
415,2026,2026_1128,,Institutional support (centrally funded)
416,2026,2026_1129,,Institutional support (centrally funded)
417,2026,2026_1133,,Institutional support (centrally funded)
418,2026,2026_1134,,Institutional support (centrally funded)
419,2026,2026_1135,,Institutional support (centrally funded)
420,2026,2026_1137,,Institutional support (centrally funded)
421,2026,2026_1138,,Institutional support (centrally funded)
422,2026,2026_1141,,Institutional support (centrally funded)
423,2026,2026_1142,,Institutional support (centrally funded)
424,2026,2026_1143,,Institutional support (centrally funded)
425,2026,2026_1144,,Institutional support (centrally funded)
426,2026,2026_1145,,Institutional support (centrally funded)
427,2026,2026_1150,,Institutional support (centrally funded)
428,2026,2026_1151,,Institutional support (centrally funded)
429,2026,2026_1152,,Institutional support (centrally funded)
430,2026,2026_1153,,Institutional support (centrally funded)
431,2026,2026_1154,,Institutional support (centrally funded)
432,2026,2026_1155,,Institutional support (centrally funded)
433,2026,2026_1159,,Institutional support (centrally funded)
434,2026,2026_1162,,Institutional support (centrally funded)
435,2026,2026_5,,Grants
436,2026,2026_8,,Grants
437,2026,2026_9,,Grants
438,2026,2026_10,,Grants
439,2026,2026_11,,Grants
440,2026,2026_12,,Grants
441,2026,2026_13,,Grants
442,2026,2026_15,,Grants
443,2026,2026_17,,Grants
444,2026,2026_18,,Grants
445,2026,2026_23,,Grants
446,2026,2026_24,,Grants
447,2026,2026_30,,Grants
448,2026,2026_39,,Grants
449,2026,2026_44,,Grants
450,2026,2026_45,,Grants
451,2026,2026_46,,Grants
452,2026,2026_47,,Grants
453,2026,2026_48,,Grants
454,2026,2026_49,,Grants
455,2026,2026_51,,Grants
456,2026,2026_56,,Grants
457,2026,2026_61,,Grants
458,2026,2026_65,,Grants
459,2026,2026_69,,Grants
460,2026,2026_70,,Grants
461,2026,2026_72,,Grants
462,2026,2026_73,,Grants
463,2026,2026_82,,Grants
464,2026,2026_83,,Grants
465,2026,2026_84,,Grants
466,2026,2026_85,,Grants
467,2026,2026_90,,Grants
468,2026,2026_93,,Grants
469,2026,2026_97,,Grants
470,2026,2026_101,,Grants
471,2026,2026_102,,Grants
472,2026,2026_106,,Grants
473,2026,2026_107,,Grants
474,2026,2026_108,,Grants
475,2026,2026_109,,Grants
476,2026,2026_110,,Grants
477,2026,2026_118,,Grants
478,2026,2026_119,,Grants
479,2026,2026_120,,Grants
480,2026,2026_121,,Grants
481,2026,2026_122,,Grants
482,2026,2026_125,,Grants
483,2026,2026_135,,Grants
484,2026,2026_136,Some additional work is paid for through self-employment,Grants
485,2026,2026_142,,Grants
486,2026,2026_143,,Grants
487,2026,2026_145,,Grants
488,2026,2026_154,,Grants
489,2026,2026_157,,Grants
490,2026,2026_162,,Grants
491,2026,2026_163,,Grants
492,2026,2026_164,,Grants
493,2026,2026_168,,Grants
494,2026,2026_169,,Grants
495,2026,2026_170,,Grants
496,2026,2026_191,,Grants
497,2026,2026_196,,Grants
498,2026,2026_198,,Grants
499,2026,2026_200,,Grants
500,2026,2026_202,,Grants
501,2026,2026_204,,Grants
502,2026,2026_206,,Grants
503,2026,2026_210,,Grants
504,2026,2026_220,,Grants
505,2026,2026_221,,Grants
506,2026,2026_223,,Grants
507,2026,2026_227,,Grants
508,2026,2026_228,,Grants
509,2026,2026_229,,Grants
510,2026,2026_231,,Grants
511,2026,2026_232,,Grants
512,2026,2026_235,,Grants
513,2026,2026_239,,Grants
514,2026,2026_243,,Grants
515,2026,2026_244,,Grants
516,2026,2026_246,,Grants
517,2026,2026_249,,Grants
518,2026,2026_250,,Grants
519,2026,2026_260,,Grants
520,2026,2026_262,,Grants
521,2026,2026_267,,Grants
522,2026,2026_270,,Grants
523,2026,2026_272,,Grants
524,2026,2026_277,,Grants
525,2026,2026_279,,Grants
526,2026,2026_281,,Grants
527,2026,2026_284,,Grants
528,2026,2026_285,,Grants
529,2026,2026_289,,Grants
530,2026,2026_290,,Grants
531,2026,2026_296,,Grants
532,2026,2026_302,,Grants
533,2026,2026_306,,Grants
534,2026,2026_311,,Grants
535,2026,2026_315,,Grants
536,2026,2026_316,,Grants
537,2026,2026_325,,Grants
538,2026,2026_326,,Grants
539,2026,2026_328,,Grants
540,2026,2026_330,,Grants
541,2026,2026_334,,Grants
542,2026,2026_338,,Grants
543,2026,2026_340,,Grants
544,2026,2026_341,,Grants
545,2026,2026_342,,Grants
546,2026,2026_343,,Grants
547,2026,2026_350,,Grants
548,2026,2026_353,,Grants
549,2026,2026_355,,Grants
550,2026,2026_357,,Grants
551,2026,2026_360,,Grants
552,2026,2026_363,,Grants
553,2026,2026_365,,Grants
554,2026,2026_373,,Grants
555,2026,2026_377,,Grants
556,2026,2026_378,,Grants
557,2026,2026_381,,Grants
558,2026,2026_387,,Grants
559,2026,2026_388,,Grants
560,2026,2026_389,,Grants
561,2026,2026_391,,Grants
562,2026,2026_394,,Grants
563,2026,2026_395,,Grants
564,2026,2026_403,,Grants
565,2026,2026_407,,Grants
566,2026,2026_413,,Grants
567,2026,2026_415,,Grants
568,2026,2026_418,,Grants
569,2026,2026_420,,Grants
570,2026,2026_421,,Grants
571,2026,2026_426,,Grants
572,2026,2026_427,,Grants
573,2026,2026_430,,Grants
574,2026,2026_431,,Grants
575,2026,2026_434,,Grants
576,2026,2026_436,,Grants
577,2026,2026_441,,Grants
578,2026,2026_442,,Grants
579,2026,2026_446,,Grants
580,2026,2026_452,,Grants
581,2026,2026_456,,Grants
582,2026,2026_459,,Grants
583,2026,2026_468,,Grants
584,2026,2026_483,,Grants
585,2026,2026_484,,Grants
586,2026,2026_486,,Grants
587,2026,2026_487,,Grants
588,2026,2026_496,,Grants
589,2026,2026_498,,Grants
590,2026,2026_501,,Grants
591,2026,2026_503,,Grants
592,2026,2026_504,,Grants
593,2026,2026_505,,Grants
594,2026,2026_506,,Grants
595,2026,2026_511,,Grants
596,2026,2026_514,,Grants
597,2026,2026_515,,Grants
598,2026,2026_516,"national funding, supposed to become institutional over the next years",Grants
599,2026,2026_517,,Grants
600,2026,2026_520,,Grants
601,2026,2026_521,,Grants
602,2026,2026_522,,Grants
603,2026,2026_531,,Grants
604,2026,2026_533,,Grants
605,2026,2026_534,,Grants
606,2026,2026_537,,Grants
607,2026,2026_539,,Grants
608,2026,2026_541,,Grants
609,2026,2026_543,,Grants
610,2026,2026_544,,Grants
611,2026,2026_545,,Grants
612,2026,2026_546,,Grants
613,2026,2026_549,,Grants
614,2026,2026_552,,Grants
615,2026,2026_554,,Grants
616,2026,2026_571,,Grants
617,2026,2026_580,,Grants
618,2026,2026_581,,Grants
619,2026,2026_582,,Grants
620,2026,2026_590,,Grants
621,2026,2026_593,,Grants
622,2026,2026_596,,Grants
623,2026,2026_597,,Grants
624,2026,2026_598,,Grants
625,2026,2026_603,,Grants
626,2026,2026_604,,Grants
627,2026,2026_606,,Grants
628,2026,2026_612,,Grants
629,2026,2026_616,,Grants
630,2026,2026_624,,Grants
631,2026,2026_628,,Grants
632,2026,2026_629,,Grants
633,2026,2026_634,,Grants
634,2026,2026_636,,Grants
635,2026,2026_644,,Grants
636,2026,2026_652,,Grants
637,2026,2026_653,,Grants
638,2026,2026_655,,Grants
639,2026,2026_657,,Grants
640,2026,2026_658,,Grants
641,2026,2026_663,,Grants
642,2026,2026_672,,Grants
643,2026,2026_677,,Grants
644,2026,2026_679,,Grants
645,2026,2026_680,,Grants
646,2026,2026_681,,Grants
647,2026,2026_685,,Grants
648,2026,2026_687,,Grants
649,2026,2026_688,,Grants
650,2026,2026_689,,Grants
651,2026,2026_692,,Grants
652,2026,2026_694,,Grants
653,2026,2026_696,,Grants
654,2026,2026_698,,Grants
655,2026,2026_700,,Grants
656,2026,2026_701,,Grants
657,2026,2026_705,Federal Funding,Grants
658,2026,2026_711,Private philanthropy,Grants
659,2026,2026_713,,Grants
660,2026,2026_715,,Grants
661,2026,2026_718,,Grants
662,2026,2026_719,,Grants
663,2026,2026_724,,Grants
664,2026,2026_732,,Grants
665,2026,2026_736,,Grants
666,2026,2026_737,,Grants
667,2026,2026_740,,Grants
668,2026,2026_744,,Grants
669,2026,2026_747,,Grants
670,2026,2026_749,,Grants
671,2026,2026_751,,Grants
672,2026,2026_756,,Grants
673,2026,2026_758,,Grants
674,2026,2026_761,,Grants
675,2026,2026_765,,Grants
676,2026,2026_768,,Grants
677,2026,2026_769,,Grants
678,2026,2026_770,,Grants
679,2026,2026_773,,Grants
680,2026,2026_779,,Grants
681,2026,2026_782,,Grants
682,2026,2026_784,,Grants
683,2026,2026_787,,Grants
684,2026,2026_792,,Grants
685,2026,2026_793,,Grants
686,2026,2026_797,,Grants
687,2026,2026_801,,Grants
688,2026,2026_802,,Grants
689,2026,2026_804,,Grants
690,2026,2026_806,,Grants
691,2026,2026_810,,Grants
692,2026,2026_812,,Grants
693,2026,2026_815,,Grants
694,2026,2026_816,,Grants
695,2026,2026_817,,Grants
696,2026,2026_818,Service contracts,Grants
697,2026,2026_820,,Grants
698,2026,2026_821,,Grants
699,2026,2026_823,,Grants
700,2026,2026_825,,Grants
701,2026,2026_829,,Grants
702,2026,2026_835,,Grants
703,2026,2026_842,,Grants
704,2026,2026_845,,Grants
705,2026,2026_846,,Grants
706,2026,2026_854,,Grants
707,2026,2026_859,,Grants
708,2026,2026_861,,Grants
709,2026,2026_864,,Grants
710,2026,2026_870,,Grants
711,2026,2026_871,,Grants
712,2026,2026_873,,Grants
713,2026,2026_874,,Grants
714,2026,2026_875,,Grants
715,2026,2026_878,,Grants
716,2026,2026_880,,Grants
717,2026,2026_882,,Grants
718,2026,2026_883,,Grants
719,2026,2026_885,,Grants
720,2026,2026_886,,Grants
721,2026,2026_891,,Grants
722,2026,2026_892,,Grants
723,2026,2026_894,,Grants
724,2026,2026_897,,Grants
725,2026,2026_900,,Grants
726,2026,2026_901,,Grants
727,2026,2026_902,,Grants
728,2026,2026_904,,Grants
729,2026,2026_905,,Grants
730,2026,2026_906,,Grants
731,2026,2026_907,,Grants
732,2026,2026_909,,Grants
733,2026,2026_910,,Grants
734,2026,2026_914,,Grants
735,2026,2026_920,,Grants
736,2026,2026_929,,Grants
737,2026,2026_943,,Grants
738,2026,2026_946,,Grants
739,2026,2026_947,,Grants
740,2026,2026_949,,Grants
741,2026,2026_953,,Grants
742,2026,2026_954,,Grants
743,2026,2026_955,,Grants
744,2026,2026_959,,Grants
745,2026,2026_961,,Grants
746,2026,2026_973,,Grants
747,2026,2026_979,,Grants
748,2026,2026_981,,Grants
749,2026,2026_982,,Grants
750,2026,2026_992,,Grants
751,2026,2026_1000,,Grants
752,2026,2026_1002,,Grants
753,2026,2026_1004,,Grants
754,2026,2026_1008,,Grants
755,2026,2026_1012,,Grants
756,2026,2026_1014,,Grants
757,2026,2026_1015,,Grants
758,2026,2026_1016,,Grants
759,2026,2026_1017,,Grants
760,2026,2026_1018,,Grants
761,2026,2026_1019,,Grants
762,2026,2026_1023,,Grants
763,2026,2026_1024,,Grants
764,2026,2026_1028,,Grants
765,2026,2026_1029,,Grants
766,2026,2026_1030,,Grants
767,2026,2026_1031,,Grants
768,2026,2026_1034,,Grants
769,2026,2026_1036,,Grants
770,2026,2026_1038,,Grants
771,2026,2026_1042,,Grants
772,2026,2026_1043,,Grants
773,2026,2026_1044,,Grants
774,2026,2026_1045,,Grants
775,2026,2026_1046,,Grants
776,2026,2026_1047,,Grants
777,2026,2026_1048,,Grants
778,2026,2026_1052,,Grants
779,2026,2026_1055,,Grants
780,2026,2026_1065,,Grants
781,2026,2026_1068,,Grants
782,2026,2026_1069,,Grants
783,2026,2026_1075,,Grants
784,2026,2026_1077,,Grants
785,2026,2026_1079,,Grants
786,2026,2026_1080,,Grants
787,2026,2026_1082,,Grants
788,2026,2026_1085,,Grants
789,2026,2026_1086,,Grants
790,2026,2026_1091,,Grants
791,2026,2026_1093,,Grants
792,2026,2026_1094,,Grants
793,2026,2026_1103,,Grants
794,2026,2026_1106,,Grants
795,2026,2026_1109,,Grants
796,2026,2026_1110,,Grants
797,2026,2026_1112,,Grants
798,2026,2026_1114,,Grants
799,2026,2026_1115,,Grants
800,2026,2026_1117,,Grants
801,2026,2026_1118,,Grants
802,2026,2026_1126,,Grants
803,2026,2026_1127,,Grants
804,2026,2026_1128,,Grants
805,2026,2026_1129,,Grants
806,2026,2026_1130,,Grants
807,2026,2026_1131,,Grants
808,2026,2026_1132,,Grants
809,2026,2026_1134,,Grants
810,2026,2026_1135,,Grants
811,2026,2026_1138,,Grants
812,2026,2026_1142,,Grants
813,2026,2026_1143,,Grants
814,2026,2026_1144,,Grants
815,2026,2026_1145,,Grants
816,2026,2026_1148,,Grants
817,2026,2026_1149,,Grants
818,2026,2026_1151,,Grants
819,2026,2026_1152,,Grants
820,2026,2026_1153,,Grants
821,2026,2026_1154,,Grants
822,2026,2026_1155,,Grants
823,2026,2026_1157,,Grants
824,2026,2026_1159,,Grants
825,2026,2026_1162,,Grants
826,2026,2026_5,,I volunteer my time
827,2026,2026_10,,I volunteer my time
828,2026,2026_19,,I volunteer my time
829,2026,2026_24,,I volunteer my time
830,2026,2026_44,,I volunteer my time
831,2026,2026_66,,I volunteer my time
832,2026,2026_83,,I volunteer my time
833,2026,2026_84,,I volunteer my time
834,2026,2026_95,,I volunteer my time
835,2026,2026_102,,I volunteer my time
836,2026,2026_105,,I volunteer my time
837,2026,2026_108,,I volunteer my time
838,2026,2026_115,,I volunteer my time
839,2026,2026_116,,I volunteer my time
840,2026,2026_128,,I volunteer my time
841,2026,2026_133,,I volunteer my time
842,2026,2026_136,Some additional work is paid for through self-employment,I volunteer my time
843,2026,2026_142,,I volunteer my time
844,2026,2026_168,,I volunteer my time
845,2026,2026_170,,I volunteer my time
846,2026,2026_187,,I volunteer my time
847,2026,2026_191,,I volunteer my time
848,2026,2026_200,,I volunteer my time
849,2026,2026_202,,I volunteer my time
850,2026,2026_205,,I volunteer my time
851,2026,2026_210,,I volunteer my time
852,2026,2026_218,,I volunteer my time
853,2026,2026_223,,I volunteer my time
854,2026,2026_232,,I volunteer my time
855,2026,2026_239,,I volunteer my time
856,2026,2026_249,,I volunteer my time
857,2026,2026_253,,I volunteer my time
858,2026,2026_259,,I volunteer my time
859,2026,2026_263,,I volunteer my time
860,2026,2026_268,,I volunteer my time
861,2026,2026_271,,I volunteer my time
862,2026,2026_272,,I volunteer my time
863,2026,2026_282,,I volunteer my time
864,2026,2026_284,,I volunteer my time
865,2026,2026_292,,I volunteer my time
866,2026,2026_302,,I volunteer my time
867,2026,2026_313,,I volunteer my time
868,2026,2026_328,,I volunteer my time
869,2026,2026_340,,I volunteer my time
870,2026,2026_351,,I volunteer my time
871,2026,2026_352,,I volunteer my time
872,2026,2026_359,,I volunteer my time
873,2026,2026_366,,I volunteer my time
874,2026,2026_377,,I volunteer my time
875,2026,2026_387,,I volunteer my time
876,2026,2026_390,,I volunteer my time
877,2026,2026_397,,I volunteer my time
878,2026,2026_403,,I volunteer my time
879,2026,2026_415,,I volunteer my time
880,2026,2026_431,,I volunteer my time
881,2026,2026_436,,I volunteer my time
882,2026,2026_437,,I volunteer my time
883,2026,2026_445,,I volunteer my time
884,2026,2026_458,,I volunteer my time
885,2026,2026_459,,I volunteer my time
886,2026,2026_470,,I volunteer my time
887,2026,2026_479,,I volunteer my time
888,2026,2026_481,,I volunteer my time
889,2026,2026_483,,I volunteer my time
890,2026,2026_488,,I volunteer my time
891,2026,2026_501,,I volunteer my time
892,2026,2026_510,,I volunteer my time
893,2026,2026_531,,I volunteer my time
894,2026,2026_537,,I volunteer my time
895,2026,2026_549,,I volunteer my time
896,2026,2026_562,,I volunteer my time
897,2026,2026_603,,I volunteer my time
898,2026,2026_622,,I volunteer my time
899,2026,2026_624,,I volunteer my time
900,2026,2026_628,,I volunteer my time
901,2026,2026_629,,I volunteer my time
902,2026,2026_645,,I volunteer my time
903,2026,2026_653,,I volunteer my time
904,2026,2026_655,,I volunteer my time
905,2026,2026_662,,I volunteer my time
906,2026,2026_664,,I volunteer my time
907,2026,2026_666,,I volunteer my time
908,2026,2026_690,,I volunteer my time
909,2026,2026_697,,I volunteer my time
910,2026,2026_700,,I volunteer my time
911,2026,2026_704,,I volunteer my time
912,2026,2026_711,Private philanthropy,I volunteer my time
913,2026,2026_731,,I volunteer my time
914,2026,2026_736,,I volunteer my time
915,2026,2026_744,,I volunteer my time
916,2026,2026_750,,I volunteer my time
917,2026,2026_756,,I volunteer my time
918,2026,2026_775,,I volunteer my time
919,2026,2026_788,,I volunteer my time
920,2026,2026_797,,I volunteer my time
921,2026,2026_806,,I volunteer my time
922,2026,2026_811,,I volunteer my time
923,2026,2026_817,,I volunteer my time
924,2026,2026_818,Service contracts,I volunteer my time
925,2026,2026_825,,I volunteer my time
926,2026,2026_836,,I volunteer my time
927,2026,2026_846,,I volunteer my time
928,2026,2026_857,,I volunteer my time
929,2026,2026_866,,I volunteer my time
930,2026,2026_877,,I volunteer my time
931,2026,2026_884,,I volunteer my time
932,2026,2026_891,,I volunteer my time
933,2026,2026_895,,I volunteer my time
934,2026,2026_896,,I volunteer my time
935,2026,2026_900,,I volunteer my time
936,2026,2026_905,,I volunteer my time
937,2026,2026_909,,I volunteer my time
938,2026,2026_975,,I volunteer my time
939,2026,2026_986,,I volunteer my time
940,2026,2026_991,,I volunteer my time
941,2026,2026_992,,I volunteer my time
942,2026,2026_1000,,I volunteer my time
943,2026,2026_1001,,I volunteer my time
944,2026,2026_1018,,I volunteer my time
945,2026,2026_1056,,I volunteer my time
946,2026,2026_1065,,I volunteer my time
947,2026,2026_1075,,I volunteer my time
948,2026,2026_1093,,I volunteer my time
949,2026,2026_1121,,I volunteer my time
950,2026,2026_1131,,I volunteer my time
951,2026,2026_1133,,I volunteer my time
952,2026,2026_1142,,I volunteer my time
953,2026,2026_1154,,I volunteer my time
954,2026,2026_1156,,I volunteer my time
955,2026,2026_1161,,I volunteer my time
956,2026,2026_9,,Industry support
957,2026,2026_34,,Industry support
958,2026,2026_40,,Industry support
959,2026,2026_81,,Industry support
960,2026,2026_108,,Industry support
961,2026,2026_109,,Industry support
962,2026,2026_117,,Industry support
963,2026,2026_119,,Industry support
964,2026,2026_264,,Industry support
965,2026,2026_268,,Industry support
966,2026,2026_281,,Industry support
967,2026,2026_285,,Industry support
968,2026,2026_363,,Industry support
969,2026,2026_385,,Industry support
970,2026,2026_413,,Industry support
971,2026,2026_414,,Industry support
972,2026,2026_455,,Industry support
973,2026,2026_588,,Industry support
974,2026,2026_603,,Industry support
975,2026,2026_612,,Industry support
976,2026,2026_629,,Industry support
977,2026,2026_683,,Industry support
978,2026,2026_688,,Industry support
979,2026,2026_736,,Industry support
980,2026,2026_746,,Industry support
981,2026,2026_761,,Industry support
982,2026,2026_804,,Industry support
983,2026,2026_806,,Industry support
984,2026,2026_818,Service contracts,Industry support
985,2026,2026_822,,Industry support
986,2026,2026_845,,Industry support
987,2026,2026_893,,Industry support
988,2026,2026_973,,Industry support
989,2026,2026_1014,,Industry support
990,2026,2026_5,,Consulting &amp; services
991,2026,2026_10,,Consulting &amp; services
992,2026,2026_18,,Consulting &amp; services
993,2026,2026_34,,Consulting &amp; services
994,2026,2026_41,Subscriptions,Consulting &amp; services
995,2026,2026_90,,Consulting &amp; services
996,2026,2026_108,,Consulting &amp; services
997,2026,2026_132,european projects,Consulting &amp; services
998,2026,2026_206,,Consulting &amp; services
999,2026,2026_244,,Consulting &amp; services
1000,2026,2026_296,,Consulting &amp; services
1001,2026,2026_352,,Consulting &amp; services
1002,2026,2026_363,,Consulting &amp; services
1003,2026,2026_437,,Consulting &amp; services
1004,2026,2026_445,,Consulting &amp; services
1005,2026,2026_481,,Consulting &amp; services
1006,2026,2026_484,,Consulting &amp; services
1007,2026,2026_498,,Consulting &amp; services
1008,2026,2026_534,,Consulting &amp; services
1009,2026,2026_545,,Consulting &amp; services
1010,2026,2026_549,,Consulting &amp; services
1011,2026,2026_590,,Consulting &amp; services
1012,2026,2026_603,,Consulting &amp; services
1013,2026,2026_672,,Consulting &amp; services
1014,2026,2026_674,,Consulting &amp; services
1015,2026,2026_711,Private philanthropy,Consulting &amp; services
1016,2026,2026_732,,Consulting &amp; services
1017,2026,2026_736,,Consulting &amp; services
1018,2026,2026_758,,Consulting &amp; services
1019,2026,2026_806,,Consulting &amp; services
1020,2026,2026_816,,Consulting &amp; services
1021,2026,2026_818,Service contracts,Consulting &amp; services
1022,2026,2026_819,,Consulting &amp; services
1023,2026,2026_823,,Consulting &amp; services
1024,2026,2026_845,,Consulting &amp; services
1025,2026,2026_856,,Consulting &amp; services
1026,2026,2026_874,,Consulting &amp; services
1027,2026,2026_877,,Consulting &amp; services
1028,2026,2026_905,,Consulting &amp; services
1029,2026,2026_910,,Consulting &amp; services
1030,2026,2026_968,,Consulting &amp; services
1031,2026,2026_986,,Consulting &amp; services
1032,2026,2026_1018,,Consulting &amp; services
1033,2026,2026_1038,,Consulting &amp; services
1034,2026,2026_1042,,Consulting &amp; services
1035,2026,2026_1047,,Consulting &amp; services
1036,2026,2026_1058,,Consulting &amp; services
1037,2026,2026_1110,,Consulting &amp; services
1038,2026,2026_1117,,Consulting &amp; services
1039,2026,2026_1125,,Consulting &amp; services
1040,2026,2026_1131,,Consulting &amp; services
1041,2026,2026_1135,,Consulting &amp; services
1042,2026,2026_1148,,Consulting &amp; services
1043,2026,2026_1154,,Consulting &amp; services
1044,2026,2026_1155,,Consulting &amp; services
1045,2026,2026_40,,Foundations &amp; consortiums
1046,2026,2026_54,,Foundations &amp; consortiums
1047,2026,2026_108,,Foundations &amp; consortiums
1048,2026,2026_135,,Foundations &amp; consortiums
1049,2026,2026_259,,Foundations &amp; consortiums
1050,2026,2026_281,,Foundations &amp; consortiums
1051,2026,2026_284,,Foundations &amp; consortiums
1052,2026,2026_307,,Foundations &amp; consortiums
1053,2026,2026_311,,Foundations &amp; consortiums
1054,2026,2026_363,,Foundations &amp; consortiums
1055,2026,2026_405,,Foundations &amp; consortiums
1056,2026,2026_413,,Foundations &amp; consortiums
1057,2026,2026_467,,Foundations &amp; consortiums
1058,2026,2026_504,,Foundations &amp; consortiums
1059,2026,2026_512,,Foundations &amp; consortiums
1060,2026,2026_516,"national funding, supposed to become institutional over the next years",Foundations &amp; consortiums
1061,2026,2026_539,,Foundations &amp; consortiums
1062,2026,2026_549,,Foundations &amp; consortiums
1063,2026,2026_558,,Foundations &amp; consortiums
1064,2026,2026_571,,Foundations &amp; consortiums
1065,2026,2026_589,,Foundations &amp; consortiums
1066,2026,2026_711,Private philanthropy,Foundations &amp; consortiums
1067,2026,2026_736,,Foundations &amp; consortiums
1068,2026,2026_761,,Foundations &amp; consortiums
1069,2026,2026_762,,Foundations &amp; consortiums
1070,2026,2026_804,,Foundations &amp; consortiums
1071,2026,2026_850,,Foundations &amp; consortiums
1072,2026,2026_886,,Foundations &amp; consortiums
1073,2026,2026_905,,Foundations &amp; consortiums
1074,2026,2026_1048,,Foundations &amp; consortiums
1075,2026,2026_1073,,Foundations &amp; consortiums
1076,2026,2026_1079,,Foundations &amp; consortiums
1077,2026,2026_1085,,Foundations &amp; consortiums
1078,2026,2026_1092,,Foundations &amp; consortiums
1079,2026,2026_1131,,Foundations &amp; consortiums
1080,2026,2026_1138,,Foundations &amp; consortiums
1081,2026,2026_1140,,Foundations &amp; consortiums
1082,2026,2026_1143,,Foundations &amp; consortiums
1083,2026,2026_17,,Venture Capital
1084,2026,2026_218,,Venture Capital
1085,2026,2026_582,,Venture Capital
1086,2026,2026_588,,Venture Capital
1087,2026,2026_822,,Venture Capital
