,Year_0,row_id,org2can[other]_0,org2can
0,2026,2026_4,,Networking
1,2026,2026_9,Discounted access to annual conference,Networking
2,2026,2026_10,,Networking
3,2026,2026_11,,Networking
4,2026,2026_13,,Networking
5,2026,2026_15,,Networking
6,2026,2026_16,,Networking
7,2026,2026_17,Policy advocacy,Networking
8,2026,2026_18,,Networking
9,2026,2026_19,,Networking
10,2026,2026_23,,Networking
11,2026,2026_26,,Networking
12,2026,2026_27,,Networking
13,2026,2026_29,,Networking
14,2026,2026_31,,Networking
15,2026,2026_32,aiding others,Networking
16,2026,2026_35,,Networking
17,2026,2026_39,funding opportunities,Networking
18,2026,2026_40,,Networking
19,2026,2026_41,,Networking
20,2026,2026_43,,Networking
21,2026,2026_44,,Networking
22,2026,2026_46,,Networking
23,2026,2026_48,,Networking
24,2026,2026_49,Share and learn best practices,Networking
25,2026,2026_54,,Networking
26,2026,2026_82,,Networking
27,2026,2026_84,,Networking
28,2026,2026_85,,Networking
29,2026,2026_87,,Networking
30,2026,2026_99,,Networking
31,2026,2026_101,"Encouragement, motivation, and support from other RSEs",Networking
32,2026,2026_105,best practices / staying up to date on the field,Networking
33,2026,2026_107,Comradery,Networking
34,2026,2026_115,,Networking
35,2026,2026_118,Sharing best practices and sharpening my development and management skills,Networking
36,2026,2026_135,"Importantly, such an organisation should also have a vision and strategy to strengthen the profession of RSEs in the national academic context. ",Networking
37,2026,2026_136,,Networking
38,2026,2026_137,,Networking
39,2026,2026_142,,Networking
40,2026,2026_146,Information sur le financement du logiciel de recherche,Networking
41,2026,2026_153,,Networking
42,2026,2026_169,,Networking
43,2026,2026_170,"Advocacy, opportunities to share work",Networking
44,2026,2026_191,"Representation to government, funders on the importance of research software professionals (in a broad sense, not just developers).",Networking
45,2026,2026_196,,Networking
46,2026,2026_198,,Networking
47,2026,2026_199,,Networking
48,2026,2026_203,,Networking
49,2026,2026_204,,Networking
50,2026,2026_206,Ability to promulgate best practices and influence policy through joint action,Networking
51,2026,2026_209,Mentoring,Networking
52,2026,2026_227,,Networking
53,2026,2026_228,,Networking
54,2026,2026_231,,Networking
55,2026,2026_235,,Networking
56,2026,2026_236,,Networking
57,2026,2026_239,,Networking
58,2026,2026_243,,Networking
59,2026,2026_251,,Networking
60,2026,2026_257,,Networking
61,2026,2026_262,,Networking
62,2026,2026_264,,Networking
63,2026,2026_268,,Networking
64,2026,2026_271,,Networking
65,2026,2026_279,,Networking
66,2026,2026_281,Development and exchange of good practices in organising and running research software teams and projects.,Networking
67,2026,2026_282,,Networking
68,2026,2026_284,representation of RSE interests to government and funding bodies,Networking
69,2026,2026_285,,Networking
70,2026,2026_286,,Networking
71,2026,2026_305,,Networking
72,2026,2026_306,,Networking
73,2026,2026_307,,Networking
74,2026,2026_313,,Networking
75,2026,2026_317,,Networking
76,2026,2026_319,,Networking
77,2026,2026_322,,Networking
78,2026,2026_323,,Networking
79,2026,2026_329,,Networking
80,2026,2026_331,Influence and guidance for quality standards,Networking
81,2026,2026_334,,Networking
82,2026,2026_340,,Networking
83,2026,2026_342,,Networking
84,2026,2026_344,,Networking
85,2026,2026_345,,Networking
86,2026,2026_346,,Networking
87,2026,2026_349,,Networking
88,2026,2026_350,,Networking
89,2026,2026_352,Influence policies,Networking
90,2026,2026_356,,Networking
91,2026,2026_358,,Networking
92,2026,2026_359,,Networking
93,2026,2026_363,,Networking
94,2026,2026_364,,Networking
95,2026,2026_365,,Networking
96,2026,2026_367,,Networking
97,2026,2026_369,"Technical problem solving, shared patterns, good practice, professional development",Networking
98,2026,2026_373,Community,Networking
99,2026,2026_375,,Networking
100,2026,2026_376,,Networking
101,2026,2026_377,,Networking
102,2026,2026_381,,Networking
103,2026,2026_383,,Networking
104,2026,2026_385,,Networking
105,2026,2026_386,,Networking
106,2026,2026_387,Advocacy,Networking
107,2026,2026_388,,Networking
108,2026,2026_390,,Networking
109,2026,2026_394,,Networking
110,2026,2026_395,,Networking
111,2026,2026_408,,Networking
112,2026,2026_412,,Networking
113,2026,2026_413,,Networking
114,2026,2026_414,,Networking
115,2026,2026_415,,Networking
116,2026,2026_422,,Networking
117,2026,2026_430,,Networking
118,2026,2026_436,,Networking
119,2026,2026_437,,Networking
120,2026,2026_440,Relevant news updates from the field,Networking
121,2026,2026_441,,Networking
122,2026,2026_445,,Networking
123,2026,2026_447,,Networking
124,2026,2026_456,,Networking
125,2026,2026_458,,Networking
126,2026,2026_459,,Networking
127,2026,2026_460,,Networking
128,2026,2026_461,,Networking
129,2026,2026_464,,Networking
130,2026,2026_470,,Networking
131,2026,2026_478,,Networking
132,2026,2026_479,,Networking
133,2026,2026_484,,Networking
134,2026,2026_486,,Networking
135,2026,2026_487,,Networking
136,2026,2026_494,,Networking
137,2026,2026_495,,Networking
138,2026,2026_496,,Networking
139,2026,2026_498,,Networking
140,2026,2026_501,,Networking
141,2026,2026_502,,Networking
142,2026,2026_503,,Networking
143,2026,2026_504,,Networking
144,2026,2026_508,,Networking
145,2026,2026_511,,Networking
146,2026,2026_512,,Networking
147,2026,2026_529,,Networking
148,2026,2026_533,,Networking
149,2026,2026_537,,Networking
150,2026,2026_539,,Networking
151,2026,2026_543,,Networking
152,2026,2026_544,,Networking
153,2026,2026_545,,Networking
154,2026,2026_546,,Networking
155,2026,2026_548,,Networking
156,2026,2026_551,,Networking
157,2026,2026_552,,Networking
158,2026,2026_553,,Networking
159,2026,2026_554,,Networking
160,2026,2026_556,,Networking
161,2026,2026_557,,Networking
162,2026,2026_561,,Networking
163,2026,2026_570,,Networking
164,2026,2026_571,,Networking
165,2026,2026_572,,Networking
166,2026,2026_573,,Networking
167,2026,2026_577,,Networking
168,2026,2026_580,,Networking
169,2026,2026_582,Peer support and discussion,Networking
170,2026,2026_588,,Networking
171,2026,2026_589,,Networking
172,2026,2026_591,,Networking
173,2026,2026_598,,Networking
174,2026,2026_607,,Networking
175,2026,2026_622,,Networking
176,2026,2026_624,,Networking
177,2026,2026_625,,Networking
178,2026,2026_638,,Networking
179,2026,2026_642,,Networking
180,2026,2026_643,candidates for appointment / contracting,Networking
181,2026,2026_645,,Networking
182,2026,2026_647,,Networking
183,2026,2026_648,,Networking
184,2026,2026_656,,Networking
185,2026,2026_657,,Networking
186,2026,2026_658,,Networking
187,2026,2026_659,,Networking
188,2026,2026_662,,Networking
189,2026,2026_663,,Networking
190,2026,2026_664,,Networking
191,2026,2026_666,,Networking
192,2026,2026_670,,Networking
193,2026,2026_671,Yearly Conferences,Networking
194,2026,2026_672,,Networking
195,2026,2026_673,,Networking
196,2026,2026_675,,Networking
197,2026,2026_678,,Networking
198,2026,2026_679,,Networking
199,2026,2026_680,,Networking
200,2026,2026_683,,Networking
201,2026,2026_685,,Networking
202,2026,2026_687,,Networking
203,2026,2026_688,,Networking
204,2026,2026_689,,Networking
205,2026,2026_690,,Networking
206,2026,2026_691,,Networking
207,2026,2026_692,,Networking
208,2026,2026_694,Professional recognition for the quality of my work,Networking
209,2026,2026_696,,Networking
210,2026,2026_697,,Networking
211,2026,2026_698,,Networking
212,2026,2026_699,,Networking
213,2026,2026_700,,Networking
214,2026,2026_701,,Networking
215,2026,2026_703,,Networking
216,2026,2026_705,,Networking
217,2026,2026_708,,Networking
218,2026,2026_709,,Networking
219,2026,2026_711,,Networking
220,2026,2026_713,,Networking
221,2026,2026_716,,Networking
222,2026,2026_721,,Networking
223,2026,2026_724,,Networking
224,2026,2026_729,,Networking
225,2026,2026_730,Sense of community ,Networking
226,2026,2026_731,,Networking
227,2026,2026_732,,Networking
228,2026,2026_733,,Networking
229,2026,2026_735,,Networking
230,2026,2026_737,,Networking
231,2026,2026_738,,Networking
232,2026,2026_740,,Networking
233,2026,2026_742,,Networking
234,2026,2026_744,,Networking
235,2026,2026_746,,Networking
236,2026,2026_748,,Networking
237,2026,2026_749,,Networking
238,2026,2026_753,,Networking
239,2026,2026_755,,Networking
240,2026,2026_759,,Networking
241,2026,2026_760,,Networking
242,2026,2026_761,"Mentoring, conference",Networking
243,2026,2026_762,,Networking
244,2026,2026_764,,Networking
245,2026,2026_765,,Networking
246,2026,2026_769,,Networking
247,2026,2026_772,,Networking
248,2026,2026_773,,Networking
249,2026,2026_779,,Networking
250,2026,2026_788,,Networking
251,2026,2026_789,,Networking
252,2026,2026_793,,Networking
253,2026,2026_801,,Networking
254,2026,2026_802,,Networking
255,2026,2026_804,,Networking
256,2026,2026_806,,Networking
257,2026,2026_808,,Networking
258,2026,2026_810,,Networking
259,2026,2026_816,,Networking
260,2026,2026_818,"Sense of community, opportunities for activism",Networking
261,2026,2026_819,,Networking
262,2026,2026_821,,Networking
263,2026,2026_823,,Networking
264,2026,2026_826,,Networking
265,2026,2026_828,,Networking
266,2026,2026_835,making scientific software better,Networking
267,2026,2026_837,,Networking
268,2026,2026_838,"Professionalization, career promotion",Networking
269,2026,2026_846,,Networking
270,2026,2026_849,,Networking
271,2026,2026_850,Marketing,Networking
272,2026,2026_854,,Networking
273,2026,2026_857,,Networking
274,2026,2026_861,,Networking
275,2026,2026_867,,Networking
276,2026,2026_868,,Networking
277,2026,2026_871,,Networking
278,2026,2026_873,,Networking
279,2026,2026_874,,Networking
280,2026,2026_876,,Networking
281,2026,2026_877,,Networking
282,2026,2026_878,,Networking
283,2026,2026_883,,Networking
284,2026,2026_884,,Networking
285,2026,2026_886,,Networking
286,2026,2026_887,,Networking
287,2026,2026_888,,Networking
288,2026,2026_896,,Networking
289,2026,2026_898,,Networking
290,2026,2026_902,,Networking
291,2026,2026_903,,Networking
292,2026,2026_906,,Networking
293,2026,2026_907,sharing best practices and experiences,Networking
294,2026,2026_910,,Networking
295,2026,2026_920,,Networking
296,2026,2026_929,,Networking
297,2026,2026_943,,Networking
298,2026,2026_946,Persuading funding agencies of the importance of RSE,Networking
299,2026,2026_954,,Networking
300,2026,2026_960,,Networking
301,2026,2026_961,,Networking
302,2026,2026_962,Coordination of community activities (e.g. conferences or other events),Networking
303,2026,2026_963,,Networking
304,2026,2026_965,,Networking
305,2026,2026_967,,Networking
306,2026,2026_972,,Networking
307,2026,2026_973,,Networking
308,2026,2026_975,,Networking
309,2026,2026_978,,Networking
310,2026,2026_979,,Networking
311,2026,2026_986,,Networking
312,2026,2026_993,,Networking
313,2026,2026_1000,Opportunities to engage with policy processes applicable to supporting sustainable software in academic research,Networking
314,2026,2026_1004,,Networking
315,2026,2026_1007,,Networking
316,2026,2026_1008,Professional certifications,Networking
317,2026,2026_1010,,Networking
318,2026,2026_1012,,Networking
319,2026,2026_1014,,Networking
320,2026,2026_1015,,Networking
321,2026,2026_1016,,Networking
322,2026,2026_1017,,Networking
323,2026,2026_1018,,Networking
324,2026,2026_1019,,Networking
325,2026,2026_1021,,Networking
326,2026,2026_1022,,Networking
327,2026,2026_1023,,Networking
328,2026,2026_1024,,Networking
329,2026,2026_1026,,Networking
330,2026,2026_1032,Work and solutions done in other research domains,Networking
331,2026,2026_1035,,Networking
332,2026,2026_1036,,Networking
333,2026,2026_1038,,Networking
334,2026,2026_1039,,Networking
335,2026,2026_1040,,Networking
336,2026,2026_1042,intercambio formativo,Networking
337,2026,2026_1043,,Networking
338,2026,2026_1046,,Networking
339,2026,2026_1047,,Networking
340,2026,2026_1048,,Networking
341,2026,2026_1050,,Networking
342,2026,2026_1051,,Networking
343,2026,2026_1052,,Networking
344,2026,2026_1055,"Opportunities to talk about our jobs and what we do, how we can do it better and how we can sustain our projects and our field",Networking
345,2026,2026_1057,,Networking
346,2026,2026_1068,,Networking
347,2026,2026_1069,,Networking
348,2026,2026_1070,,Networking
349,2026,2026_1071,,Networking
350,2026,2026_1072,,Networking
351,2026,2026_1073,,Networking
352,2026,2026_1075,,Networking
353,2026,2026_1076,,Networking
354,2026,2026_1077,,Networking
355,2026,2026_1078,,Networking
356,2026,2026_1079,,Networking
357,2026,2026_1080,,Networking
358,2026,2026_1081,,Networking
359,2026,2026_1086,,Networking
360,2026,2026_1089,,Networking
361,2026,2026_1093,Political drive and strenght for building a career path,Networking
362,2026,2026_1096,,Networking
363,2026,2026_1101,,Networking
364,2026,2026_1106,,Networking
365,2026,2026_1109,,Networking
366,2026,2026_1110,,Networking
367,2026,2026_1113,Knowledge and experience sharing,Networking
368,2026,2026_1114,,Networking
369,2026,2026_1115,,Networking
370,2026,2026_1116,,Networking
371,2026,2026_1117,,Networking
372,2026,2026_1118,,Networking
373,2026,2026_1119,,Networking
374,2026,2026_1123,,Networking
375,2026,2026_1128,,Networking
376,2026,2026_1131,,Networking
377,2026,2026_1133,,Networking
378,2026,2026_1137,,Networking
379,2026,2026_1143,,Networking
380,2026,2026_1145,,Networking
381,2026,2026_1147,,Networking
382,2026,2026_1148,,Networking
383,2026,2026_1151,,Networking
384,2026,2026_1153,,Networking
385,2026,2026_1154,,Networking
386,2026,2026_1155,collective efforts to influence policy and funders,Networking
387,2026,2026_1156,,Networking
388,2026,2026_1159,,Networking
389,2026,2026_1161,,Networking
390,2026,2026_4,,Research collaborations
391,2026,2026_10,,Research collaborations
392,2026,2026_11,,Research collaborations
393,2026,2026_13,,Research collaborations
394,2026,2026_18,,Research collaborations
395,2026,2026_26,,Research collaborations
396,2026,2026_27,,Research collaborations
397,2026,2026_29,,Research collaborations
398,2026,2026_31,,Research collaborations
399,2026,2026_32,aiding others,Research collaborations
400,2026,2026_35,,Research collaborations
401,2026,2026_39,funding opportunities,Research collaborations
402,2026,2026_40,,Research collaborations
403,2026,2026_41,,Research collaborations
404,2026,2026_44,,Research collaborations
405,2026,2026_54,,Research collaborations
406,2026,2026_84,,Research collaborations
407,2026,2026_87,,Research collaborations
408,2026,2026_101,"Encouragement, motivation, and support from other RSEs",Research collaborations
409,2026,2026_105,best practices / staying up to date on the field,Research collaborations
410,2026,2026_115,,Research collaborations
411,2026,2026_118,Sharing best practices and sharpening my development and management skills,Research collaborations
412,2026,2026_132,,Research collaborations
413,2026,2026_136,,Research collaborations
414,2026,2026_137,,Research collaborations
415,2026,2026_142,,Research collaborations
416,2026,2026_171,,Research collaborations
417,2026,2026_191,"Representation to government, funders on the importance of research software professionals (in a broad sense, not just developers).",Research collaborations
418,2026,2026_196,,Research collaborations
419,2026,2026_199,,Research collaborations
420,2026,2026_200,,Research collaborations
421,2026,2026_204,,Research collaborations
422,2026,2026_206,Ability to promulgate best practices and influence policy through joint action,Research collaborations
423,2026,2026_221,,Research collaborations
424,2026,2026_231,,Research collaborations
425,2026,2026_232,,Research collaborations
426,2026,2026_236,,Research collaborations
427,2026,2026_239,,Research collaborations
428,2026,2026_243,,Research collaborations
429,2026,2026_251,,Research collaborations
430,2026,2026_268,,Research collaborations
431,2026,2026_271,,Research collaborations
432,2026,2026_283,,Research collaborations
433,2026,2026_284,representation of RSE interests to government and funding bodies,Research collaborations
434,2026,2026_305,,Research collaborations
435,2026,2026_312,,Research collaborations
436,2026,2026_313,,Research collaborations
437,2026,2026_317,,Research collaborations
438,2026,2026_319,,Research collaborations
439,2026,2026_322,,Research collaborations
440,2026,2026_323,,Research collaborations
441,2026,2026_329,,Research collaborations
442,2026,2026_331,Influence and guidance for quality standards,Research collaborations
443,2026,2026_334,,Research collaborations
444,2026,2026_344,,Research collaborations
445,2026,2026_345,,Research collaborations
446,2026,2026_349,,Research collaborations
447,2026,2026_350,,Research collaborations
448,2026,2026_352,Influence policies,Research collaborations
449,2026,2026_359,,Research collaborations
450,2026,2026_364,,Research collaborations
451,2026,2026_367,,Research collaborations
452,2026,2026_375,,Research collaborations
453,2026,2026_383,,Research collaborations
454,2026,2026_386,,Research collaborations
455,2026,2026_387,Advocacy,Research collaborations
456,2026,2026_399,,Research collaborations
457,2026,2026_413,,Research collaborations
458,2026,2026_414,,Research collaborations
459,2026,2026_415,,Research collaborations
460,2026,2026_422,,Research collaborations
461,2026,2026_436,,Research collaborations
462,2026,2026_437,,Research collaborations
463,2026,2026_441,,Research collaborations
464,2026,2026_445,,Research collaborations
465,2026,2026_447,,Research collaborations
466,2026,2026_455,,Research collaborations
467,2026,2026_458,,Research collaborations
468,2026,2026_459,,Research collaborations
469,2026,2026_460,,Research collaborations
470,2026,2026_461,,Research collaborations
471,2026,2026_464,,Research collaborations
472,2026,2026_470,,Research collaborations
473,2026,2026_484,,Research collaborations
474,2026,2026_486,,Research collaborations
475,2026,2026_495,,Research collaborations
476,2026,2026_496,,Research collaborations
477,2026,2026_498,,Research collaborations
478,2026,2026_501,,Research collaborations
479,2026,2026_502,,Research collaborations
480,2026,2026_513,,Research collaborations
481,2026,2026_529,,Research collaborations
482,2026,2026_533,,Research collaborations
483,2026,2026_537,,Research collaborations
484,2026,2026_544,,Research collaborations
485,2026,2026_545,,Research collaborations
486,2026,2026_546,,Research collaborations
487,2026,2026_553,,Research collaborations
488,2026,2026_554,,Research collaborations
489,2026,2026_556,,Research collaborations
490,2026,2026_557,,Research collaborations
491,2026,2026_561,,Research collaborations
492,2026,2026_572,,Research collaborations
493,2026,2026_573,,Research collaborations
494,2026,2026_577,,Research collaborations
495,2026,2026_588,,Research collaborations
496,2026,2026_589,,Research collaborations
497,2026,2026_610,,Research collaborations
498,2026,2026_622,,Research collaborations
499,2026,2026_624,,Research collaborations
500,2026,2026_625,,Research collaborations
501,2026,2026_638,,Research collaborations
502,2026,2026_642,,Research collaborations
503,2026,2026_645,,Research collaborations
504,2026,2026_647,,Research collaborations
505,2026,2026_648,,Research collaborations
506,2026,2026_655,,Research collaborations
507,2026,2026_656,,Research collaborations
508,2026,2026_657,,Research collaborations
509,2026,2026_658,,Research collaborations
510,2026,2026_659,,Research collaborations
511,2026,2026_662,,Research collaborations
512,2026,2026_663,,Research collaborations
513,2026,2026_664,,Research collaborations
514,2026,2026_666,,Research collaborations
515,2026,2026_668,,Research collaborations
516,2026,2026_671,Yearly Conferences,Research collaborations
517,2026,2026_672,,Research collaborations
518,2026,2026_673,,Research collaborations
519,2026,2026_674,,Research collaborations
520,2026,2026_675,,Research collaborations
521,2026,2026_679,,Research collaborations
522,2026,2026_680,,Research collaborations
523,2026,2026_681,,Research collaborations
524,2026,2026_685,,Research collaborations
525,2026,2026_689,,Research collaborations
526,2026,2026_690,,Research collaborations
527,2026,2026_691,,Research collaborations
528,2026,2026_692,,Research collaborations
529,2026,2026_696,,Research collaborations
530,2026,2026_698,,Research collaborations
531,2026,2026_699,,Research collaborations
532,2026,2026_700,,Research collaborations
533,2026,2026_701,,Research collaborations
534,2026,2026_705,,Research collaborations
535,2026,2026_709,,Research collaborations
536,2026,2026_716,,Research collaborations
537,2026,2026_723,Community that comes from chatting with the group on slack,Research collaborations
538,2026,2026_724,,Research collaborations
539,2026,2026_729,,Research collaborations
540,2026,2026_730,Sense of community ,Research collaborations
541,2026,2026_732,,Research collaborations
542,2026,2026_733,,Research collaborations
543,2026,2026_738,,Research collaborations
544,2026,2026_740,,Research collaborations
545,2026,2026_742,,Research collaborations
546,2026,2026_744,,Research collaborations
547,2026,2026_746,,Research collaborations
548,2026,2026_748,,Research collaborations
549,2026,2026_753,,Research collaborations
550,2026,2026_755,,Research collaborations
551,2026,2026_760,,Research collaborations
552,2026,2026_761,"Mentoring, conference",Research collaborations
553,2026,2026_762,,Research collaborations
554,2026,2026_769,,Research collaborations
555,2026,2026_772,,Research collaborations
556,2026,2026_773,,Research collaborations
557,2026,2026_788,,Research collaborations
558,2026,2026_789,,Research collaborations
559,2026,2026_793,,Research collaborations
560,2026,2026_797,,Research collaborations
561,2026,2026_805,,Research collaborations
562,2026,2026_808,,Research collaborations
563,2026,2026_810,,Research collaborations
564,2026,2026_822,,Research collaborations
565,2026,2026_823,,Research collaborations
566,2026,2026_826,,Research collaborations
567,2026,2026_828,,Research collaborations
568,2026,2026_835,making scientific software better,Research collaborations
569,2026,2026_837,,Research collaborations
570,2026,2026_838,"Professionalization, career promotion",Research collaborations
571,2026,2026_845,,Research collaborations
572,2026,2026_849,,Research collaborations
573,2026,2026_850,Marketing,Research collaborations
574,2026,2026_853,,Research collaborations
575,2026,2026_857,,Research collaborations
576,2026,2026_859,,Research collaborations
577,2026,2026_865,,Research collaborations
578,2026,2026_867,,Research collaborations
579,2026,2026_873,,Research collaborations
580,2026,2026_874,,Research collaborations
581,2026,2026_877,,Research collaborations
582,2026,2026_883,,Research collaborations
583,2026,2026_884,,Research collaborations
584,2026,2026_888,,Research collaborations
585,2026,2026_892,,Research collaborations
586,2026,2026_894,,Research collaborations
587,2026,2026_896,,Research collaborations
588,2026,2026_900,,Research collaborations
589,2026,2026_902,,Research collaborations
590,2026,2026_908,,Research collaborations
591,2026,2026_910,,Research collaborations
592,2026,2026_914,,Research collaborations
593,2026,2026_920,,Research collaborations
594,2026,2026_929,,Research collaborations
595,2026,2026_946,Persuading funding agencies of the importance of RSE,Research collaborations
596,2026,2026_961,,Research collaborations
597,2026,2026_965,,Research collaborations
598,2026,2026_975,,Research collaborations
599,2026,2026_977,,Research collaborations
600,2026,2026_978,,Research collaborations
601,2026,2026_982,,Research collaborations
602,2026,2026_986,,Research collaborations
603,2026,2026_992,,Research collaborations
604,2026,2026_993,,Research collaborations
605,2026,2026_1007,,Research collaborations
606,2026,2026_1012,,Research collaborations
607,2026,2026_1013,,Research collaborations
608,2026,2026_1014,,Research collaborations
609,2026,2026_1016,,Research collaborations
610,2026,2026_1018,,Research collaborations
611,2026,2026_1021,,Research collaborations
612,2026,2026_1022,,Research collaborations
613,2026,2026_1023,,Research collaborations
614,2026,2026_1024,,Research collaborations
615,2026,2026_1026,,Research collaborations
616,2026,2026_1031,,Research collaborations
617,2026,2026_1032,Work and solutions done in other research domains,Research collaborations
618,2026,2026_1038,,Research collaborations
619,2026,2026_1039,,Research collaborations
620,2026,2026_1046,,Research collaborations
621,2026,2026_1047,,Research collaborations
622,2026,2026_1050,,Research collaborations
623,2026,2026_1051,,Research collaborations
624,2026,2026_1055,"Opportunities to talk about our jobs and what we do, how we can do it better and how we can sustain our projects and our field",Research collaborations
625,2026,2026_1072,,Research collaborations
626,2026,2026_1073,,Research collaborations
627,2026,2026_1075,,Research collaborations
628,2026,2026_1076,,Research collaborations
629,2026,2026_1077,,Research collaborations
630,2026,2026_1078,,Research collaborations
631,2026,2026_1080,,Research collaborations
632,2026,2026_1089,,Research collaborations
633,2026,2026_1093,Political drive and strenght for building a career path,Research collaborations
634,2026,2026_1106,,Research collaborations
635,2026,2026_1109,,Research collaborations
636,2026,2026_1110,,Research collaborations
637,2026,2026_1114,,Research collaborations
638,2026,2026_1116,,Research collaborations
639,2026,2026_1118,,Research collaborations
640,2026,2026_1119,,Research collaborations
641,2026,2026_1121,,Research collaborations
642,2026,2026_1128,,Research collaborations
643,2026,2026_1133,,Research collaborations
644,2026,2026_1145,,Research collaborations
645,2026,2026_1147,,Research collaborations
646,2026,2026_1148,,Research collaborations
647,2026,2026_1153,,Research collaborations
648,2026,2026_1155,collective efforts to influence policy and funders,Research collaborations
649,2026,2026_1156,,Research collaborations
650,2026,2026_1159,,Research collaborations
651,2026,2026_1161,,Research collaborations
652,2026,2026_10,,Training
653,2026,2026_11,,Training
654,2026,2026_13,,Training
655,2026,2026_15,,Training
656,2026,2026_18,,Training
657,2026,2026_23,,Training
658,2026,2026_26,,Training
659,2026,2026_27,,Training
660,2026,2026_29,,Training
661,2026,2026_30,,Training
662,2026,2026_31,,Training
663,2026,2026_35,,Training
664,2026,2026_40,,Training
665,2026,2026_41,,Training
666,2026,2026_44,,Training
667,2026,2026_46,,Training
668,2026,2026_48,,Training
669,2026,2026_49,Share and learn best practices,Training
670,2026,2026_84,,Training
671,2026,2026_87,,Training
672,2026,2026_105,best practices / staying up to date on the field,Training
673,2026,2026_142,,Training
674,2026,2026_146,Information sur le financement du logiciel de recherche,Training
675,2026,2026_153,,Training
676,2026,2026_169,,Training
677,2026,2026_170,"Advocacy, opportunities to share work",Training
678,2026,2026_171,,Training
679,2026,2026_196,,Training
680,2026,2026_198,,Training
681,2026,2026_199,,Training
682,2026,2026_204,,Training
683,2026,2026_221,,Training
684,2026,2026_227,,Training
685,2026,2026_228,,Training
686,2026,2026_231,,Training
687,2026,2026_232,,Training
688,2026,2026_236,,Training
689,2026,2026_239,,Training
690,2026,2026_243,,Training
691,2026,2026_251,,Training
692,2026,2026_262,,Training
693,2026,2026_264,,Training
694,2026,2026_268,,Training
695,2026,2026_271,,Training
696,2026,2026_279,,Training
697,2026,2026_282,,Training
698,2026,2026_283,,Training
699,2026,2026_296,,Training
700,2026,2026_298,,Training
701,2026,2026_304,,Training
702,2026,2026_306,,Training
703,2026,2026_312,,Training
704,2026,2026_315,,Training
705,2026,2026_317,,Training
706,2026,2026_322,,Training
707,2026,2026_323,,Training
708,2026,2026_329,,Training
709,2026,2026_331,Influence and guidance for quality standards,Training
710,2026,2026_334,,Training
711,2026,2026_346,,Training
712,2026,2026_349,,Training
713,2026,2026_350,,Training
714,2026,2026_352,Influence policies,Training
715,2026,2026_356,,Training
716,2026,2026_358,,Training
717,2026,2026_364,,Training
718,2026,2026_365,,Training
719,2026,2026_366,,Training
720,2026,2026_373,Community,Training
721,2026,2026_383,,Training
722,2026,2026_385,,Training
723,2026,2026_394,,Training
724,2026,2026_395,,Training
725,2026,2026_408,,Training
726,2026,2026_412,,Training
727,2026,2026_413,,Training
728,2026,2026_414,,Training
729,2026,2026_415,,Training
730,2026,2026_436,,Training
731,2026,2026_437,,Training
732,2026,2026_441,,Training
733,2026,2026_447,,Training
734,2026,2026_458,,Training
735,2026,2026_459,,Training
736,2026,2026_460,,Training
737,2026,2026_461,,Training
738,2026,2026_464,,Training
739,2026,2026_470,,Training
740,2026,2026_478,,Training
741,2026,2026_479,,Training
742,2026,2026_484,,Training
743,2026,2026_486,,Training
744,2026,2026_487,,Training
745,2026,2026_496,,Training
746,2026,2026_498,,Training
747,2026,2026_501,,Training
748,2026,2026_502,,Training
749,2026,2026_503,,Training
750,2026,2026_508,,Training
751,2026,2026_511,,Training
752,2026,2026_512,,Training
753,2026,2026_513,,Training
754,2026,2026_529,,Training
755,2026,2026_537,,Training
756,2026,2026_543,,Training
757,2026,2026_545,,Training
758,2026,2026_548,,Training
759,2026,2026_552,,Training
760,2026,2026_554,,Training
761,2026,2026_556,,Training
762,2026,2026_557,,Training
763,2026,2026_571,,Training
764,2026,2026_572,,Training
765,2026,2026_573,,Training
766,2026,2026_576,,Training
767,2026,2026_577,,Training
768,2026,2026_580,,Training
769,2026,2026_582,Peer support and discussion,Training
770,2026,2026_588,,Training
771,2026,2026_589,,Training
772,2026,2026_598,,Training
773,2026,2026_607,,Training
774,2026,2026_610,,Training
775,2026,2026_622,,Training
776,2026,2026_624,,Training
777,2026,2026_625,,Training
778,2026,2026_638,,Training
779,2026,2026_642,,Training
780,2026,2026_643,candidates for appointment / contracting,Training
781,2026,2026_645,,Training
782,2026,2026_648,,Training
783,2026,2026_656,,Training
784,2026,2026_657,,Training
785,2026,2026_658,,Training
786,2026,2026_659,,Training
787,2026,2026_662,,Training
788,2026,2026_663,,Training
789,2026,2026_664,,Training
790,2026,2026_666,,Training
791,2026,2026_667,,Training
792,2026,2026_668,,Training
793,2026,2026_672,,Training
794,2026,2026_673,,Training
795,2026,2026_674,,Training
796,2026,2026_675,,Training
797,2026,2026_678,,Training
798,2026,2026_679,,Training
799,2026,2026_680,,Training
800,2026,2026_683,,Training
801,2026,2026_688,,Training
802,2026,2026_690,,Training
803,2026,2026_692,,Training
804,2026,2026_699,,Training
805,2026,2026_700,,Training
806,2026,2026_701,,Training
807,2026,2026_705,,Training
808,2026,2026_709,,Training
809,2026,2026_713,,Training
810,2026,2026_716,,Training
811,2026,2026_721,,Training
812,2026,2026_724,,Training
813,2026,2026_730,Sense of community ,Training
814,2026,2026_731,,Training
815,2026,2026_733,,Training
816,2026,2026_737,,Training
817,2026,2026_738,,Training
818,2026,2026_740,,Training
819,2026,2026_742,,Training
820,2026,2026_744,,Training
821,2026,2026_753,,Training
822,2026,2026_759,,Training
823,2026,2026_760,,Training
824,2026,2026_769,,Training
825,2026,2026_772,,Training
826,2026,2026_773,,Training
827,2026,2026_775,Better software,Training
828,2026,2026_788,,Training
829,2026,2026_789,,Training
830,2026,2026_791,,Training
831,2026,2026_793,,Training
832,2026,2026_797,,Training
833,2026,2026_801,,Training
834,2026,2026_805,,Training
835,2026,2026_806,,Training
836,2026,2026_808,,Training
837,2026,2026_810,,Training
838,2026,2026_811,,Training
839,2026,2026_818,"Sense of community, opportunities for activism",Training
840,2026,2026_819,,Training
841,2026,2026_821,,Training
842,2026,2026_822,,Training
843,2026,2026_823,,Training
844,2026,2026_826,,Training
845,2026,2026_828,,Training
846,2026,2026_835,making scientific software better,Training
847,2026,2026_837,,Training
848,2026,2026_846,,Training
849,2026,2026_849,,Training
850,2026,2026_850,Marketing,Training
851,2026,2026_853,,Training
852,2026,2026_857,,Training
853,2026,2026_859,,Training
854,2026,2026_865,,Training
855,2026,2026_868,,Training
856,2026,2026_871,,Training
857,2026,2026_873,,Training
858,2026,2026_874,,Training
859,2026,2026_876,,Training
860,2026,2026_877,,Training
861,2026,2026_878,,Training
862,2026,2026_884,,Training
863,2026,2026_887,,Training
864,2026,2026_888,,Training
865,2026,2026_896,,Training
866,2026,2026_898,,Training
867,2026,2026_900,,Training
868,2026,2026_902,,Training
869,2026,2026_920,,Training
870,2026,2026_943,,Training
871,2026,2026_946,Persuading funding agencies of the importance of RSE,Training
872,2026,2026_962,Coordination of community activities (e.g. conferences or other events),Training
873,2026,2026_965,,Training
874,2026,2026_967,,Training
875,2026,2026_975,,Training
876,2026,2026_977,,Training
877,2026,2026_978,,Training
878,2026,2026_979,,Training
879,2026,2026_982,,Training
880,2026,2026_992,,Training
881,2026,2026_993,,Training
882,2026,2026_1004,,Training
883,2026,2026_1007,,Training
884,2026,2026_1008,Professional certifications,Training
885,2026,2026_1010,,Training
886,2026,2026_1012,,Training
887,2026,2026_1013,,Training
888,2026,2026_1014,,Training
889,2026,2026_1018,,Training
890,2026,2026_1019,,Training
891,2026,2026_1021,,Training
892,2026,2026_1022,,Training
893,2026,2026_1024,,Training
894,2026,2026_1026,,Training
895,2026,2026_1031,,Training
896,2026,2026_1032,Work and solutions done in other research domains,Training
897,2026,2026_1036,,Training
898,2026,2026_1038,,Training
899,2026,2026_1039,,Training
900,2026,2026_1040,,Training
901,2026,2026_1042,intercambio formativo,Training
902,2026,2026_1044,,Training
903,2026,2026_1046,,Training
904,2026,2026_1047,,Training
905,2026,2026_1050,,Training
906,2026,2026_1052,,Training
907,2026,2026_1055,"Opportunities to talk about our jobs and what we do, how we can do it better and how we can sustain our projects and our field",Training
908,2026,2026_1057,,Training
909,2026,2026_1068,,Training
910,2026,2026_1071,,Training
911,2026,2026_1072,,Training
912,2026,2026_1076,,Training
913,2026,2026_1077,,Training
914,2026,2026_1078,,Training
915,2026,2026_1080,,Training
916,2026,2026_1081,,Training
917,2026,2026_1089,,Training
918,2026,2026_1093,Political drive and strenght for building a career path,Training
919,2026,2026_1101,,Training
920,2026,2026_1106,,Training
921,2026,2026_1109,,Training
922,2026,2026_1110,,Training
923,2026,2026_1113,Knowledge and experience sharing,Training
924,2026,2026_1114,,Training
925,2026,2026_1116,,Training
926,2026,2026_1118,,Training
927,2026,2026_1119,,Training
928,2026,2026_1121,,Training
929,2026,2026_1128,,Training
930,2026,2026_1133,,Training
931,2026,2026_1137,,Training
932,2026,2026_1143,,Training
933,2026,2026_1145,,Training
934,2026,2026_1148,,Training
935,2026,2026_1151,,Training
936,2026,2026_1154,,Training
937,2026,2026_1155,collective efforts to influence policy and funders,Training
938,2026,2026_1156,,Training
939,2026,2026_1161,,Training
940,2026,2026_4,,Research software standards and interoperability definition
941,2026,2026_10,,Research software standards and interoperability definition
942,2026,2026_11,,Research software standards and interoperability definition
943,2026,2026_17,Policy advocacy,Research software standards and interoperability definition
944,2026,2026_18,,Research software standards and interoperability definition
945,2026,2026_23,,Research software standards and interoperability definition
946,2026,2026_26,,Research software standards and interoperability definition
947,2026,2026_27,,Research software standards and interoperability definition
948,2026,2026_29,,Research software standards and interoperability definition
949,2026,2026_30,,Research software standards and interoperability definition
950,2026,2026_32,aiding others,Research software standards and interoperability definition
951,2026,2026_35,,Research software standards and interoperability definition
952,2026,2026_40,,Research software standards and interoperability definition
953,2026,2026_45,,Research software standards and interoperability definition
954,2026,2026_46,,Research software standards and interoperability definition
955,2026,2026_48,,Research software standards and interoperability definition
956,2026,2026_49,Share and learn best practices,Research software standards and interoperability definition
957,2026,2026_51,,Research software standards and interoperability definition
958,2026,2026_82,,Research software standards and interoperability definition
959,2026,2026_84,,Research software standards and interoperability definition
960,2026,2026_85,,Research software standards and interoperability definition
961,2026,2026_87,,Research software standards and interoperability definition
962,2026,2026_101,"Encouragement, motivation, and support from other RSEs",Research software standards and interoperability definition
963,2026,2026_105,best practices / staying up to date on the field,Research software standards and interoperability definition
964,2026,2026_115,,Research software standards and interoperability definition
965,2026,2026_118,Sharing best practices and sharpening my development and management skills,Research software standards and interoperability definition
966,2026,2026_132,,Research software standards and interoperability definition
967,2026,2026_135,"Importantly, such an organisation should also have a vision and strategy to strengthen the profession of RSEs in the national academic context. ",Research software standards and interoperability definition
968,2026,2026_142,,Research software standards and interoperability definition
969,2026,2026_153,,Research software standards and interoperability definition
970,2026,2026_171,,Research software standards and interoperability definition
971,2026,2026_196,,Research software standards and interoperability definition
972,2026,2026_199,,Research software standards and interoperability definition
973,2026,2026_200,,Research software standards and interoperability definition
974,2026,2026_203,,Research software standards and interoperability definition
975,2026,2026_204,,Research software standards and interoperability definition
976,2026,2026_206,Ability to promulgate best practices and influence policy through joint action,Research software standards and interoperability definition
977,2026,2026_221,,Research software standards and interoperability definition
978,2026,2026_231,,Research software standards and interoperability definition
979,2026,2026_232,,Research software standards and interoperability definition
980,2026,2026_251,,Research software standards and interoperability definition
981,2026,2026_257,,Research software standards and interoperability definition
982,2026,2026_264,,Research software standards and interoperability definition
983,2026,2026_268,,Research software standards and interoperability definition
984,2026,2026_271,,Research software standards and interoperability definition
985,2026,2026_283,,Research software standards and interoperability definition
986,2026,2026_284,representation of RSE interests to government and funding bodies,Research software standards and interoperability definition
987,2026,2026_285,,Research software standards and interoperability definition
988,2026,2026_289,,Research software standards and interoperability definition
989,2026,2026_296,,Research software standards and interoperability definition
990,2026,2026_304,,Research software standards and interoperability definition
991,2026,2026_305,,Research software standards and interoperability definition
992,2026,2026_312,,Research software standards and interoperability definition
993,2026,2026_315,,Research software standards and interoperability definition
994,2026,2026_317,,Research software standards and interoperability definition
995,2026,2026_319,,Research software standards and interoperability definition
996,2026,2026_320,,Research software standards and interoperability definition
997,2026,2026_323,,Research software standards and interoperability definition
998,2026,2026_331,Influence and guidance for quality standards,Research software standards and interoperability definition
999,2026,2026_334,,Research software standards and interoperability definition
1000,2026,2026_342,,Research software standards and interoperability definition
1001,2026,2026_344,,Research software standards and interoperability definition
1002,2026,2026_346,,Research software standards and interoperability definition
1003,2026,2026_349,,Research software standards and interoperability definition
1004,2026,2026_350,,Research software standards and interoperability definition
1005,2026,2026_352,Influence policies,Research software standards and interoperability definition
1006,2026,2026_356,,Research software standards and interoperability definition
1007,2026,2026_364,,Research software standards and interoperability definition
1008,2026,2026_365,,Research software standards and interoperability definition
1009,2026,2026_366,,Research software standards and interoperability definition
1010,2026,2026_367,,Research software standards and interoperability definition
1011,2026,2026_369,"Technical problem solving, shared patterns, good practice, professional development",Research software standards and interoperability definition
1012,2026,2026_373,Community,Research software standards and interoperability definition
1013,2026,2026_375,,Research software standards and interoperability definition
1014,2026,2026_377,,Research software standards and interoperability definition
1015,2026,2026_381,,Research software standards and interoperability definition
1016,2026,2026_383,,Research software standards and interoperability definition
1017,2026,2026_385,,Research software standards and interoperability definition
1018,2026,2026_386,,Research software standards and interoperability definition
1019,2026,2026_387,Advocacy,Research software standards and interoperability definition
1020,2026,2026_388,,Research software standards and interoperability definition
1021,2026,2026_391,Staying aware of what others in the field are doing,Research software standards and interoperability definition
1022,2026,2026_395,,Research software standards and interoperability definition
1023,2026,2026_399,,Research software standards and interoperability definition
1024,2026,2026_412,,Research software standards and interoperability definition
1025,2026,2026_413,,Research software standards and interoperability definition
1026,2026,2026_414,,Research software standards and interoperability definition
1027,2026,2026_436,,Research software standards and interoperability definition
1028,2026,2026_437,,Research software standards and interoperability definition
1029,2026,2026_440,Relevant news updates from the field,Research software standards and interoperability definition
1030,2026,2026_442,,Research software standards and interoperability definition
1031,2026,2026_456,,Research software standards and interoperability definition
1032,2026,2026_458,,Research software standards and interoperability definition
1033,2026,2026_460,,Research software standards and interoperability definition
1034,2026,2026_464,,Research software standards and interoperability definition
1035,2026,2026_470,,Research software standards and interoperability definition
1036,2026,2026_478,,Research software standards and interoperability definition
1037,2026,2026_479,,Research software standards and interoperability definition
1038,2026,2026_484,,Research software standards and interoperability definition
1039,2026,2026_487,,Research software standards and interoperability definition
1040,2026,2026_496,,Research software standards and interoperability definition
1041,2026,2026_498,,Research software standards and interoperability definition
1042,2026,2026_502,,Research software standards and interoperability definition
1043,2026,2026_503,,Research software standards and interoperability definition
1044,2026,2026_508,,Research software standards and interoperability definition
1045,2026,2026_511,,Research software standards and interoperability definition
1046,2026,2026_529,,Research software standards and interoperability definition
1047,2026,2026_533,,Research software standards and interoperability definition
1048,2026,2026_537,,Research software standards and interoperability definition
1049,2026,2026_540,,Research software standards and interoperability definition
1050,2026,2026_543,,Research software standards and interoperability definition
1051,2026,2026_546,,Research software standards and interoperability definition
1052,2026,2026_552,,Research software standards and interoperability definition
1053,2026,2026_553,,Research software standards and interoperability definition
1054,2026,2026_556,,Research software standards and interoperability definition
1055,2026,2026_557,,Research software standards and interoperability definition
1056,2026,2026_570,,Research software standards and interoperability definition
1057,2026,2026_571,,Research software standards and interoperability definition
1058,2026,2026_573,,Research software standards and interoperability definition
1059,2026,2026_577,,Research software standards and interoperability definition
1060,2026,2026_580,,Research software standards and interoperability definition
1061,2026,2026_588,,Research software standards and interoperability definition
1062,2026,2026_591,,Research software standards and interoperability definition
1063,2026,2026_622,,Research software standards and interoperability definition
1064,2026,2026_624,,Research software standards and interoperability definition
1065,2026,2026_625,,Research software standards and interoperability definition
1066,2026,2026_638,,Research software standards and interoperability definition
1067,2026,2026_645,,Research software standards and interoperability definition
1068,2026,2026_648,,Research software standards and interoperability definition
1069,2026,2026_657,,Research software standards and interoperability definition
1070,2026,2026_658,,Research software standards and interoperability definition
1071,2026,2026_659,,Research software standards and interoperability definition
1072,2026,2026_662,,Research software standards and interoperability definition
1073,2026,2026_663,,Research software standards and interoperability definition
1074,2026,2026_664,,Research software standards and interoperability definition
1075,2026,2026_666,,Research software standards and interoperability definition
1076,2026,2026_667,,Research software standards and interoperability definition
1077,2026,2026_670,,Research software standards and interoperability definition
1078,2026,2026_671,Yearly Conferences,Research software standards and interoperability definition
1079,2026,2026_672,,Research software standards and interoperability definition
1080,2026,2026_673,,Research software standards and interoperability definition
1081,2026,2026_674,,Research software standards and interoperability definition
1082,2026,2026_675,,Research software standards and interoperability definition
1083,2026,2026_678,,Research software standards and interoperability definition
1084,2026,2026_679,,Research software standards and interoperability definition
1085,2026,2026_680,,Research software standards and interoperability definition
1086,2026,2026_681,,Research software standards and interoperability definition
1087,2026,2026_685,,Research software standards and interoperability definition
1088,2026,2026_689,,Research software standards and interoperability definition
1089,2026,2026_690,,Research software standards and interoperability definition
1090,2026,2026_694,Professional recognition for the quality of my work,Research software standards and interoperability definition
1091,2026,2026_696,,Research software standards and interoperability definition
1092,2026,2026_698,,Research software standards and interoperability definition
1093,2026,2026_699,,Research software standards and interoperability definition
1094,2026,2026_700,,Research software standards and interoperability definition
1095,2026,2026_701,,Research software standards and interoperability definition
1096,2026,2026_705,,Research software standards and interoperability definition
1097,2026,2026_706,,Research software standards and interoperability definition
1098,2026,2026_708,,Research software standards and interoperability definition
1099,2026,2026_709,,Research software standards and interoperability definition
1100,2026,2026_713,,Research software standards and interoperability definition
1101,2026,2026_723,Community that comes from chatting with the group on slack,Research software standards and interoperability definition
1102,2026,2026_724,,Research software standards and interoperability definition
1103,2026,2026_729,,Research software standards and interoperability definition
1104,2026,2026_730,Sense of community ,Research software standards and interoperability definition
1105,2026,2026_732,,Research software standards and interoperability definition
1106,2026,2026_733,,Research software standards and interoperability definition
1107,2026,2026_735,,Research software standards and interoperability definition
1108,2026,2026_737,,Research software standards and interoperability definition
1109,2026,2026_738,,Research software standards and interoperability definition
1110,2026,2026_740,,Research software standards and interoperability definition
1111,2026,2026_742,,Research software standards and interoperability definition
1112,2026,2026_744,,Research software standards and interoperability definition
1113,2026,2026_746,,Research software standards and interoperability definition
1114,2026,2026_748,,Research software standards and interoperability definition
1115,2026,2026_749,,Research software standards and interoperability definition
1116,2026,2026_759,,Research software standards and interoperability definition
1117,2026,2026_761,"Mentoring, conference",Research software standards and interoperability definition
1118,2026,2026_762,,Research software standards and interoperability definition
1119,2026,2026_764,,Research software standards and interoperability definition
1120,2026,2026_765,,Research software standards and interoperability definition
1121,2026,2026_769,,Research software standards and interoperability definition
1122,2026,2026_772,,Research software standards and interoperability definition
1123,2026,2026_773,,Research software standards and interoperability definition
1124,2026,2026_775,Better software,Research software standards and interoperability definition
1125,2026,2026_788,,Research software standards and interoperability definition
1126,2026,2026_789,,Research software standards and interoperability definition
1127,2026,2026_791,,Research software standards and interoperability definition
1128,2026,2026_793,,Research software standards and interoperability definition
1129,2026,2026_797,,Research software standards and interoperability definition
1130,2026,2026_801,,Research software standards and interoperability definition
1131,2026,2026_804,,Research software standards and interoperability definition
1132,2026,2026_806,,Research software standards and interoperability definition
1133,2026,2026_808,,Research software standards and interoperability definition
1134,2026,2026_810,,Research software standards and interoperability definition
1135,2026,2026_811,,Research software standards and interoperability definition
1136,2026,2026_816,,Research software standards and interoperability definition
1137,2026,2026_818,"Sense of community, opportunities for activism",Research software standards and interoperability definition
1138,2026,2026_819,,Research software standards and interoperability definition
1139,2026,2026_823,,Research software standards and interoperability definition
1140,2026,2026_826,,Research software standards and interoperability definition
1141,2026,2026_829,,Research software standards and interoperability definition
1142,2026,2026_835,making scientific software better,Research software standards and interoperability definition
1143,2026,2026_837,,Research software standards and interoperability definition
1144,2026,2026_838,"Professionalization, career promotion",Research software standards and interoperability definition
1145,2026,2026_845,,Research software standards and interoperability definition
1146,2026,2026_846,,Research software standards and interoperability definition
1147,2026,2026_849,,Research software standards and interoperability definition
1148,2026,2026_850,Marketing,Research software standards and interoperability definition
1149,2026,2026_853,,Research software standards and interoperability definition
1150,2026,2026_865,,Research software standards and interoperability definition
1151,2026,2026_868,,Research software standards and interoperability definition
1152,2026,2026_871,,Research software standards and interoperability definition
1153,2026,2026_873,,Research software standards and interoperability definition
1154,2026,2026_874,,Research software standards and interoperability definition
1155,2026,2026_877,,Research software standards and interoperability definition
1156,2026,2026_884,,Research software standards and interoperability definition
1157,2026,2026_887,,Research software standards and interoperability definition
1158,2026,2026_888,,Research software standards and interoperability definition
1159,2026,2026_892,,Research software standards and interoperability definition
1160,2026,2026_894,,Research software standards and interoperability definition
1161,2026,2026_896,,Research software standards and interoperability definition
1162,2026,2026_898,,Research software standards and interoperability definition
1163,2026,2026_900,,Research software standards and interoperability definition
1164,2026,2026_902,,Research software standards and interoperability definition
1165,2026,2026_906,,Research software standards and interoperability definition
1166,2026,2026_907,sharing best practices and experiences,Research software standards and interoperability definition
1167,2026,2026_910,,Research software standards and interoperability definition
1168,2026,2026_920,,Research software standards and interoperability definition
1169,2026,2026_929,,Research software standards and interoperability definition
1170,2026,2026_943,,Research software standards and interoperability definition
1171,2026,2026_946,Persuading funding agencies of the importance of RSE,Research software standards and interoperability definition
1172,2026,2026_954,,Research software standards and interoperability definition
1173,2026,2026_960,,Research software standards and interoperability definition
1174,2026,2026_961,,Research software standards and interoperability definition
1175,2026,2026_962,Coordination of community activities (e.g. conferences or other events),Research software standards and interoperability definition
1176,2026,2026_963,,Research software standards and interoperability definition
1177,2026,2026_967,,Research software standards and interoperability definition
1178,2026,2026_975,,Research software standards and interoperability definition
1179,2026,2026_977,,Research software standards and interoperability definition
1180,2026,2026_978,,Research software standards and interoperability definition
1181,2026,2026_979,,Research software standards and interoperability definition
1182,2026,2026_982,,Research software standards and interoperability definition
1183,2026,2026_986,,Research software standards and interoperability definition
1184,2026,2026_993,,Research software standards and interoperability definition
1185,2026,2026_1004,,Research software standards and interoperability definition
1186,2026,2026_1007,,Research software standards and interoperability definition
1187,2026,2026_1008,Professional certifications,Research software standards and interoperability definition
1188,2026,2026_1010,,Research software standards and interoperability definition
1189,2026,2026_1012,,Research software standards and interoperability definition
1190,2026,2026_1013,,Research software standards and interoperability definition
1191,2026,2026_1017,,Research software standards and interoperability definition
1192,2026,2026_1018,,Research software standards and interoperability definition
1193,2026,2026_1021,,Research software standards and interoperability definition
1194,2026,2026_1022,,Research software standards and interoperability definition
1195,2026,2026_1031,,Research software standards and interoperability definition
1196,2026,2026_1032,Work and solutions done in other research domains,Research software standards and interoperability definition
1197,2026,2026_1036,,Research software standards and interoperability definition
1198,2026,2026_1039,,Research software standards and interoperability definition
1199,2026,2026_1040,,Research software standards and interoperability definition
1200,2026,2026_1042,intercambio formativo,Research software standards and interoperability definition
1201,2026,2026_1043,,Research software standards and interoperability definition
1202,2026,2026_1044,,Research software standards and interoperability definition
1203,2026,2026_1046,,Research software standards and interoperability definition
1204,2026,2026_1047,,Research software standards and interoperability definition
1205,2026,2026_1050,,Research software standards and interoperability definition
1206,2026,2026_1055,"Opportunities to talk about our jobs and what we do, how we can do it better and how we can sustain our projects and our field",Research software standards and interoperability definition
1207,2026,2026_1057,,Research software standards and interoperability definition
1208,2026,2026_1069,,Research software standards and interoperability definition
1209,2026,2026_1070,,Research software standards and interoperability definition
1210,2026,2026_1071,,Research software standards and interoperability definition
1211,2026,2026_1075,,Research software standards and interoperability definition
1212,2026,2026_1076,,Research software standards and interoperability definition
1213,2026,2026_1077,,Research software standards and interoperability definition
1214,2026,2026_1078,,Research software standards and interoperability definition
1215,2026,2026_1079,,Research software standards and interoperability definition
1216,2026,2026_1080,,Research software standards and interoperability definition
1217,2026,2026_1086,,Research software standards and interoperability definition
1218,2026,2026_1093,Political drive and strenght for building a career path,Research software standards and interoperability definition
1219,2026,2026_1096,,Research software standards and interoperability definition
1220,2026,2026_1101,,Research software standards and interoperability definition
1221,2026,2026_1106,,Research software standards and interoperability definition
1222,2026,2026_1113,Knowledge and experience sharing,Research software standards and interoperability definition
1223,2026,2026_1114,,Research software standards and interoperability definition
1224,2026,2026_1116,,Research software standards and interoperability definition
1225,2026,2026_1117,,Research software standards and interoperability definition
1226,2026,2026_1118,,Research software standards and interoperability definition
1227,2026,2026_1119,,Research software standards and interoperability definition
1228,2026,2026_1121,,Research software standards and interoperability definition
1229,2026,2026_1123,,Research software standards and interoperability definition
1230,2026,2026_1125,,Research software standards and interoperability definition
1231,2026,2026_1128,,Research software standards and interoperability definition
1232,2026,2026_1131,,Research software standards and interoperability definition
1233,2026,2026_1133,,Research software standards and interoperability definition
1234,2026,2026_1137,,Research software standards and interoperability definition
1235,2026,2026_1143,,Research software standards and interoperability definition
1236,2026,2026_1148,,Research software standards and interoperability definition
1237,2026,2026_1154,,Research software standards and interoperability definition
1238,2026,2026_1156,,Research software standards and interoperability definition
1239,2026,2026_1161,,Research software standards and interoperability definition
1240,2026,2026_4,,Job opportunities
1241,2026,2026_10,,Job opportunities
1242,2026,2026_11,,Job opportunities
1243,2026,2026_13,,Job opportunities
1244,2026,2026_16,,Job opportunities
1245,2026,2026_17,Policy advocacy,Job opportunities
1246,2026,2026_18,,Job opportunities
1247,2026,2026_23,,Job opportunities
1248,2026,2026_26,,Job opportunities
1249,2026,2026_27,,Job opportunities
1250,2026,2026_29,,Job opportunities
1251,2026,2026_30,,Job opportunities
1252,2026,2026_35,,Job opportunities
1253,2026,2026_39,funding opportunities,Job opportunities
1254,2026,2026_40,,Job opportunities
1255,2026,2026_41,,Job opportunities
1256,2026,2026_43,,Job opportunities
1257,2026,2026_44,,Job opportunities
1258,2026,2026_46,,Job opportunities
1259,2026,2026_49,Share and learn best practices,Job opportunities
1260,2026,2026_54,,Job opportunities
1261,2026,2026_82,,Job opportunities
1262,2026,2026_84,,Job opportunities
1263,2026,2026_85,,Job opportunities
1264,2026,2026_87,,Job opportunities
1265,2026,2026_105,best practices / staying up to date on the field,Job opportunities
1266,2026,2026_117,,Job opportunities
1267,2026,2026_132,,Job opportunities
1268,2026,2026_135,"Importantly, such an organisation should also have a vision and strategy to strengthen the profession of RSEs in the national academic context. ",Job opportunities
1269,2026,2026_136,,Job opportunities
1270,2026,2026_142,,Job opportunities
1271,2026,2026_170,"Advocacy, opportunities to share work",Job opportunities
1272,2026,2026_191,"Representation to government, funders on the importance of research software professionals (in a broad sense, not just developers).",Job opportunities
1273,2026,2026_203,,Job opportunities
1274,2026,2026_204,,Job opportunities
1275,2026,2026_209,Mentoring,Job opportunities
1276,2026,2026_221,,Job opportunities
1277,2026,2026_227,,Job opportunities
1278,2026,2026_228,,Job opportunities
1279,2026,2026_231,,Job opportunities
1280,2026,2026_235,,Job opportunities
1281,2026,2026_236,,Job opportunities
1282,2026,2026_243,,Job opportunities
1283,2026,2026_251,,Job opportunities
1284,2026,2026_268,,Job opportunities
1285,2026,2026_271,,Job opportunities
1286,2026,2026_279,,Job opportunities
1287,2026,2026_284,representation of RSE interests to government and funding bodies,Job opportunities
1288,2026,2026_285,,Job opportunities
1289,2026,2026_286,,Job opportunities
1290,2026,2026_289,,Job opportunities
1291,2026,2026_304,,Job opportunities
1292,2026,2026_306,,Job opportunities
1293,2026,2026_307,,Job opportunities
1294,2026,2026_315,,Job opportunities
1295,2026,2026_320,,Job opportunities
1296,2026,2026_322,,Job opportunities
1297,2026,2026_323,,Job opportunities
1298,2026,2026_334,,Job opportunities
1299,2026,2026_340,,Job opportunities
1300,2026,2026_342,,Job opportunities
1301,2026,2026_344,,Job opportunities
1302,2026,2026_345,,Job opportunities
1303,2026,2026_349,,Job opportunities
1304,2026,2026_350,,Job opportunities
1305,2026,2026_352,Influence policies,Job opportunities
1306,2026,2026_364,,Job opportunities
1307,2026,2026_366,,Job opportunities
1308,2026,2026_373,Community,Job opportunities
1309,2026,2026_377,,Job opportunities
1310,2026,2026_387,Advocacy,Job opportunities
1311,2026,2026_388,,Job opportunities
1312,2026,2026_395,,Job opportunities
1313,2026,2026_399,,Job opportunities
1314,2026,2026_412,,Job opportunities
1315,2026,2026_413,,Job opportunities
1316,2026,2026_414,,Job opportunities
1317,2026,2026_422,,Job opportunities
1318,2026,2026_436,,Job opportunities
1319,2026,2026_437,,Job opportunities
1320,2026,2026_440,Relevant news updates from the field,Job opportunities
1321,2026,2026_442,,Job opportunities
1322,2026,2026_445,,Job opportunities
1323,2026,2026_447,,Job opportunities
1324,2026,2026_456,,Job opportunities
1325,2026,2026_460,,Job opportunities
1326,2026,2026_464,,Job opportunities
1327,2026,2026_478,,Job opportunities
1328,2026,2026_484,,Job opportunities
1329,2026,2026_486,,Job opportunities
1330,2026,2026_495,,Job opportunities
1331,2026,2026_496,,Job opportunities
1332,2026,2026_498,,Job opportunities
1333,2026,2026_501,,Job opportunities
1334,2026,2026_502,,Job opportunities
1335,2026,2026_503,,Job opportunities
1336,2026,2026_508,,Job opportunities
1337,2026,2026_511,,Job opportunities
1338,2026,2026_529,,Job opportunities
1339,2026,2026_533,,Job opportunities
1340,2026,2026_537,,Job opportunities
1341,2026,2026_539,,Job opportunities
1342,2026,2026_544,,Job opportunities
1343,2026,2026_545,,Job opportunities
1344,2026,2026_552,,Job opportunities
1345,2026,2026_553,,Job opportunities
1346,2026,2026_556,,Job opportunities
1347,2026,2026_557,,Job opportunities
1348,2026,2026_558,,Job opportunities
1349,2026,2026_561,,Job opportunities
1350,2026,2026_570,,Job opportunities
1351,2026,2026_582,Peer support and discussion,Job opportunities
1352,2026,2026_588,,Job opportunities
1353,2026,2026_589,,Job opportunities
1354,2026,2026_591,,Job opportunities
1355,2026,2026_598,,Job opportunities
1356,2026,2026_607,,Job opportunities
1357,2026,2026_608,,Job opportunities
1358,2026,2026_610,,Job opportunities
1359,2026,2026_622,,Job opportunities
1360,2026,2026_624,,Job opportunities
1361,2026,2026_643,candidates for appointment / contracting,Job opportunities
1362,2026,2026_645,,Job opportunities
1363,2026,2026_648,,Job opportunities
1364,2026,2026_655,,Job opportunities
1365,2026,2026_656,,Job opportunities
1366,2026,2026_657,,Job opportunities
1367,2026,2026_659,,Job opportunities
1368,2026,2026_662,,Job opportunities
1369,2026,2026_663,,Job opportunities
1370,2026,2026_664,,Job opportunities
1371,2026,2026_666,,Job opportunities
1372,2026,2026_667,,Job opportunities
1373,2026,2026_668,,Job opportunities
1374,2026,2026_673,,Job opportunities
1375,2026,2026_675,,Job opportunities
1376,2026,2026_679,,Job opportunities
1377,2026,2026_680,,Job opportunities
1378,2026,2026_683,,Job opportunities
1379,2026,2026_687,,Job opportunities
1380,2026,2026_688,,Job opportunities
1381,2026,2026_690,,Job opportunities
1382,2026,2026_692,,Job opportunities
1383,2026,2026_696,,Job opportunities
1384,2026,2026_697,,Job opportunities
1385,2026,2026_698,,Job opportunities
1386,2026,2026_700,,Job opportunities
1387,2026,2026_705,,Job opportunities
1388,2026,2026_709,,Job opportunities
1389,2026,2026_711,,Job opportunities
1390,2026,2026_713,,Job opportunities
1391,2026,2026_716,,Job opportunities
1392,2026,2026_721,,Job opportunities
1393,2026,2026_724,,Job opportunities
1394,2026,2026_729,,Job opportunities
1395,2026,2026_730,Sense of community ,Job opportunities
1396,2026,2026_731,,Job opportunities
1397,2026,2026_732,,Job opportunities
1398,2026,2026_733,,Job opportunities
1399,2026,2026_737,,Job opportunities
1400,2026,2026_738,,Job opportunities
1401,2026,2026_740,,Job opportunities
1402,2026,2026_742,,Job opportunities
1403,2026,2026_744,,Job opportunities
1404,2026,2026_746,,Job opportunities
1405,2026,2026_748,,Job opportunities
1406,2026,2026_749,,Job opportunities
1407,2026,2026_753,,Job opportunities
1408,2026,2026_759,,Job opportunities
1409,2026,2026_760,,Job opportunities
1410,2026,2026_761,"Mentoring, conference",Job opportunities
1411,2026,2026_764,,Job opportunities
1412,2026,2026_765,,Job opportunities
1413,2026,2026_769,,Job opportunities
1414,2026,2026_772,,Job opportunities
1415,2026,2026_773,,Job opportunities
1416,2026,2026_789,,Job opportunities
1417,2026,2026_793,,Job opportunities
1418,2026,2026_801,,Job opportunities
1419,2026,2026_804,,Job opportunities
1420,2026,2026_805,,Job opportunities
1421,2026,2026_806,,Job opportunities
1422,2026,2026_808,,Job opportunities
1423,2026,2026_810,,Job opportunities
1424,2026,2026_816,,Job opportunities
1425,2026,2026_818,"Sense of community, opportunities for activism",Job opportunities
1426,2026,2026_819,,Job opportunities
1427,2026,2026_822,,Job opportunities
1428,2026,2026_826,,Job opportunities
1429,2026,2026_835,making scientific software better,Job opportunities
1430,2026,2026_837,,Job opportunities
1431,2026,2026_838,"Professionalization, career promotion",Job opportunities
1432,2026,2026_845,,Job opportunities
1433,2026,2026_850,Marketing,Job opportunities
1434,2026,2026_853,,Job opportunities
1435,2026,2026_857,,Job opportunities
1436,2026,2026_873,,Job opportunities
1437,2026,2026_876,,Job opportunities
1438,2026,2026_877,,Job opportunities
1439,2026,2026_878,,Job opportunities
1440,2026,2026_882,,Job opportunities
1441,2026,2026_886,,Job opportunities
1442,2026,2026_887,,Job opportunities
1443,2026,2026_888,,Job opportunities
1444,2026,2026_896,,Job opportunities
1445,2026,2026_902,,Job opportunities
1446,2026,2026_906,,Job opportunities
1447,2026,2026_913,,Job opportunities
1448,2026,2026_920,,Job opportunities
1449,2026,2026_929,,Job opportunities
1450,2026,2026_943,,Job opportunities
1451,2026,2026_946,Persuading funding agencies of the importance of RSE,Job opportunities
1452,2026,2026_962,Coordination of community activities (e.g. conferences or other events),Job opportunities
1453,2026,2026_963,,Job opportunities
1454,2026,2026_965,,Job opportunities
1455,2026,2026_967,,Job opportunities
1456,2026,2026_972,,Job opportunities
1457,2026,2026_978,,Job opportunities
1458,2026,2026_979,,Job opportunities
1459,2026,2026_982,,Job opportunities
1460,2026,2026_993,,Job opportunities
1461,2026,2026_1004,,Job opportunities
1462,2026,2026_1007,,Job opportunities
1463,2026,2026_1008,Professional certifications,Job opportunities
1464,2026,2026_1013,,Job opportunities
1465,2026,2026_1014,,Job opportunities
1466,2026,2026_1018,,Job opportunities
1467,2026,2026_1022,,Job opportunities
1468,2026,2026_1024,,Job opportunities
1469,2026,2026_1031,,Job opportunities
1470,2026,2026_1035,,Job opportunities
1471,2026,2026_1038,,Job opportunities
1472,2026,2026_1042,intercambio formativo,Job opportunities
1473,2026,2026_1043,,Job opportunities
1474,2026,2026_1044,,Job opportunities
1475,2026,2026_1046,,Job opportunities
1476,2026,2026_1047,,Job opportunities
1477,2026,2026_1048,,Job opportunities
1478,2026,2026_1050,,Job opportunities
1479,2026,2026_1052,,Job opportunities
1480,2026,2026_1055,"Opportunities to talk about our jobs and what we do, how we can do it better and how we can sustain our projects and our field",Job opportunities
1481,2026,2026_1073,,Job opportunities
1482,2026,2026_1076,,Job opportunities
1483,2026,2026_1077,,Job opportunities
1484,2026,2026_1078,,Job opportunities
1485,2026,2026_1079,,Job opportunities
1486,2026,2026_1080,,Job opportunities
1487,2026,2026_1086,,Job opportunities
1488,2026,2026_1089,,Job opportunities
1489,2026,2026_1093,Political drive and strenght for building a career path,Job opportunities
1490,2026,2026_1096,,Job opportunities
1491,2026,2026_1101,,Job opportunities
1492,2026,2026_1106,,Job opportunities
1493,2026,2026_1109,,Job opportunities
1494,2026,2026_1110,,Job opportunities
1495,2026,2026_1114,,Job opportunities
1496,2026,2026_1116,,Job opportunities
1497,2026,2026_1118,,Job opportunities
1498,2026,2026_1119,,Job opportunities
1499,2026,2026_1123,,Job opportunities
1500,2026,2026_1125,,Job opportunities
1501,2026,2026_1128,,Job opportunities
1502,2026,2026_1131,,Job opportunities
1503,2026,2026_1137,,Job opportunities
1504,2026,2026_1143,,Job opportunities
1505,2026,2026_1145,,Job opportunities
1506,2026,2026_1147,,Job opportunities
1507,2026,2026_1148,,Job opportunities
1508,2026,2026_1151,,Job opportunities
1509,2026,2026_1155,collective efforts to influence policy and funders,Job opportunities
1510,2026,2026_1156,,Job opportunities
1511,2026,2026_1161,,Job opportunities
