,Year_0,row_id,tool4can
0,2018,2018_133,Assembly
1,2018,2018_143,Assembly
2,2018,2018_144,Assembly
3,2018,2018_196,Assembly
4,2018,2018_234,Assembly
5,2018,2018_384,Assembly
6,2018,2018_401,Assembly
7,2018,2018_414,Assembly
8,2018,2018_518,Assembly
9,2018,2018_540,Assembly
10,2018,2018_613,Assembly
11,2018,2018_637,Assembly
12,2018,2018_647,Assembly
13,2018,2018_685,Assembly
14,2018,2018_733,Assembly
15,2018,2018_748,Assembly
16,2018,2018_753,Assembly
17,2018,2018_807,Assembly
18,2018,2018_875,Assembly
19,2018,2018_899,Assembly
20,2018,2018_1,C
21,2018,2018_3,C
22,2018,2018_10,C
23,2018,2018_14,C
24,2018,2018_16,C
25,2018,2018_17,C
26,2018,2018_18,C
27,2018,2018_21,C
28,2018,2018_22,C
29,2018,2018_23,C
30,2018,2018_26,C
31,2018,2018_29,C
32,2018,2018_33,C
33,2018,2018_37,C
34,2018,2018_47,C
35,2018,2018_50,C
36,2018,2018_58,C
37,2018,2018_73,C
38,2018,2018_74,C
39,2018,2018_75,C
40,2018,2018_80,C
41,2018,2018_84,C
42,2018,2018_85,C
43,2018,2018_93,C
44,2018,2018_97,C
45,2018,2018_100,C
46,2018,2018_101,C
47,2018,2018_102,C
48,2018,2018_105,C
49,2018,2018_108,C
50,2018,2018_110,C
51,2018,2018_114,C
52,2018,2018_115,C
53,2018,2018_117,C
54,2018,2018_120,C
55,2018,2018_126,C
56,2018,2018_133,C
57,2018,2018_139,C
58,2018,2018_144,C
59,2018,2018_148,C
60,2018,2018_149,C
61,2018,2018_153,C
62,2018,2018_155,C
63,2018,2018_158,C
64,2018,2018_160,C
65,2018,2018_167,C
66,2018,2018_169,C
67,2018,2018_171,C
68,2018,2018_172,C
69,2018,2018_175,C
70,2018,2018_178,C
71,2018,2018_180,C
72,2018,2018_184,C
73,2018,2018_185,C
74,2018,2018_186,C
75,2018,2018_188,C
76,2018,2018_194,C
77,2018,2018_196,C
78,2018,2018_198,C
79,2018,2018_199,C
80,2018,2018_202,C
81,2018,2018_203,C
82,2018,2018_205,C
83,2018,2018_206,C
84,2018,2018_214,C
85,2018,2018_215,C
86,2018,2018_217,C
87,2018,2018_219,C
88,2018,2018_226,C
89,2018,2018_228,C
90,2018,2018_229,C
91,2018,2018_234,C
92,2018,2018_242,C
93,2018,2018_244,C
94,2018,2018_246,C
95,2018,2018_248,C
96,2018,2018_252,C
97,2018,2018_254,C
98,2018,2018_258,C
99,2018,2018_260,C
100,2018,2018_271,C
101,2018,2018_275,C
102,2018,2018_276,C
103,2018,2018_281,C
104,2018,2018_282,C
105,2018,2018_283,C
106,2018,2018_287,C
107,2018,2018_288,C
108,2018,2018_290,C
109,2018,2018_293,C
110,2018,2018_295,C
111,2018,2018_297,C
112,2018,2018_299,C
113,2018,2018_302,C
114,2018,2018_310,C
115,2018,2018_312,C
116,2018,2018_318,C
117,2018,2018_323,C
118,2018,2018_325,C
119,2018,2018_330,C
120,2018,2018_331,C
121,2018,2018_332,C
122,2018,2018_335,C
123,2018,2018_342,C
124,2018,2018_349,C
125,2018,2018_351,C
126,2018,2018_352,C
127,2018,2018_356,C
128,2018,2018_357,C
129,2018,2018_361,C
130,2018,2018_362,C
131,2018,2018_370,C
132,2018,2018_371,C
133,2018,2018_384,C
134,2018,2018_390,C
135,2018,2018_391,C
136,2018,2018_392,C
137,2018,2018_400,C
138,2018,2018_401,C
139,2018,2018_412,C
140,2018,2018_414,C
141,2018,2018_419,C
142,2018,2018_422,C
143,2018,2018_425,C
144,2018,2018_426,C
145,2018,2018_427,C
146,2018,2018_431,C
147,2018,2018_432,C
148,2018,2018_433,C
149,2018,2018_436,C
150,2018,2018_440,C
151,2018,2018_442,C
152,2018,2018_444,C
153,2018,2018_445,C
154,2018,2018_453,C
155,2018,2018_455,C
156,2018,2018_457,C
157,2018,2018_461,C
158,2018,2018_480,C
159,2018,2018_482,C
160,2018,2018_484,C
161,2018,2018_488,C
162,2018,2018_496,C
163,2018,2018_497,C
164,2018,2018_500,C
165,2018,2018_502,C
166,2018,2018_516,C
167,2018,2018_517,C
168,2018,2018_518,C
169,2018,2018_522,C
170,2018,2018_523,C
171,2018,2018_531,C
172,2018,2018_535,C
173,2018,2018_536,C
174,2018,2018_540,C
175,2018,2018_542,C
176,2018,2018_547,C
177,2018,2018_553,C
178,2018,2018_557,C
179,2018,2018_563,C
180,2018,2018_564,C
181,2018,2018_565,C
182,2018,2018_566,C
183,2018,2018_567,C
184,2018,2018_592,C
185,2018,2018_613,C
186,2018,2018_620,C
187,2018,2018_625,C
188,2018,2018_628,C
189,2018,2018_632,C
190,2018,2018_634,C
191,2018,2018_635,C
192,2018,2018_636,C
193,2018,2018_638,C
194,2018,2018_643,C
195,2018,2018_644,C
196,2018,2018_650,C
197,2018,2018_651,C
198,2018,2018_655,C
199,2018,2018_659,C
200,2018,2018_662,C
201,2018,2018_673,C
202,2018,2018_674,C
203,2018,2018_682,C
204,2018,2018_684,C
205,2018,2018_685,C
206,2018,2018_691,C
207,2018,2018_692,C
208,2018,2018_696,C
209,2018,2018_697,C
210,2018,2018_702,C
211,2018,2018_707,C
212,2018,2018_713,C
213,2018,2018_717,C
214,2018,2018_722,C
215,2018,2018_724,C
216,2018,2018_728,C
217,2018,2018_731,C
218,2018,2018_733,C
219,2018,2018_738,C
220,2018,2018_740,C
221,2018,2018_742,C
222,2018,2018_743,C
223,2018,2018_744,C
224,2018,2018_745,C
225,2018,2018_746,C
226,2018,2018_748,C
227,2018,2018_750,C
228,2018,2018_752,C
229,2018,2018_753,C
230,2018,2018_754,C
231,2018,2018_755,C
232,2018,2018_758,C
233,2018,2018_759,C
234,2018,2018_761,C
235,2018,2018_762,C
236,2018,2018_763,C
237,2018,2018_764,C
238,2018,2018_769,C
239,2018,2018_770,C
240,2018,2018_777,C
241,2018,2018_778,C
242,2018,2018_779,C
243,2018,2018_783,C
244,2018,2018_785,C
245,2018,2018_787,C
246,2018,2018_800,C
247,2018,2018_801,C
248,2018,2018_802,C
249,2018,2018_803,C
250,2018,2018_807,C
251,2018,2018_814,C
252,2018,2018_818,C
253,2018,2018_819,C
254,2018,2018_820,C
255,2018,2018_821,C
256,2018,2018_824,C
257,2018,2018_833,C
258,2018,2018_835,C
259,2018,2018_843,C
260,2018,2018_844,C
261,2018,2018_849,C
262,2018,2018_850,C
263,2018,2018_851,C
264,2018,2018_853,C
265,2018,2018_854,C
266,2018,2018_871,C
267,2018,2018_875,C
268,2018,2018_878,C
269,2018,2018_879,C
270,2018,2018_880,C
271,2018,2018_893,C
272,2018,2018_895,C
273,2018,2018_898,C
274,2018,2018_899,C
275,2018,2018_903,C
276,2018,2018_904,C
277,2018,2018_909,C
278,2018,2018_911,C
279,2018,2018_916,C
280,2018,2018_920,C
281,2018,2018_921,C
282,2018,2018_925,C
283,2018,2018_932,C
284,2018,2018_933,C
285,2018,2018_934,C
286,2018,2018_936,C
287,2018,2018_940,C
288,2018,2018_943,C
289,2018,2018_946,C
290,2018,2018_951,C
291,2018,2018_954,C
292,2018,2018_959,C
293,2018,2018_964,C
294,2018,2018_965,C
295,2018,2018_967,C
296,2018,2018_969,C
297,2018,2018_970,C
298,2018,2018_971,C
299,2018,2018_975,C
300,2018,2018_978,C
301,2018,2018_980,C
302,2018,2018_982,C
303,2018,2018_984,C
304,2018,2018_993,C
305,2018,2018_4,C#
306,2018,2018_5,C#
307,2018,2018_7,C#
308,2018,2018_36,C#
309,2018,2018_59,C#
310,2018,2018_61,C#
311,2018,2018_73,C#
312,2018,2018_74,C#
313,2018,2018_80,C#
314,2018,2018_108,C#
315,2018,2018_112,C#
316,2018,2018_126,C#
317,2018,2018_133,C#
318,2018,2018_145,C#
319,2018,2018_166,C#
320,2018,2018_178,C#
321,2018,2018_179,C#
322,2018,2018_198,C#
323,2018,2018_218,C#
324,2018,2018_243,C#
325,2018,2018_245,C#
326,2018,2018_300,C#
327,2018,2018_307,C#
328,2018,2018_311,C#
329,2018,2018_325,C#
330,2018,2018_336,C#
331,2018,2018_415,C#
332,2018,2018_426,C#
333,2018,2018_441,C#
334,2018,2018_443,C#
335,2018,2018_447,C#
336,2018,2018_462,C#
337,2018,2018_481,C#
338,2018,2018_491,C#
339,2018,2018_501,C#
340,2018,2018_515,C#
341,2018,2018_535,C#
342,2018,2018_536,C#
343,2018,2018_540,C#
344,2018,2018_542,C#
345,2018,2018_562,C#
346,2018,2018_568,C#
347,2018,2018_584,C#
348,2018,2018_588,C#
349,2018,2018_591,C#
350,2018,2018_592,C#
351,2018,2018_604,C#
352,2018,2018_607,C#
353,2018,2018_608,C#
354,2018,2018_618,C#
355,2018,2018_621,C#
356,2018,2018_628,C#
357,2018,2018_634,C#
358,2018,2018_638,C#
359,2018,2018_699,C#
360,2018,2018_710,C#
361,2018,2018_725,C#
362,2018,2018_740,C#
363,2018,2018_746,C#
364,2018,2018_759,C#
365,2018,2018_844,C#
366,2018,2018_866,C#
367,2018,2018_867,C#
368,2018,2018_872,C#
369,2018,2018_878,C#
370,2018,2018_880,C#
371,2018,2018_901,C#
372,2018,2018_903,C#
373,2018,2018_949,C#
374,2018,2018_952,C#
375,2018,2018_960,C#
376,2018,2018_962,C#
377,2018,2018_972,C#
378,2018,2018_2,C++
379,2018,2018_3,C++
380,2018,2018_14,C++
381,2018,2018_16,C++
382,2018,2018_17,C++
383,2018,2018_22,C++
384,2018,2018_23,C++
385,2018,2018_26,C++
386,2018,2018_27,C++
387,2018,2018_37,C++
388,2018,2018_47,C++
389,2018,2018_50,C++
390,2018,2018_54,C++
391,2018,2018_58,C++
392,2018,2018_62,C++
393,2018,2018_66,C++
394,2018,2018_67,C++
395,2018,2018_73,C++
396,2018,2018_74,C++
397,2018,2018_75,C++
398,2018,2018_76,C++
399,2018,2018_78,C++
400,2018,2018_80,C++
401,2018,2018_84,C++
402,2018,2018_85,C++
403,2018,2018_93,C++
404,2018,2018_94,C++
405,2018,2018_98,C++
406,2018,2018_102,C++
407,2018,2018_105,C++
408,2018,2018_108,C++
409,2018,2018_110,C++
410,2018,2018_114,C++
411,2018,2018_115,C++
412,2018,2018_116,C++
413,2018,2018_117,C++
414,2018,2018_120,C++
415,2018,2018_126,C++
416,2018,2018_128,C++
417,2018,2018_130,C++
418,2018,2018_133,C++
419,2018,2018_139,C++
420,2018,2018_143,C++
421,2018,2018_144,C++
422,2018,2018_145,C++
423,2018,2018_149,C++
424,2018,2018_153,C++
425,2018,2018_154,C++
426,2018,2018_159,C++
427,2018,2018_160,C++
428,2018,2018_161,C++
429,2018,2018_162,C++
430,2018,2018_165,C++
431,2018,2018_168,C++
432,2018,2018_170,C++
433,2018,2018_171,C++
434,2018,2018_175,C++
435,2018,2018_178,C++
436,2018,2018_182,C++
437,2018,2018_183,C++
438,2018,2018_184,C++
439,2018,2018_185,C++
440,2018,2018_189,C++
441,2018,2018_194,C++
442,2018,2018_195,C++
443,2018,2018_196,C++
444,2018,2018_198,C++
445,2018,2018_199,C++
446,2018,2018_203,C++
447,2018,2018_205,C++
448,2018,2018_206,C++
449,2018,2018_214,C++
450,2018,2018_215,C++
451,2018,2018_216,C++
452,2018,2018_218,C++
453,2018,2018_222,C++
454,2018,2018_224,C++
455,2018,2018_225,C++
456,2018,2018_226,C++
457,2018,2018_228,C++
458,2018,2018_230,C++
459,2018,2018_231,C++
460,2018,2018_232,C++
461,2018,2018_234,C++
462,2018,2018_242,C++
463,2018,2018_244,C++
464,2018,2018_245,C++
465,2018,2018_252,C++
466,2018,2018_254,C++
467,2018,2018_260,C++
468,2018,2018_270,C++
469,2018,2018_271,C++
470,2018,2018_272,C++
471,2018,2018_275,C++
472,2018,2018_276,C++
473,2018,2018_279,C++
474,2018,2018_281,C++
475,2018,2018_282,C++
476,2018,2018_283,C++
477,2018,2018_287,C++
478,2018,2018_288,C++
479,2018,2018_293,C++
480,2018,2018_294,C++
481,2018,2018_295,C++
482,2018,2018_299,C++
483,2018,2018_301,C++
484,2018,2018_303,C++
485,2018,2018_305,C++
486,2018,2018_306,C++
487,2018,2018_307,C++
488,2018,2018_308,C++
489,2018,2018_310,C++
490,2018,2018_311,C++
491,2018,2018_312,C++
492,2018,2018_324,C++
493,2018,2018_325,C++
494,2018,2018_327,C++
495,2018,2018_328,C++
496,2018,2018_329,C++
497,2018,2018_331,C++
498,2018,2018_332,C++
499,2018,2018_338,C++
500,2018,2018_339,C++
501,2018,2018_341,C++
502,2018,2018_342,C++
503,2018,2018_348,C++
504,2018,2018_349,C++
505,2018,2018_351,C++
506,2018,2018_354,C++
507,2018,2018_356,C++
508,2018,2018_357,C++
509,2018,2018_366,C++
510,2018,2018_370,C++
511,2018,2018_371,C++
512,2018,2018_378,C++
513,2018,2018_384,C++
514,2018,2018_390,C++
515,2018,2018_392,C++
516,2018,2018_393,C++
517,2018,2018_397,C++
518,2018,2018_398,C++
519,2018,2018_400,C++
520,2018,2018_401,C++
521,2018,2018_406,C++
522,2018,2018_407,C++
523,2018,2018_408,C++
524,2018,2018_409,C++
525,2018,2018_410,C++
526,2018,2018_413,C++
527,2018,2018_414,C++
528,2018,2018_417,C++
529,2018,2018_419,C++
530,2018,2018_422,C++
531,2018,2018_424,C++
532,2018,2018_428,C++
533,2018,2018_430,C++
534,2018,2018_432,C++
535,2018,2018_434,C++
536,2018,2018_436,C++
537,2018,2018_438,C++
538,2018,2018_439,C++
539,2018,2018_440,C++
540,2018,2018_441,C++
541,2018,2018_442,C++
542,2018,2018_444,C++
543,2018,2018_445,C++
544,2018,2018_449,C++
545,2018,2018_453,C++
546,2018,2018_457,C++
547,2018,2018_464,C++
548,2018,2018_466,C++
549,2018,2018_467,C++
550,2018,2018_472,C++
551,2018,2018_474,C++
552,2018,2018_478,C++
553,2018,2018_480,C++
554,2018,2018_483,C++
555,2018,2018_484,C++
556,2018,2018_488,C++
557,2018,2018_491,C++
558,2018,2018_495,C++
559,2018,2018_496,C++
560,2018,2018_497,C++
561,2018,2018_500,C++
562,2018,2018_502,C++
563,2018,2018_515,C++
564,2018,2018_518,C++
565,2018,2018_522,C++
566,2018,2018_534,C++
567,2018,2018_535,C++
568,2018,2018_536,C++
569,2018,2018_540,C++
570,2018,2018_541,C++
571,2018,2018_542,C++
572,2018,2018_547,C++
573,2018,2018_550,C++
574,2018,2018_553,C++
575,2018,2018_555,C++
576,2018,2018_556,C++
577,2018,2018_557,C++
578,2018,2018_559,C++
579,2018,2018_560,C++
580,2018,2018_561,C++
581,2018,2018_564,C++
582,2018,2018_565,C++
583,2018,2018_566,C++
584,2018,2018_567,C++
585,2018,2018_571,C++
586,2018,2018_574,C++
587,2018,2018_577,C++
588,2018,2018_579,C++
589,2018,2018_580,C++
590,2018,2018_592,C++
591,2018,2018_595,C++
592,2018,2018_599,C++
593,2018,2018_600,C++
594,2018,2018_601,C++
595,2018,2018_610,C++
596,2018,2018_617,C++
597,2018,2018_620,C++
598,2018,2018_621,C++
599,2018,2018_622,C++
600,2018,2018_628,C++
601,2018,2018_629,C++
602,2018,2018_632,C++
603,2018,2018_633,C++
604,2018,2018_634,C++
605,2018,2018_636,C++
606,2018,2018_637,C++
607,2018,2018_638,C++
608,2018,2018_639,C++
609,2018,2018_640,C++
610,2018,2018_641,C++
611,2018,2018_642,C++
612,2018,2018_650,C++
613,2018,2018_651,C++
614,2018,2018_655,C++
615,2018,2018_666,C++
616,2018,2018_670,C++
617,2018,2018_673,C++
618,2018,2018_675,C++
619,2018,2018_680,C++
620,2018,2018_682,C++
621,2018,2018_684,C++
622,2018,2018_685,C++
623,2018,2018_689,C++
624,2018,2018_690,C++
625,2018,2018_692,C++
626,2018,2018_693,C++
627,2018,2018_697,C++
628,2018,2018_698,C++
629,2018,2018_699,C++
630,2018,2018_707,C++
631,2018,2018_712,C++
632,2018,2018_713,C++
633,2018,2018_714,C++
634,2018,2018_717,C++
635,2018,2018_719,C++
636,2018,2018_722,C++
637,2018,2018_724,C++
638,2018,2018_728,C++
639,2018,2018_731,C++
640,2018,2018_733,C++
641,2018,2018_735,C++
642,2018,2018_736,C++
643,2018,2018_738,C++
644,2018,2018_740,C++
645,2018,2018_741,C++
646,2018,2018_742,C++
647,2018,2018_743,C++
648,2018,2018_745,C++
649,2018,2018_746,C++
650,2018,2018_747,C++
651,2018,2018_748,C++
652,2018,2018_753,C++
653,2018,2018_754,C++
654,2018,2018_755,C++
655,2018,2018_757,C++
656,2018,2018_758,C++
657,2018,2018_759,C++
658,2018,2018_761,C++
659,2018,2018_765,C++
660,2018,2018_766,C++
661,2018,2018_771,C++
662,2018,2018_778,C++
663,2018,2018_780,C++
664,2018,2018_785,C++
665,2018,2018_787,C++
666,2018,2018_790,C++
667,2018,2018_791,C++
668,2018,2018_793,C++
669,2018,2018_800,C++
670,2018,2018_801,C++
671,2018,2018_803,C++
672,2018,2018_814,C++
673,2018,2018_818,C++
674,2018,2018_819,C++
675,2018,2018_822,C++
676,2018,2018_824,C++
677,2018,2018_829,C++
678,2018,2018_834,C++
679,2018,2018_835,C++
680,2018,2018_838,C++
681,2018,2018_839,C++
682,2018,2018_843,C++
683,2018,2018_848,C++
684,2018,2018_850,C++
685,2018,2018_851,C++
686,2018,2018_853,C++
687,2018,2018_854,C++
688,2018,2018_855,C++
689,2018,2018_869,C++
690,2018,2018_877,C++
691,2018,2018_880,C++
692,2018,2018_886,C++
693,2018,2018_887,C++
694,2018,2018_891,C++
695,2018,2018_893,C++
696,2018,2018_895,C++
697,2018,2018_901,C++
698,2018,2018_903,C++
699,2018,2018_904,C++
700,2018,2018_905,C++
701,2018,2018_909,C++
702,2018,2018_913,C++
703,2018,2018_916,C++
704,2018,2018_920,C++
705,2018,2018_921,C++
706,2018,2018_929,C++
707,2018,2018_932,C++
708,2018,2018_933,C++
709,2018,2018_937,C++
710,2018,2018_943,C++
711,2018,2018_944,C++
712,2018,2018_946,C++
713,2018,2018_949,C++
714,2018,2018_964,C++
715,2018,2018_965,C++
716,2018,2018_967,C++
717,2018,2018_969,C++
718,2018,2018_970,C++
719,2018,2018_971,C++
720,2018,2018_975,C++
721,2018,2018_978,C++
722,2018,2018_979,C++
723,2018,2018_982,C++
724,2018,2018_984,C++
725,2018,2018_991,C++
726,2018,2018_993,C++
727,2018,2018_106,Clojure
728,2018,2018_138,Clojure
729,2018,2018_701,Clojure
730,2018,2018_821,Clojure
731,2018,2018_63,CoffeeScript
732,2018,2018_309,CoffeeScript
733,2018,2018_415,CoffeeScript
734,2018,2018_709,CoffeeScript
735,2018,2018_721,CoffeeScript
736,2018,2018_847,CoffeeScript
737,2018,2018_874,CoffeeScript
738,2018,2018_231,Common Lisp
739,2018,2018_518,Common Lisp
740,2018,2018_628,Common Lisp
741,2018,2018_712,Common Lisp
742,2018,2018_847,Common Lisp
743,2018,2018_899,Common Lisp
744,2018,2018_458,Elixir
745,2018,2018_784,Elixir
746,2018,2018_58,Erlang
747,2018,2018_458,Erlang
748,2018,2018_893,Erlang
749,2018,2018_4,F#
750,2018,2018_2,Fortran
751,2018,2018_14,Fortran
752,2018,2018_22,Fortran
753,2018,2018_23,Fortran
754,2018,2018_26,Fortran
755,2018,2018_40,Fortran
756,2018,2018_42,Fortran
757,2018,2018_43,Fortran
758,2018,2018_47,Fortran
759,2018,2018_48,Fortran
760,2018,2018_49,Fortran
761,2018,2018_61,Fortran
762,2018,2018_75,Fortran
763,2018,2018_76,Fortran
764,2018,2018_86,Fortran
765,2018,2018_105,Fortran
766,2018,2018_110,Fortran
767,2018,2018_117,Fortran
768,2018,2018_133,Fortran
769,2018,2018_140,Fortran
770,2018,2018_142,Fortran
771,2018,2018_149,Fortran
772,2018,2018_153,Fortran
773,2018,2018_158,Fortran
774,2018,2018_164,Fortran
775,2018,2018_169,Fortran
776,2018,2018_178,Fortran
777,2018,2018_182,Fortran
778,2018,2018_183,Fortran
779,2018,2018_184,Fortran
780,2018,2018_185,Fortran
781,2018,2018_186,Fortran
782,2018,2018_189,Fortran
783,2018,2018_195,Fortran
784,2018,2018_196,Fortran
785,2018,2018_200,Fortran
786,2018,2018_202,Fortran
787,2018,2018_207,Fortran
788,2018,2018_210,Fortran
789,2018,2018_213,Fortran
790,2018,2018_219,Fortran
791,2018,2018_226,Fortran
792,2018,2018_228,Fortran
793,2018,2018_233,Fortran
794,2018,2018_236,Fortran
795,2018,2018_238,Fortran
796,2018,2018_246,Fortran
797,2018,2018_247,Fortran
798,2018,2018_252,Fortran
799,2018,2018_253,Fortran
800,2018,2018_257,Fortran
801,2018,2018_258,Fortran
802,2018,2018_260,Fortran
803,2018,2018_271,Fortran
804,2018,2018_272,Fortran
805,2018,2018_273,Fortran
806,2018,2018_276,Fortran
807,2018,2018_281,Fortran
808,2018,2018_283,Fortran
809,2018,2018_286,Fortran
810,2018,2018_288,Fortran
811,2018,2018_290,Fortran
812,2018,2018_297,Fortran
813,2018,2018_299,Fortran
814,2018,2018_302,Fortran
815,2018,2018_303,Fortran
816,2018,2018_306,Fortran
817,2018,2018_310,Fortran
818,2018,2018_314,Fortran
819,2018,2018_319,Fortran
820,2018,2018_330,Fortran
821,2018,2018_332,Fortran
822,2018,2018_335,Fortran
823,2018,2018_338,Fortran
824,2018,2018_341,Fortran
825,2018,2018_342,Fortran
826,2018,2018_352,Fortran
827,2018,2018_354,Fortran
828,2018,2018_356,Fortran
829,2018,2018_357,Fortran
830,2018,2018_359,Fortran
831,2018,2018_368,Fortran
832,2018,2018_370,Fortran
833,2018,2018_390,Fortran
834,2018,2018_391,Fortran
835,2018,2018_392,Fortran
836,2018,2018_393,Fortran
837,2018,2018_399,Fortran
838,2018,2018_401,Fortran
839,2018,2018_411,Fortran
840,2018,2018_414,Fortran
841,2018,2018_417,Fortran
842,2018,2018_422,Fortran
843,2018,2018_423,Fortran
844,2018,2018_425,Fortran
845,2018,2018_427,Fortran
846,2018,2018_433,Fortran
847,2018,2018_439,Fortran
848,2018,2018_442,Fortran
849,2018,2018_445,Fortran
850,2018,2018_456,Fortran
851,2018,2018_457,Fortran
852,2018,2018_467,Fortran
853,2018,2018_480,Fortran
854,2018,2018_482,Fortran
855,2018,2018_484,Fortran
856,2018,2018_493,Fortran
857,2018,2018_495,Fortran
858,2018,2018_496,Fortran
859,2018,2018_502,Fortran
860,2018,2018_518,Fortran
861,2018,2018_526,Fortran
862,2018,2018_531,Fortran
863,2018,2018_534,Fortran
864,2018,2018_536,Fortran
865,2018,2018_563,Fortran
866,2018,2018_565,Fortran
867,2018,2018_566,Fortran
868,2018,2018_585,Fortran
869,2018,2018_605,Fortran
870,2018,2018_619,Fortran
871,2018,2018_620,Fortran
872,2018,2018_624,Fortran
873,2018,2018_625,Fortran
874,2018,2018_635,Fortran
875,2018,2018_636,Fortran
876,2018,2018_644,Fortran
877,2018,2018_651,Fortran
878,2018,2018_678,Fortran
879,2018,2018_681,Fortran
880,2018,2018_685,Fortran
881,2018,2018_688,Fortran
882,2018,2018_702,Fortran
883,2018,2018_714,Fortran
884,2018,2018_718,Fortran
885,2018,2018_731,Fortran
886,2018,2018_734,Fortran
887,2018,2018_736,Fortran
888,2018,2018_742,Fortran
889,2018,2018_743,Fortran
890,2018,2018_746,Fortran
891,2018,2018_747,Fortran
892,2018,2018_748,Fortran
893,2018,2018_750,Fortran
894,2018,2018_752,Fortran
895,2018,2018_756,Fortran
896,2018,2018_758,Fortran
897,2018,2018_762,Fortran
898,2018,2018_763,Fortran
899,2018,2018_765,Fortran
900,2018,2018_766,Fortran
901,2018,2018_770,Fortran
902,2018,2018_778,Fortran
903,2018,2018_780,Fortran
904,2018,2018_781,Fortran
905,2018,2018_785,Fortran
906,2018,2018_793,Fortran
907,2018,2018_801,Fortran
908,2018,2018_802,Fortran
909,2018,2018_807,Fortran
910,2018,2018_811,Fortran
911,2018,2018_818,Fortran
912,2018,2018_822,Fortran
913,2018,2018_824,Fortran
914,2018,2018_826,Fortran
915,2018,2018_833,Fortran
916,2018,2018_835,Fortran
917,2018,2018_843,Fortran
918,2018,2018_860,Fortran
919,2018,2018_877,Fortran
920,2018,2018_885,Fortran
921,2018,2018_888,Fortran
922,2018,2018_893,Fortran
923,2018,2018_908,Fortran
924,2018,2018_909,Fortran
925,2018,2018_920,Fortran
926,2018,2018_932,Fortran
927,2018,2018_933,Fortran
928,2018,2018_936,Fortran
929,2018,2018_940,Fortran
930,2018,2018_943,Fortran
931,2018,2018_950,Fortran
932,2018,2018_951,Fortran
933,2018,2018_954,Fortran
934,2018,2018_956,Fortran
935,2018,2018_959,Fortran
936,2018,2018_964,Fortran
937,2018,2018_965,Fortran
938,2018,2018_967,Fortran
939,2018,2018_968,Fortran
940,2018,2018_969,Fortran
941,2018,2018_976,Fortran
942,2018,2018_978,Fortran
943,2018,2018_985,Fortran
944,2018,2018_990,Fortran
945,2018,2018_23,Go
946,2018,2018_58,Go
947,2018,2018_60,Go
948,2018,2018_68,Go
949,2018,2018_129,Go
950,2018,2018_133,Go
951,2018,2018_243,Go
952,2018,2018_260,Go
953,2018,2018_318,Go
954,2018,2018_426,Go
955,2018,2018_542,Go
956,2018,2018_588,Go
957,2018,2018_600,Go
958,2018,2018_603,Go
959,2018,2018_623,Go
960,2018,2018_669,Go
961,2018,2018_878,Go
962,2018,2018_893,Go
963,2018,2018_936,Go
964,2018,2018_943,Go
965,2018,2018_993,Go
966,2018,2018_25,Groovy
967,2018,2018_121,Groovy
968,2018,2018_127,Groovy
969,2018,2018_128,Groovy
970,2018,2018_138,Groovy
971,2018,2018_271,Groovy
972,2018,2018_310,Groovy
973,2018,2018_434,Groovy
974,2018,2018_483,Groovy
975,2018,2018_616,Groovy
976,2018,2018_701,Groovy
977,2018,2018_744,Groovy
978,2018,2018_759,Groovy
979,2018,2018_875,Groovy
980,2018,2018_887,Groovy
981,2018,2018_966,Groovy
982,2018,2018_986,Groovy
983,2018,2018_23,Haskell
984,2018,2018_432,Haskell
985,2018,2018_505,Haskell
986,2018,2018_731,Haskell
987,2018,2018_903,Haskell
988,2018,2018_0,Java
989,2018,2018_2,Java
990,2018,2018_7,Java
991,2018,2018_11,Java
992,2018,2018_22,Java
993,2018,2018_33,Java
994,2018,2018_34,Java
995,2018,2018_35,Java
996,2018,2018_51,Java
997,2018,2018_59,Java
998,2018,2018_66,Java
999,2018,2018_68,Java
1000,2018,2018_70,Java
1001,2018,2018_71,Java
1002,2018,2018_73,Java
1003,2018,2018_75,Java
1004,2018,2018_76,Java
1005,2018,2018_86,Java
1006,2018,2018_88,Java
1007,2018,2018_100,Java
1008,2018,2018_104,Java
1009,2018,2018_106,Java
1010,2018,2018_108,Java
1011,2018,2018_110,Java
1012,2018,2018_115,Java
1013,2018,2018_125,Java
1014,2018,2018_126,Java
1015,2018,2018_127,Java
1016,2018,2018_132,Java
1017,2018,2018_135,Java
1018,2018,2018_138,Java
1019,2018,2018_144,Java
1020,2018,2018_150,Java
1021,2018,2018_152,Java
1022,2018,2018_155,Java
1023,2018,2018_156,Java
1024,2018,2018_162,Java
1025,2018,2018_165,Java
1026,2018,2018_171,Java
1027,2018,2018_187,Java
1028,2018,2018_188,Java
1029,2018,2018_189,Java
1030,2018,2018_192,Java
1031,2018,2018_196,Java
1032,2018,2018_212,Java
1033,2018,2018_217,Java
1034,2018,2018_218,Java
1035,2018,2018_222,Java
1036,2018,2018_225,Java
1037,2018,2018_227,Java
1038,2018,2018_228,Java
1039,2018,2018_231,Java
1040,2018,2018_235,Java
1041,2018,2018_240,Java
1042,2018,2018_241,Java
1043,2018,2018_243,Java
1044,2018,2018_244,Java
1045,2018,2018_246,Java
1046,2018,2018_254,Java
1047,2018,2018_265,Java
1048,2018,2018_268,Java
1049,2018,2018_271,Java
1050,2018,2018_275,Java
1051,2018,2018_282,Java
1052,2018,2018_288,Java
1053,2018,2018_293,Java
1054,2018,2018_307,Java
1055,2018,2018_311,Java
1056,2018,2018_312,Java
1057,2018,2018_316,Java
1058,2018,2018_320,Java
1059,2018,2018_321,Java
1060,2018,2018_339,Java
1061,2018,2018_344,Java
1062,2018,2018_352,Java
1063,2018,2018_356,Java
1064,2018,2018_371,Java
1065,2018,2018_384,Java
1066,2018,2018_393,Java
1067,2018,2018_404,Java
1068,2018,2018_421,Java
1069,2018,2018_422,Java
1070,2018,2018_426,Java
1071,2018,2018_431,Java
1072,2018,2018_434,Java
1073,2018,2018_436,Java
1074,2018,2018_440,Java
1075,2018,2018_441,Java
1076,2018,2018_442,Java
1077,2018,2018_449,Java
1078,2018,2018_456,Java
1079,2018,2018_458,Java
1080,2018,2018_459,Java
1081,2018,2018_460,Java
1082,2018,2018_462,Java
1083,2018,2018_464,Java
1084,2018,2018_470,Java
1085,2018,2018_472,Java
1086,2018,2018_475,Java
1087,2018,2018_481,Java
1088,2018,2018_483,Java
1089,2018,2018_489,Java
1090,2018,2018_492,Java
1091,2018,2018_508,Java
1092,2018,2018_513,Java
1093,2018,2018_517,Java
1094,2018,2018_519,Java
1095,2018,2018_523,Java
1096,2018,2018_530,Java
1097,2018,2018_537,Java
1098,2018,2018_539,Java
1099,2018,2018_540,Java
1100,2018,2018_542,Java
1101,2018,2018_543,Java
1102,2018,2018_544,Java
1103,2018,2018_545,Java
1104,2018,2018_554,Java
1105,2018,2018_555,Java
1106,2018,2018_556,Java
1107,2018,2018_562,Java
1108,2018,2018_565,Java
1109,2018,2018_566,Java
1110,2018,2018_567,Java
1111,2018,2018_578,Java
1112,2018,2018_579,Java
1113,2018,2018_588,Java
1114,2018,2018_592,Java
1115,2018,2018_613,Java
1116,2018,2018_615,Java
1117,2018,2018_616,Java
1118,2018,2018_618,Java
1119,2018,2018_620,Java
1120,2018,2018_621,Java
1121,2018,2018_631,Java
1122,2018,2018_634,Java
1123,2018,2018_638,Java
1124,2018,2018_644,Java
1125,2018,2018_647,Java
1126,2018,2018_650,Java
1127,2018,2018_666,Java
1128,2018,2018_670,Java
1129,2018,2018_672,Java
1130,2018,2018_675,Java
1131,2018,2018_682,Java
1132,2018,2018_685,Java
1133,2018,2018_689,Java
1134,2018,2018_692,Java
1135,2018,2018_722,Java
1136,2018,2018_734,Java
1137,2018,2018_737,Java
1138,2018,2018_739,Java
1139,2018,2018_744,Java
1140,2018,2018_748,Java
1141,2018,2018_755,Java
1142,2018,2018_759,Java
1143,2018,2018_765,Java
1144,2018,2018_771,Java
1145,2018,2018_772,Java
1146,2018,2018_780,Java
1147,2018,2018_785,Java
1148,2018,2018_786,Java
1149,2018,2018_787,Java
1150,2018,2018_790,Java
1151,2018,2018_791,Java
1152,2018,2018_793,Java
1153,2018,2018_801,Java
1154,2018,2018_804,Java
1155,2018,2018_817,Java
1156,2018,2018_821,Java
1157,2018,2018_845,Java
1158,2018,2018_847,Java
1159,2018,2018_848,Java
1160,2018,2018_855,Java
1161,2018,2018_871,Java
1162,2018,2018_875,Java
1163,2018,2018_878,Java
1164,2018,2018_879,Java
1165,2018,2018_880,Java
1166,2018,2018_882,Java
1167,2018,2018_893,Java
1168,2018,2018_897,Java
1169,2018,2018_899,Java
1170,2018,2018_903,Java
1171,2018,2018_904,Java
1172,2018,2018_911,Java
1173,2018,2018_914,Java
1174,2018,2018_916,Java
1175,2018,2018_925,Java
1176,2018,2018_930,Java
1177,2018,2018_939,Java
1178,2018,2018_943,Java
1179,2018,2018_949,Java
1180,2018,2018_952,Java
1181,2018,2018_964,Java
1182,2018,2018_969,Java
1183,2018,2018_971,Java
1184,2018,2018_973,Java
1185,2018,2018_984,Java
1186,2018,2018_986,Java
1187,2018,2018_992,Java
1188,2018,2018_996,Java
1189,2018,2018_0,JavaScript
1190,2018,2018_4,JavaScript
1191,2018,2018_5,JavaScript
1192,2018,2018_7,JavaScript
1193,2018,2018_11,JavaScript
1194,2018,2018_20,JavaScript
1195,2018,2018_21,JavaScript
1196,2018,2018_23,JavaScript
1197,2018,2018_34,JavaScript
1198,2018,2018_35,JavaScript
1199,2018,2018_36,JavaScript
1200,2018,2018_37,JavaScript
1201,2018,2018_39,JavaScript
1202,2018,2018_45,JavaScript
1203,2018,2018_54,JavaScript
1204,2018,2018_55,JavaScript
1205,2018,2018_59,JavaScript
1206,2018,2018_60,JavaScript
1207,2018,2018_66,JavaScript
1208,2018,2018_68,JavaScript
1209,2018,2018_69,JavaScript
1210,2018,2018_70,JavaScript
1211,2018,2018_73,JavaScript
1212,2018,2018_74,JavaScript
1213,2018,2018_76,JavaScript
1214,2018,2018_79,JavaScript
1215,2018,2018_85,JavaScript
1216,2018,2018_88,JavaScript
1217,2018,2018_97,JavaScript
1218,2018,2018_98,JavaScript
1219,2018,2018_103,JavaScript
1220,2018,2018_104,JavaScript
1221,2018,2018_106,JavaScript
1222,2018,2018_108,JavaScript
1223,2018,2018_112,JavaScript
1224,2018,2018_114,JavaScript
1225,2018,2018_116,JavaScript
1226,2018,2018_117,JavaScript
1227,2018,2018_121,JavaScript
1228,2018,2018_122,JavaScript
1229,2018,2018_125,JavaScript
1230,2018,2018_126,JavaScript
1231,2018,2018_127,JavaScript
1232,2018,2018_129,JavaScript
1233,2018,2018_131,JavaScript
1234,2018,2018_132,JavaScript
1235,2018,2018_133,JavaScript
1236,2018,2018_134,JavaScript
1237,2018,2018_135,JavaScript
1238,2018,2018_136,JavaScript
1239,2018,2018_145,JavaScript
1240,2018,2018_146,JavaScript
1241,2018,2018_147,JavaScript
1242,2018,2018_150,JavaScript
1243,2018,2018_153,JavaScript
1244,2018,2018_155,JavaScript
1245,2018,2018_156,JavaScript
1246,2018,2018_160,JavaScript
1247,2018,2018_163,JavaScript
1248,2018,2018_166,JavaScript
1249,2018,2018_169,JavaScript
1250,2018,2018_171,JavaScript
1251,2018,2018_174,JavaScript
1252,2018,2018_177,JavaScript
1253,2018,2018_198,JavaScript
1254,2018,2018_201,JavaScript
1255,2018,2018_212,JavaScript
1256,2018,2018_217,JavaScript
1257,2018,2018_218,JavaScript
1258,2018,2018_225,JavaScript
1259,2018,2018_228,JavaScript
1260,2018,2018_230,JavaScript
1261,2018,2018_235,JavaScript
1262,2018,2018_239,JavaScript
1263,2018,2018_240,JavaScript
1264,2018,2018_243,JavaScript
1265,2018,2018_244,JavaScript
1266,2018,2018_254,JavaScript
1267,2018,2018_257,JavaScript
1268,2018,2018_264,JavaScript
1269,2018,2018_265,JavaScript
1270,2018,2018_268,JavaScript
1271,2018,2018_271,JavaScript
1272,2018,2018_274,JavaScript
1273,2018,2018_280,JavaScript
1274,2018,2018_282,JavaScript
1275,2018,2018_285,JavaScript
1276,2018,2018_288,JavaScript
1277,2018,2018_289,JavaScript
1278,2018,2018_292,JavaScript
1279,2018,2018_294,JavaScript
1280,2018,2018_299,JavaScript
1281,2018,2018_300,JavaScript
1282,2018,2018_301,JavaScript
1283,2018,2018_305,JavaScript
1284,2018,2018_307,JavaScript
1285,2018,2018_309,JavaScript
1286,2018,2018_312,JavaScript
1287,2018,2018_316,JavaScript
1288,2018,2018_320,JavaScript
1289,2018,2018_321,JavaScript
1290,2018,2018_325,JavaScript
1291,2018,2018_326,JavaScript
1292,2018,2018_327,JavaScript
1293,2018,2018_328,JavaScript
1294,2018,2018_330,JavaScript
1295,2018,2018_331,JavaScript
1296,2018,2018_336,JavaScript
1297,2018,2018_344,JavaScript
1298,2018,2018_349,JavaScript
1299,2018,2018_361,JavaScript
1300,2018,2018_371,JavaScript
1301,2018,2018_372,JavaScript
1302,2018,2018_376,JavaScript
1303,2018,2018_379,JavaScript
1304,2018,2018_384,JavaScript
1305,2018,2018_391,JavaScript
1306,2018,2018_393,JavaScript
1307,2018,2018_396,JavaScript
1308,2018,2018_415,JavaScript
1309,2018,2018_420,JavaScript
1310,2018,2018_421,JavaScript
1311,2018,2018_431,JavaScript
1312,2018,2018_434,JavaScript
1313,2018,2018_436,JavaScript
1314,2018,2018_440,JavaScript
1315,2018,2018_443,JavaScript
1316,2018,2018_447,JavaScript
1317,2018,2018_452,JavaScript
1318,2018,2018_456,JavaScript
1319,2018,2018_458,JavaScript
1320,2018,2018_459,JavaScript
1321,2018,2018_480,JavaScript
1322,2018,2018_481,JavaScript
1323,2018,2018_483,JavaScript
1324,2018,2018_489,JavaScript
1325,2018,2018_492,JavaScript
1326,2018,2018_494,JavaScript
1327,2018,2018_498,JavaScript
1328,2018,2018_505,JavaScript
1329,2018,2018_509,JavaScript
1330,2018,2018_511,JavaScript
1331,2018,2018_512,JavaScript
1332,2018,2018_516,JavaScript
1333,2018,2018_525,JavaScript
1334,2018,2018_526,JavaScript
1335,2018,2018_527,JavaScript
1336,2018,2018_530,JavaScript
1337,2018,2018_542,JavaScript
1338,2018,2018_544,JavaScript
1339,2018,2018_545,JavaScript
1340,2018,2018_550,JavaScript
1341,2018,2018_564,JavaScript
1342,2018,2018_567,JavaScript
1343,2018,2018_571,JavaScript
1344,2018,2018_574,JavaScript
1345,2018,2018_578,JavaScript
1346,2018,2018_579,JavaScript
1347,2018,2018_583,JavaScript
1348,2018,2018_584,JavaScript
1349,2018,2018_588,JavaScript
1350,2018,2018_592,JavaScript
1351,2018,2018_600,JavaScript
1352,2018,2018_606,JavaScript
1353,2018,2018_607,JavaScript
1354,2018,2018_608,JavaScript
1355,2018,2018_609,JavaScript
1356,2018,2018_610,JavaScript
1357,2018,2018_615,JavaScript
1358,2018,2018_616,JavaScript
1359,2018,2018_618,JavaScript
1360,2018,2018_619,JavaScript
1361,2018,2018_623,JavaScript
1362,2018,2018_634,JavaScript
1363,2018,2018_642,JavaScript
1364,2018,2018_646,JavaScript
1365,2018,2018_647,JavaScript
1366,2018,2018_650,JavaScript
1367,2018,2018_652,JavaScript
1368,2018,2018_655,JavaScript
1369,2018,2018_657,JavaScript
1370,2018,2018_661,JavaScript
1371,2018,2018_665,JavaScript
1372,2018,2018_685,JavaScript
1373,2018,2018_687,JavaScript
1374,2018,2018_689,JavaScript
1375,2018,2018_693,JavaScript
1376,2018,2018_695,JavaScript
1377,2018,2018_697,JavaScript
1378,2018,2018_699,JavaScript
1379,2018,2018_709,JavaScript
1380,2018,2018_721,JavaScript
1381,2018,2018_723,JavaScript
1382,2018,2018_724,JavaScript
1383,2018,2018_725,JavaScript
1384,2018,2018_734,JavaScript
1385,2018,2018_739,JavaScript
1386,2018,2018_744,JavaScript
1387,2018,2018_746,JavaScript
1388,2018,2018_747,JavaScript
1389,2018,2018_750,JavaScript
1390,2018,2018_759,JavaScript
1391,2018,2018_765,JavaScript
1392,2018,2018_771,JavaScript
1393,2018,2018_772,JavaScript
1394,2018,2018_779,JavaScript
1395,2018,2018_780,JavaScript
1396,2018,2018_784,JavaScript
1397,2018,2018_786,JavaScript
1398,2018,2018_787,JavaScript
1399,2018,2018_790,JavaScript
1400,2018,2018_792,JavaScript
1401,2018,2018_796,JavaScript
1402,2018,2018_798,JavaScript
1403,2018,2018_800,JavaScript
1404,2018,2018_801,JavaScript
1405,2018,2018_814,JavaScript
1406,2018,2018_815,JavaScript
1407,2018,2018_817,JavaScript
1408,2018,2018_819,JavaScript
1409,2018,2018_823,JavaScript
1410,2018,2018_830,JavaScript
1411,2018,2018_838,JavaScript
1412,2018,2018_844,JavaScript
1413,2018,2018_845,JavaScript
1414,2018,2018_848,JavaScript
1415,2018,2018_850,JavaScript
1416,2018,2018_855,JavaScript
1417,2018,2018_869,JavaScript
1418,2018,2018_870,JavaScript
1419,2018,2018_871,JavaScript
1420,2018,2018_872,JavaScript
1421,2018,2018_874,JavaScript
1422,2018,2018_877,JavaScript
1423,2018,2018_879,JavaScript
1424,2018,2018_881,JavaScript
1425,2018,2018_882,JavaScript
1426,2018,2018_884,JavaScript
1427,2018,2018_887,JavaScript
1428,2018,2018_891,JavaScript
1429,2018,2018_893,JavaScript
1430,2018,2018_895,JavaScript
1431,2018,2018_897,JavaScript
1432,2018,2018_898,JavaScript
1433,2018,2018_901,JavaScript
1434,2018,2018_904,JavaScript
1435,2018,2018_907,JavaScript
1436,2018,2018_910,JavaScript
1437,2018,2018_911,JavaScript
1438,2018,2018_916,JavaScript
1439,2018,2018_929,JavaScript
1440,2018,2018_930,JavaScript
1441,2018,2018_936,JavaScript
1442,2018,2018_942,JavaScript
1443,2018,2018_949,JavaScript
1444,2018,2018_962,JavaScript
1445,2018,2018_964,JavaScript
1446,2018,2018_965,JavaScript
1447,2018,2018_969,JavaScript
1448,2018,2018_971,JavaScript
1449,2018,2018_983,JavaScript
1450,2018,2018_984,JavaScript
1451,2018,2018_986,JavaScript
1452,2018,2018_990,JavaScript
1453,2018,2018_992,JavaScript
1454,2018,2018_994,JavaScript
1455,2018,2018_12,Julia
1456,2018,2018_26,Julia
1457,2018,2018_52,Julia
1458,2018,2018_98,Julia
1459,2018,2018_120,Julia
1460,2018,2018_133,Julia
1461,2018,2018_196,Julia
1462,2018,2018_302,Julia
1463,2018,2018_380,Julia
1464,2018,2018_390,Julia
1465,2018,2018_401,Julia
1466,2018,2018_423,Julia
1467,2018,2018_424,Julia
1468,2018,2018_482,Julia
1469,2018,2018_546,Julia
1470,2018,2018_547,Julia
1471,2018,2018_617,Julia
1472,2018,2018_620,Julia
1473,2018,2018_631,Julia
1474,2018,2018_640,Julia
1475,2018,2018_650,Julia
1476,2018,2018_669,Julia
1477,2018,2018_705,Julia
1478,2018,2018_731,Julia
1479,2018,2018_781,Julia
1480,2018,2018_855,Julia
1481,2018,2018_876,Julia
1482,2018,2018_894,Julia
1483,2018,2018_908,Julia
1484,2018,2018_919,Julia
1485,2018,2018_928,Julia
1486,2018,2018_944,Julia
1487,2018,2018_948,Julia
1488,2018,2018_959,Julia
1489,2018,2018_964,Julia
1490,2018,2018_73,Lua
1491,2018,2018_288,Lua
1492,2018,2018_318,Lua
1493,2018,2018_592,Lua
1494,2018,2018_650,Lua
1495,2018,2018_733,Lua
1496,2018,2018_780,Lua
1497,2018,2018_850,Lua
1498,2018,2018_936,Lua
1499,2018,2018_949,Lua
1500,2018,2018_964,Lua
1501,2018,2018_965,Lua
1502,2018,2018_1,Matlab
1503,2018,2018_4,Matlab
1504,2018,2018_23,Matlab
1505,2018,2018_42,Matlab
1506,2018,2018_64,Matlab
1507,2018,2018_66,Matlab
1508,2018,2018_67,Matlab
1509,2018,2018_69,Matlab
1510,2018,2018_71,Matlab
1511,2018,2018_75,Matlab
1512,2018,2018_76,Matlab
1513,2018,2018_78,Matlab
1514,2018,2018_90,Matlab
1515,2018,2018_93,Matlab
1516,2018,2018_94,Matlab
1517,2018,2018_126,Matlab
1518,2018,2018_140,Matlab
1519,2018,2018_144,Matlab
1520,2018,2018_147,Matlab
1521,2018,2018_149,Matlab
1522,2018,2018_150,Matlab
1523,2018,2018_152,Matlab
1524,2018,2018_154,Matlab
1525,2018,2018_160,Matlab
1526,2018,2018_171,Matlab
1527,2018,2018_185,Matlab
1528,2018,2018_195,Matlab
1529,2018,2018_196,Matlab
1530,2018,2018_202,Matlab
1531,2018,2018_203,Matlab
1532,2018,2018_222,Matlab
1533,2018,2018_225,Matlab
1534,2018,2018_231,Matlab
1535,2018,2018_241,Matlab
1536,2018,2018_246,Matlab
1537,2018,2018_252,Matlab
1538,2018,2018_253,Matlab
1539,2018,2018_255,Matlab
1540,2018,2018_256,Matlab
1541,2018,2018_270,Matlab
1542,2018,2018_271,Matlab
1543,2018,2018_273,Matlab
1544,2018,2018_295,Matlab
1545,2018,2018_299,Matlab
1546,2018,2018_301,Matlab
1547,2018,2018_305,Matlab
1548,2018,2018_310,Matlab
1549,2018,2018_311,Matlab
1550,2018,2018_318,Matlab
1551,2018,2018_320,Matlab
1552,2018,2018_343,Matlab
1553,2018,2018_349,Matlab
1554,2018,2018_352,Matlab
1555,2018,2018_354,Matlab
1556,2018,2018_356,Matlab
1557,2018,2018_357,Matlab
1558,2018,2018_361,Matlab
1559,2018,2018_367,Matlab
1560,2018,2018_370,Matlab
1561,2018,2018_383,Matlab
1562,2018,2018_386,Matlab
1563,2018,2018_390,Matlab
1564,2018,2018_394,Matlab
1565,2018,2018_400,Matlab
1566,2018,2018_411,Matlab
1567,2018,2018_417,Matlab
1568,2018,2018_425,Matlab
1569,2018,2018_432,Matlab
1570,2018,2018_433,Matlab
1571,2018,2018_434,Matlab
1572,2018,2018_439,Matlab
1573,2018,2018_445,Matlab
1574,2018,2018_451,Matlab
1575,2018,2018_455,Matlab
1576,2018,2018_461,Matlab
1577,2018,2018_464,Matlab
1578,2018,2018_467,Matlab
1579,2018,2018_470,Matlab
1580,2018,2018_473,Matlab
1581,2018,2018_474,Matlab
1582,2018,2018_480,Matlab
1583,2018,2018_485,Matlab
1584,2018,2018_490,Matlab
1585,2018,2018_491,Matlab
1586,2018,2018_492,Matlab
1587,2018,2018_494,Matlab
1588,2018,2018_495,Matlab
1589,2018,2018_499,Matlab
1590,2018,2018_502,Matlab
1591,2018,2018_503,Matlab
1592,2018,2018_512,Matlab
1593,2018,2018_515,Matlab
1594,2018,2018_518,Matlab
1595,2018,2018_520,Matlab
1596,2018,2018_522,Matlab
1597,2018,2018_531,Matlab
1598,2018,2018_534,Matlab
1599,2018,2018_536,Matlab
1600,2018,2018_539,Matlab
1601,2018,2018_540,Matlab
1602,2018,2018_541,Matlab
1603,2018,2018_545,Matlab
1604,2018,2018_547,Matlab
1605,2018,2018_550,Matlab
1606,2018,2018_551,Matlab
1607,2018,2018_555,Matlab
1608,2018,2018_559,Matlab
1609,2018,2018_565,Matlab
1610,2018,2018_566,Matlab
1611,2018,2018_568,Matlab
1612,2018,2018_571,Matlab
1613,2018,2018_591,Matlab
1614,2018,2018_595,Matlab
1615,2018,2018_612,Matlab
1616,2018,2018_617,Matlab
1617,2018,2018_618,Matlab
1618,2018,2018_625,Matlab
1619,2018,2018_630,Matlab
1620,2018,2018_641,Matlab
1621,2018,2018_645,Matlab
1622,2018,2018_650,Matlab
1623,2018,2018_651,Matlab
1624,2018,2018_663,Matlab
1625,2018,2018_666,Matlab
1626,2018,2018_672,Matlab
1627,2018,2018_682,Matlab
1628,2018,2018_685,Matlab
1629,2018,2018_689,Matlab
1630,2018,2018_707,Matlab
1631,2018,2018_737,Matlab
1632,2018,2018_743,Matlab
1633,2018,2018_747,Matlab
1634,2018,2018_750,Matlab
1635,2018,2018_759,Matlab
1636,2018,2018_772,Matlab
1637,2018,2018_801,Matlab
1638,2018,2018_823,Matlab
1639,2018,2018_824,Matlab
1640,2018,2018_829,Matlab
1641,2018,2018_843,Matlab
1642,2018,2018_844,Matlab
1643,2018,2018_847,Matlab
1644,2018,2018_848,Matlab
1645,2018,2018_850,Matlab
1646,2018,2018_860,Matlab
1647,2018,2018_863,Matlab
1648,2018,2018_869,Matlab
1649,2018,2018_876,Matlab
1650,2018,2018_888,Matlab
1651,2018,2018_894,Matlab
1652,2018,2018_903,Matlab
1653,2018,2018_904,Matlab
1654,2018,2018_913,Matlab
1655,2018,2018_920,Matlab
1656,2018,2018_928,Matlab
1657,2018,2018_933,Matlab
1658,2018,2018_937,Matlab
1659,2018,2018_944,Matlab
1660,2018,2018_945,Matlab
1661,2018,2018_947,Matlab
1662,2018,2018_948,Matlab
1663,2018,2018_950,Matlab
1664,2018,2018_954,Matlab
1665,2018,2018_956,Matlab
1666,2018,2018_959,Matlab
1667,2018,2018_964,Matlab
1668,2018,2018_976,Matlab
1669,2018,2018_979,Matlab
1670,2018,2018_990,Matlab
1671,2018,2018_218,Objective-C
1672,2018,2018_321,Objective-C
1673,2018,2018_356,Objective-C
1674,2018,2018_556,Objective-C
1675,2018,2018_7,Perl
1676,2018,2018_22,Perl
1677,2018,2018_34,Perl
1678,2018,2018_45,Perl
1679,2018,2018_54,Perl
1680,2018,2018_86,Perl
1681,2018,2018_133,Perl
1682,2018,2018_135,Perl
1683,2018,2018_144,Perl
1684,2018,2018_145,Perl
1685,2018,2018_148,Perl
1686,2018,2018_149,Perl
1687,2018,2018_171,Perl
1688,2018,2018_188,Perl
1689,2018,2018_196,Perl
1690,2018,2018_201,Perl
1691,2018,2018_202,Perl
1692,2018,2018_212,Perl
1693,2018,2018_217,Perl
1694,2018,2018_228,Perl
1695,2018,2018_233,Perl
1696,2018,2018_235,Perl
1697,2018,2018_240,Perl
1698,2018,2018_254,Perl
1699,2018,2018_273,Perl
1700,2018,2018_280,Perl
1701,2018,2018_285,Perl
1702,2018,2018_288,Perl
1703,2018,2018_292,Perl
1704,2018,2018_293,Perl
1705,2018,2018_299,Perl
1706,2018,2018_330,Perl
1707,2018,2018_342,Perl
1708,2018,2018_367,Perl
1709,2018,2018_396,Perl
1710,2018,2018_401,Perl
1711,2018,2018_426,Perl
1712,2018,2018_458,Perl
1713,2018,2018_480,Perl
1714,2018,2018_481,Perl
1715,2018,2018_483,Perl
1716,2018,2018_501,Perl
1717,2018,2018_523,Perl
1718,2018,2018_529,Perl
1719,2018,2018_597,Perl
1720,2018,2018_602,Perl
1721,2018,2018_605,Perl
1722,2018,2018_651,Perl
1723,2018,2018_657,Perl
1724,2018,2018_668,Perl
1725,2018,2018_675,Perl
1726,2018,2018_681,Perl
1727,2018,2018_689,Perl
1728,2018,2018_692,Perl
1729,2018,2018_719,Perl
1730,2018,2018_722,Perl
1731,2018,2018_744,Perl
1732,2018,2018_747,Perl
1733,2018,2018_761,Perl
1734,2018,2018_764,Perl
1735,2018,2018_765,Perl
1736,2018,2018_770,Perl
1737,2018,2018_779,Perl
1738,2018,2018_793,Perl
1739,2018,2018_801,Perl
1740,2018,2018_807,Perl
1741,2018,2018_814,Perl
1742,2018,2018_817,Perl
1743,2018,2018_833,Perl
1744,2018,2018_834,Perl
1745,2018,2018_839,Perl
1746,2018,2018_845,Perl
1747,2018,2018_847,Perl
1748,2018,2018_850,Perl
1749,2018,2018_877,Perl
1750,2018,2018_878,Perl
1751,2018,2018_879,Perl
1752,2018,2018_882,Perl
1753,2018,2018_893,Perl
1754,2018,2018_927,Perl
1755,2018,2018_929,Perl
1756,2018,2018_936,Perl
1757,2018,2018_939,Perl
1758,2018,2018_949,Perl
1759,2018,2018_951,Perl
1760,2018,2018_964,Perl
1761,2018,2018_966,Perl
1762,2018,2018_969,Perl
1763,2018,2018_971,Perl
1764,2018,2018_987,Perl
1765,2018,2018_7,PHP
1766,2018,2018_21,PHP
1767,2018,2018_22,PHP
1768,2018,2018_34,PHP
1769,2018,2018_45,PHP
1770,2018,2018_66,PHP
1771,2018,2018_104,PHP
1772,2018,2018_108,PHP
1773,2018,2018_112,PHP
1774,2018,2018_122,PHP
1775,2018,2018_126,PHP
1776,2018,2018_129,PHP
1777,2018,2018_133,PHP
1778,2018,2018_134,PHP
1779,2018,2018_136,PHP
1780,2018,2018_145,PHP
1781,2018,2018_150,PHP
1782,2018,2018_156,PHP
1783,2018,2018_166,PHP
1784,2018,2018_171,PHP
1785,2018,2018_177,PHP
1786,2018,2018_212,PHP
1787,2018,2018_217,PHP
1788,2018,2018_222,PHP
1789,2018,2018_225,PHP
1790,2018,2018_228,PHP
1791,2018,2018_235,PHP
1792,2018,2018_240,PHP
1793,2018,2018_243,PHP
1794,2018,2018_250,PHP
1795,2018,2018_274,PHP
1796,2018,2018_280,PHP
1797,2018,2018_282,PHP
1798,2018,2018_371,PHP
1799,2018,2018_376,PHP
1800,2018,2018_379,PHP
1801,2018,2018_420,PHP
1802,2018,2018_421,PHP
1803,2018,2018_427,PHP
1804,2018,2018_442,PHP
1805,2018,2018_443,PHP
1806,2018,2018_445,PHP
1807,2018,2018_447,PHP
1808,2018,2018_453,PHP
1809,2018,2018_456,PHP
1810,2018,2018_460,PHP
1811,2018,2018_480,PHP
1812,2018,2018_481,PHP
1813,2018,2018_489,PHP
1814,2018,2018_498,PHP
1815,2018,2018_505,PHP
1816,2018,2018_509,PHP
1817,2018,2018_511,PHP
1818,2018,2018_527,PHP
1819,2018,2018_564,PHP
1820,2018,2018_567,PHP
1821,2018,2018_579,PHP
1822,2018,2018_592,PHP
1823,2018,2018_595,PHP
1824,2018,2018_610,PHP
1825,2018,2018_623,PHP
1826,2018,2018_647,PHP
1827,2018,2018_689,PHP
1828,2018,2018_723,PHP
1829,2018,2018_744,PHP
1830,2018,2018_761,PHP
1831,2018,2018_765,PHP
1832,2018,2018_772,PHP
1833,2018,2018_801,PHP
1834,2018,2018_850,PHP
1835,2018,2018_872,PHP
1836,2018,2018_882,PHP
1837,2018,2018_884,PHP
1838,2018,2018_891,PHP
1839,2018,2018_893,PHP
1840,2018,2018_901,PHP
1841,2018,2018_922,PHP
1842,2018,2018_930,PHP
1843,2018,2018_936,PHP
1844,2018,2018_939,PHP
1845,2018,2018_946,PHP
1846,2018,2018_962,PHP
1847,2018,2018_964,PHP
1848,2018,2018_983,PHP
1849,2018,2018_992,PHP
1850,2018,2018_0,Python
1851,2018,2018_1,Python
1852,2018,2018_2,Python
1853,2018,2018_3,Python
1854,2018,2018_6,Python
1855,2018,2018_10,Python
1856,2018,2018_13,Python
1857,2018,2018_14,Python
1858,2018,2018_16,Python
1859,2018,2018_17,Python
1860,2018,2018_18,Python
1861,2018,2018_20,Python
1862,2018,2018_21,Python
1863,2018,2018_22,Python
1864,2018,2018_23,Python
1865,2018,2018_24,Python
1866,2018,2018_25,Python
1867,2018,2018_26,Python
1868,2018,2018_27,Python
1869,2018,2018_28,Python
1870,2018,2018_29,Python
1871,2018,2018_33,Python
1872,2018,2018_35,Python
1873,2018,2018_36,Python
1874,2018,2018_37,Python
1875,2018,2018_38,Python
1876,2018,2018_39,Python
1877,2018,2018_40,Python
1878,2018,2018_42,Python
1879,2018,2018_43,Python
1880,2018,2018_45,Python
1881,2018,2018_46,Python
1882,2018,2018_47,Python
1883,2018,2018_48,Python
1884,2018,2018_49,Python
1885,2018,2018_50,Python
1886,2018,2018_51,Python
1887,2018,2018_52,Python
1888,2018,2018_53,Python
1889,2018,2018_55,Python
1890,2018,2018_57,Python
1891,2018,2018_58,Python
1892,2018,2018_59,Python
1893,2018,2018_60,Python
1894,2018,2018_61,Python
1895,2018,2018_62,Python
1896,2018,2018_63,Python
1897,2018,2018_64,Python
1898,2018,2018_66,Python
1899,2018,2018_67,Python
1900,2018,2018_68,Python
1901,2018,2018_70,Python
1902,2018,2018_71,Python
1903,2018,2018_72,Python
1904,2018,2018_73,Python
1905,2018,2018_74,Python
1906,2018,2018_75,Python
1907,2018,2018_76,Python
1908,2018,2018_77,Python
1909,2018,2018_78,Python
1910,2018,2018_79,Python
1911,2018,2018_80,Python
1912,2018,2018_81,Python
1913,2018,2018_82,Python
1914,2018,2018_83,Python
1915,2018,2018_85,Python
1916,2018,2018_86,Python
1917,2018,2018_88,Python
1918,2018,2018_90,Python
1919,2018,2018_92,Python
1920,2018,2018_94,Python
1921,2018,2018_97,Python
1922,2018,2018_98,Python
1923,2018,2018_100,Python
1924,2018,2018_101,Python
1925,2018,2018_103,Python
1926,2018,2018_105,Python
1927,2018,2018_106,Python
1928,2018,2018_107,Python
1929,2018,2018_108,Python
1930,2018,2018_110,Python
1931,2018,2018_111,Python
1932,2018,2018_114,Python
1933,2018,2018_115,Python
1934,2018,2018_116,Python
1935,2018,2018_117,Python
1936,2018,2018_121,Python
1937,2018,2018_122,Python
1938,2018,2018_125,Python
1939,2018,2018_126,Python
1940,2018,2018_127,Python
1941,2018,2018_128,Python
1942,2018,2018_129,Python
1943,2018,2018_130,Python
1944,2018,2018_131,Python
1945,2018,2018_132,Python
1946,2018,2018_133,Python
1947,2018,2018_134,Python
1948,2018,2018_135,Python
1949,2018,2018_136,Python
1950,2018,2018_137,Python
1951,2018,2018_138,Python
1952,2018,2018_140,Python
1953,2018,2018_142,Python
1954,2018,2018_143,Python
1955,2018,2018_144,Python
1956,2018,2018_145,Python
1957,2018,2018_146,Python
1958,2018,2018_147,Python
1959,2018,2018_148,Python
1960,2018,2018_149,Python
1961,2018,2018_150,Python
1962,2018,2018_153,Python
1963,2018,2018_154,Python
1964,2018,2018_155,Python
1965,2018,2018_156,Python
1966,2018,2018_158,Python
1967,2018,2018_159,Python
1968,2018,2018_160,Python
1969,2018,2018_161,Python
1970,2018,2018_162,Python
1971,2018,2018_163,Python
1972,2018,2018_164,Python
1973,2018,2018_165,Python
1974,2018,2018_166,Python
1975,2018,2018_167,Python
1976,2018,2018_168,Python
1977,2018,2018_169,Python
1978,2018,2018_172,Python
1979,2018,2018_173,Python
1980,2018,2018_174,Python
1981,2018,2018_175,Python
1982,2018,2018_176,Python
1983,2018,2018_177,Python
1984,2018,2018_178,Python
1985,2018,2018_179,Python
1986,2018,2018_180,Python
1987,2018,2018_182,Python
1988,2018,2018_183,Python
1989,2018,2018_184,Python
1990,2018,2018_185,Python
1991,2018,2018_186,Python
1992,2018,2018_187,Python
1993,2018,2018_188,Python
1994,2018,2018_189,Python
1995,2018,2018_194,Python
1996,2018,2018_196,Python
1997,2018,2018_198,Python
1998,2018,2018_199,Python
1999,2018,2018_201,Python
2000,2018,2018_203,Python
2001,2018,2018_204,Python
2002,2018,2018_205,Python
2003,2018,2018_206,Python
2004,2018,2018_207,Python
2005,2018,2018_208,Python
2006,2018,2018_209,Python
2007,2018,2018_210,Python
2008,2018,2018_212,Python
2009,2018,2018_213,Python
2010,2018,2018_215,Python
2011,2018,2018_216,Python
2012,2018,2018_217,Python
2013,2018,2018_218,Python
2014,2018,2018_219,Python
2015,2018,2018_222,Python
2016,2018,2018_223,Python
2017,2018,2018_224,Python
2018,2018,2018_225,Python
2019,2018,2018_226,Python
2020,2018,2018_227,Python
2021,2018,2018_228,Python
2022,2018,2018_230,Python
2023,2018,2018_232,Python
2024,2018,2018_233,Python
2025,2018,2018_234,Python
2026,2018,2018_235,Python
2027,2018,2018_236,Python
2028,2018,2018_238,Python
2029,2018,2018_239,Python
2030,2018,2018_240,Python
2031,2018,2018_242,Python
2032,2018,2018_243,Python
2033,2018,2018_244,Python
2034,2018,2018_245,Python
2035,2018,2018_246,Python
2036,2018,2018_248,Python
2037,2018,2018_249,Python
2038,2018,2018_250,Python
2039,2018,2018_252,Python
2040,2018,2018_253,Python
2041,2018,2018_254,Python
2042,2018,2018_255,Python
2043,2018,2018_256,Python
2044,2018,2018_257,Python
2045,2018,2018_258,Python
2046,2018,2018_260,Python
2047,2018,2018_264,Python
2048,2018,2018_265,Python
2049,2018,2018_266,Python
2050,2018,2018_268,Python
2051,2018,2018_269,Python
2052,2018,2018_270,Python
2053,2018,2018_271,Python
2054,2018,2018_273,Python
2055,2018,2018_274,Python
2056,2018,2018_275,Python
2057,2018,2018_276,Python
2058,2018,2018_279,Python
2059,2018,2018_280,Python
2060,2018,2018_281,Python
2061,2018,2018_282,Python
2062,2018,2018_283,Python
2063,2018,2018_287,Python
2064,2018,2018_288,Python
2065,2018,2018_289,Python
2066,2018,2018_290,Python
2067,2018,2018_291,Python
2068,2018,2018_293,Python
2069,2018,2018_294,Python
2070,2018,2018_295,Python
2071,2018,2018_296,Python
2072,2018,2018_297,Python
2073,2018,2018_298,Python
2074,2018,2018_299,Python
2075,2018,2018_301,Python
2076,2018,2018_302,Python
2077,2018,2018_303,Python
2078,2018,2018_304,Python
2079,2018,2018_305,Python
2080,2018,2018_306,Python
2081,2018,2018_307,Python
2082,2018,2018_308,Python
2083,2018,2018_310,Python
2084,2018,2018_311,Python
2085,2018,2018_312,Python
2086,2018,2018_314,Python
2087,2018,2018_316,Python
2088,2018,2018_318,Python
2089,2018,2018_319,Python
2090,2018,2018_320,Python
2091,2018,2018_321,Python
2092,2018,2018_322,Python
2093,2018,2018_323,Python
2094,2018,2018_324,Python
2095,2018,2018_325,Python
2096,2018,2018_326,Python
2097,2018,2018_327,Python
2098,2018,2018_328,Python
2099,2018,2018_329,Python
2100,2018,2018_331,Python
2101,2018,2018_332,Python
2102,2018,2018_333,Python
2103,2018,2018_335,Python
2104,2018,2018_336,Python
2105,2018,2018_339,Python
2106,2018,2018_340,Python
2107,2018,2018_341,Python
2108,2018,2018_342,Python
2109,2018,2018_343,Python
2110,2018,2018_344,Python
2111,2018,2018_345,Python
2112,2018,2018_348,Python
2113,2018,2018_349,Python
2114,2018,2018_351,Python
2115,2018,2018_352,Python
2116,2018,2018_353,Python
2117,2018,2018_354,Python
2118,2018,2018_356,Python
2119,2018,2018_357,Python
2120,2018,2018_359,Python
2121,2018,2018_360,Python
2122,2018,2018_361,Python
2123,2018,2018_362,Python
2124,2018,2018_366,Python
2125,2018,2018_367,Python
2126,2018,2018_368,Python
2127,2018,2018_371,Python
2128,2018,2018_374,Python
2129,2018,2018_375,Python
2130,2018,2018_376,Python
2131,2018,2018_377,Python
2132,2018,2018_378,Python
2133,2018,2018_381,Python
2134,2018,2018_384,Python
2135,2018,2018_385,Python
2136,2018,2018_386,Python
2137,2018,2018_387,Python
2138,2018,2018_388,Python
2139,2018,2018_390,Python
2140,2018,2018_391,Python
2141,2018,2018_392,Python
2142,2018,2018_393,Python
2143,2018,2018_394,Python
2144,2018,2018_397,Python
2145,2018,2018_398,Python
2146,2018,2018_399,Python
2147,2018,2018_400,Python
2148,2018,2018_401,Python
2149,2018,2018_407,Python
2150,2018,2018_409,Python
2151,2018,2018_410,Python
2152,2018,2018_411,Python
2153,2018,2018_412,Python
2154,2018,2018_413,Python
2155,2018,2018_415,Python
2156,2018,2018_417,Python
2157,2018,2018_419,Python
2158,2018,2018_420,Python
2159,2018,2018_421,Python
2160,2018,2018_422,Python
2161,2018,2018_423,Python
2162,2018,2018_424,Python
2163,2018,2018_427,Python
2164,2018,2018_428,Python
2165,2018,2018_431,Python
2166,2018,2018_433,Python
2167,2018,2018_434,Python
2168,2018,2018_435,Python
2169,2018,2018_436,Python
2170,2018,2018_437,Python
2171,2018,2018_438,Python
2172,2018,2018_439,Python
2173,2018,2018_440,Python
2174,2018,2018_441,Python
2175,2018,2018_442,Python
2176,2018,2018_443,Python
2177,2018,2018_444,Python
2178,2018,2018_445,Python
2179,2018,2018_447,Python
2180,2018,2018_451,Python
2181,2018,2018_452,Python
2182,2018,2018_453,Python
2183,2018,2018_454,Python
2184,2018,2018_455,Python
2185,2018,2018_456,Python
2186,2018,2018_457,Python
2187,2018,2018_458,Python
2188,2018,2018_461,Python
2189,2018,2018_462,Python
2190,2018,2018_463,Python
2191,2018,2018_467,Python
2192,2018,2018_468,Python
2193,2018,2018_470,Python
2194,2018,2018_473,Python
2195,2018,2018_475,Python
2196,2018,2018_476,Python
2197,2018,2018_479,Python
2198,2018,2018_480,Python
2199,2018,2018_481,Python
2200,2018,2018_482,Python
2201,2018,2018_484,Python
2202,2018,2018_485,Python
2203,2018,2018_487,Python
2204,2018,2018_489,Python
2205,2018,2018_490,Python
2206,2018,2018_491,Python
2207,2018,2018_492,Python
2208,2018,2018_493,Python
2209,2018,2018_494,Python
2210,2018,2018_495,Python
2211,2018,2018_496,Python
2212,2018,2018_497,Python
2213,2018,2018_499,Python
2214,2018,2018_500,Python
2215,2018,2018_502,Python
2216,2018,2018_503,Python
2217,2018,2018_505,Python
2218,2018,2018_508,Python
2219,2018,2018_511,Python
2220,2018,2018_512,Python
2221,2018,2018_513,Python
2222,2018,2018_515,Python
2223,2018,2018_516,Python
2224,2018,2018_517,Python
2225,2018,2018_518,Python
2226,2018,2018_519,Python
2227,2018,2018_521,Python
2228,2018,2018_522,Python
2229,2018,2018_525,Python
2230,2018,2018_526,Python
2231,2018,2018_527,Python
2232,2018,2018_529,Python
2233,2018,2018_530,Python
2234,2018,2018_531,Python
2235,2018,2018_532,Python
2236,2018,2018_534,Python
2237,2018,2018_535,Python
2238,2018,2018_536,Python
2239,2018,2018_538,Python
2240,2018,2018_540,Python
2241,2018,2018_541,Python
2242,2018,2018_542,Python
2243,2018,2018_543,Python
2244,2018,2018_544,Python
2245,2018,2018_546,Python
2246,2018,2018_549,Python
2247,2018,2018_550,Python
2248,2018,2018_553,Python
2249,2018,2018_554,Python
2250,2018,2018_555,Python
2251,2018,2018_557,Python
2252,2018,2018_560,Python
2253,2018,2018_561,Python
2254,2018,2018_563,Python
2255,2018,2018_565,Python
2256,2018,2018_566,Python
2257,2018,2018_567,Python
2258,2018,2018_573,Python
2259,2018,2018_574,Python
2260,2018,2018_575,Python
2261,2018,2018_577,Python
2262,2018,2018_578,Python
2263,2018,2018_579,Python
2264,2018,2018_580,Python
2265,2018,2018_582,Python
2266,2018,2018_585,Python
2267,2018,2018_588,Python
2268,2018,2018_590,Python
2269,2018,2018_592,Python
2270,2018,2018_595,Python
2271,2018,2018_598,Python
2272,2018,2018_599,Python
2273,2018,2018_603,Python
2274,2018,2018_604,Python
2275,2018,2018_605,Python
2276,2018,2018_608,Python
2277,2018,2018_609,Python
2278,2018,2018_610,Python
2279,2018,2018_611,Python
2280,2018,2018_612,Python
2281,2018,2018_614,Python
2282,2018,2018_615,Python
2283,2018,2018_617,Python
2284,2018,2018_619,Python
2285,2018,2018_620,Python
2286,2018,2018_621,Python
2287,2018,2018_622,Python
2288,2018,2018_623,Python
2289,2018,2018_624,Python
2290,2018,2018_625,Python
2291,2018,2018_629,Python
2292,2018,2018_631,Python
2293,2018,2018_632,Python
2294,2018,2018_633,Python
2295,2018,2018_634,Python
2296,2018,2018_635,Python
2297,2018,2018_636,Python
2298,2018,2018_638,Python
2299,2018,2018_639,Python
2300,2018,2018_641,Python
2301,2018,2018_642,Python
2302,2018,2018_643,Python
2303,2018,2018_644,Python
2304,2018,2018_646,Python
2305,2018,2018_647,Python
2306,2018,2018_648,Python
2307,2018,2018_650,Python
2308,2018,2018_651,Python
2309,2018,2018_652,Python
2310,2018,2018_654,Python
2311,2018,2018_655,Python
2312,2018,2018_656,Python
2313,2018,2018_657,Python
2314,2018,2018_659,Python
2315,2018,2018_660,Python
2316,2018,2018_661,Python
2317,2018,2018_662,Python
2318,2018,2018_663,Python
2319,2018,2018_665,Python
2320,2018,2018_666,Python
2321,2018,2018_668,Python
2322,2018,2018_670,Python
2323,2018,2018_672,Python
2324,2018,2018_673,Python
2325,2018,2018_677,Python
2326,2018,2018_678,Python
2327,2018,2018_680,Python
2328,2018,2018_681,Python
2329,2018,2018_682,Python
2330,2018,2018_683,Python
2331,2018,2018_684,Python
2332,2018,2018_685,Python
2333,2018,2018_686,Python
2334,2018,2018_687,Python
2335,2018,2018_688,Python
2336,2018,2018_689,Python
2337,2018,2018_691,Python
2338,2018,2018_693,Python
2339,2018,2018_695,Python
2340,2018,2018_696,Python
2341,2018,2018_697,Python
2342,2018,2018_698,Python
2343,2018,2018_699,Python
2344,2018,2018_701,Python
2345,2018,2018_702,Python
2346,2018,2018_704,Python
2347,2018,2018_708,Python
2348,2018,2018_709,Python
2349,2018,2018_710,Python
2350,2018,2018_712,Python
2351,2018,2018_714,Python
2352,2018,2018_718,Python
2353,2018,2018_722,Python
2354,2018,2018_723,Python
2355,2018,2018_724,Python
2356,2018,2018_728,Python
2357,2018,2018_731,Python
2358,2018,2018_733,Python
2359,2018,2018_734,Python
2360,2018,2018_735,Python
2361,2018,2018_736,Python
2362,2018,2018_737,Python
2363,2018,2018_738,Python
2364,2018,2018_739,Python
2365,2018,2018_740,Python
2366,2018,2018_741,Python
2367,2018,2018_742,Python
2368,2018,2018_743,Python
2369,2018,2018_744,Python
2370,2018,2018_745,Python
2371,2018,2018_746,Python
2372,2018,2018_747,Python
2373,2018,2018_748,Python
2374,2018,2018_750,Python
2375,2018,2018_751,Python
2376,2018,2018_752,Python
2377,2018,2018_753,Python
2378,2018,2018_754,Python
2379,2018,2018_757,Python
2380,2018,2018_758,Python
2381,2018,2018_759,Python
2382,2018,2018_760,Python
2383,2018,2018_761,Python
2384,2018,2018_762,Python
2385,2018,2018_763,Python
2386,2018,2018_764,Python
2387,2018,2018_765,Python
2388,2018,2018_766,Python
2389,2018,2018_768,Python
2390,2018,2018_769,Python
2391,2018,2018_771,Python
2392,2018,2018_773,Python
2393,2018,2018_777,Python
2394,2018,2018_778,Python
2395,2018,2018_779,Python
2396,2018,2018_780,Python
2397,2018,2018_781,Python
2398,2018,2018_782,Python
2399,2018,2018_783,Python
2400,2018,2018_785,Python
2401,2018,2018_786,Python
2402,2018,2018_787,Python
2403,2018,2018_788,Python
2404,2018,2018_789,Python
2405,2018,2018_790,Python
2406,2018,2018_791,Python
2407,2018,2018_792,Python
2408,2018,2018_793,Python
2409,2018,2018_794,Python
2410,2018,2018_796,Python
2411,2018,2018_797,Python
2412,2018,2018_798,Python
2413,2018,2018_800,Python
2414,2018,2018_801,Python
2415,2018,2018_802,Python
2416,2018,2018_803,Python
2417,2018,2018_805,Python
2418,2018,2018_806,Python
2419,2018,2018_808,Python
2420,2018,2018_809,Python
2421,2018,2018_810,Python
2422,2018,2018_811,Python
2423,2018,2018_813,Python
2424,2018,2018_814,Python
2425,2018,2018_815,Python
2426,2018,2018_818,Python
2427,2018,2018_819,Python
2428,2018,2018_820,Python
2429,2018,2018_821,Python
2430,2018,2018_822,Python
2431,2018,2018_823,Python
2432,2018,2018_824,Python
2433,2018,2018_825,Python
2434,2018,2018_826,Python
2435,2018,2018_829,Python
2436,2018,2018_830,Python
2437,2018,2018_833,Python
2438,2018,2018_834,Python
2439,2018,2018_835,Python
2440,2018,2018_837,Python
2441,2018,2018_838,Python
2442,2018,2018_839,Python
2443,2018,2018_841,Python
2444,2018,2018_843,Python
2445,2018,2018_844,Python
2446,2018,2018_845,Python
2447,2018,2018_847,Python
2448,2018,2018_848,Python
2449,2018,2018_849,Python
2450,2018,2018_850,Python
2451,2018,2018_851,Python
2452,2018,2018_853,Python
2453,2018,2018_854,Python
2454,2018,2018_855,Python
2455,2018,2018_857,Python
2456,2018,2018_859,Python
2457,2018,2018_860,Python
2458,2018,2018_862,Python
2459,2018,2018_863,Python
2460,2018,2018_866,Python
2461,2018,2018_867,Python
2462,2018,2018_869,Python
2463,2018,2018_871,Python
2464,2018,2018_872,Python
2465,2018,2018_873,Python
2466,2018,2018_874,Python
2467,2018,2018_875,Python
2468,2018,2018_876,Python
2469,2018,2018_877,Python
2470,2018,2018_879,Python
2471,2018,2018_880,Python
2472,2018,2018_881,Python
2473,2018,2018_882,Python
2474,2018,2018_883,Python
2475,2018,2018_884,Python
2476,2018,2018_885,Python
2477,2018,2018_886,Python
2478,2018,2018_887,Python
2479,2018,2018_888,Python
2480,2018,2018_889,Python
2481,2018,2018_892,Python
2482,2018,2018_893,Python
2483,2018,2018_895,Python
2484,2018,2018_896,Python
2485,2018,2018_898,Python
2486,2018,2018_899,Python
2487,2018,2018_900,Python
2488,2018,2018_901,Python
2489,2018,2018_903,Python
2490,2018,2018_904,Python
2491,2018,2018_905,Python
2492,2018,2018_907,Python
2493,2018,2018_908,Python
2494,2018,2018_909,Python
2495,2018,2018_910,Python
2496,2018,2018_911,Python
2497,2018,2018_913,Python
2498,2018,2018_914,Python
2499,2018,2018_915,Python
2500,2018,2018_916,Python
2501,2018,2018_919,Python
2502,2018,2018_921,Python
2503,2018,2018_922,Python
2504,2018,2018_925,Python
2505,2018,2018_927,Python
2506,2018,2018_929,Python
2507,2018,2018_930,Python
2508,2018,2018_934,Python
2509,2018,2018_936,Python
2510,2018,2018_937,Python
2511,2018,2018_938,Python
2512,2018,2018_939,Python
2513,2018,2018_942,Python
2514,2018,2018_943,Python
2515,2018,2018_944,Python
2516,2018,2018_946,Python
2517,2018,2018_947,Python
2518,2018,2018_948,Python
2519,2018,2018_949,Python
2520,2018,2018_950,Python
2521,2018,2018_951,Python
2522,2018,2018_954,Python
2523,2018,2018_955,Python
2524,2018,2018_958,Python
2525,2018,2018_959,Python
2526,2018,2018_960,Python
2527,2018,2018_961,Python
2528,2018,2018_962,Python
2529,2018,2018_964,Python
2530,2018,2018_965,Python
2531,2018,2018_967,Python
2532,2018,2018_968,Python
2533,2018,2018_969,Python
2534,2018,2018_970,Python
2535,2018,2018_971,Python
2536,2018,2018_972,Python
2537,2018,2018_973,Python
2538,2018,2018_975,Python
2539,2018,2018_976,Python
2540,2018,2018_978,Python
2541,2018,2018_979,Python
2542,2018,2018_980,Python
2543,2018,2018_982,Python
2544,2018,2018_983,Python
2545,2018,2018_984,Python
2546,2018,2018_985,Python
2547,2018,2018_986,Python
2548,2018,2018_990,Python
2549,2018,2018_991,Python
2550,2018,2018_992,Python
2551,2018,2018_993,Python
2552,2018,2018_994,Python
2553,2018,2018_996,Python
2554,2018,2018_1,R
2555,2018,2018_4,R
2556,2018,2018_6,R
2557,2018,2018_14,R
2558,2018,2018_17,R
2559,2018,2018_20,R
2560,2018,2018_21,R
2561,2018,2018_23,R
2562,2018,2018_25,R
2563,2018,2018_26,R
2564,2018,2018_28,R
2565,2018,2018_29,R
2566,2018,2018_30,R
2567,2018,2018_32,R
2568,2018,2018_33,R
2569,2018,2018_38,R
2570,2018,2018_40,R
2571,2018,2018_42,R
2572,2018,2018_45,R
2573,2018,2018_46,R
2574,2018,2018_50,R
2575,2018,2018_51,R
2576,2018,2018_52,R
2577,2018,2018_62,R
2578,2018,2018_64,R
2579,2018,2018_66,R
2580,2018,2018_67,R
2581,2018,2018_69,R
2582,2018,2018_70,R
2583,2018,2018_71,R
2584,2018,2018_72,R
2585,2018,2018_73,R
2586,2018,2018_75,R
2587,2018,2018_76,R
2588,2018,2018_77,R
2589,2018,2018_81,R
2590,2018,2018_83,R
2591,2018,2018_84,R
2592,2018,2018_85,R
2593,2018,2018_86,R
2594,2018,2018_87,R
2595,2018,2018_89,R
2596,2018,2018_90,R
2597,2018,2018_92,R
2598,2018,2018_93,R
2599,2018,2018_94,R
2600,2018,2018_95,R
2601,2018,2018_96,R
2602,2018,2018_97,R
2603,2018,2018_98,R
2604,2018,2018_101,R
2605,2018,2018_102,R
2606,2018,2018_103,R
2607,2018,2018_104,R
2608,2018,2018_107,R
2609,2018,2018_108,R
2610,2018,2018_110,R
2611,2018,2018_111,R
2612,2018,2018_115,R
2613,2018,2018_120,R
2614,2018,2018_121,R
2615,2018,2018_122,R
2616,2018,2018_126,R
2617,2018,2018_129,R
2618,2018,2018_130,R
2619,2018,2018_131,R
2620,2018,2018_133,R
2621,2018,2018_137,R
2622,2018,2018_138,R
2623,2018,2018_146,R
2624,2018,2018_150,R
2625,2018,2018_152,R
2626,2018,2018_165,R
2627,2018,2018_166,R
2628,2018,2018_172,R
2629,2018,2018_174,R
2630,2018,2018_176,R
2631,2018,2018_196,R
2632,2018,2018_201,R
2633,2018,2018_206,R
2634,2018,2018_212,R
2635,2018,2018_217,R
2636,2018,2018_218,R
2637,2018,2018_228,R
2638,2018,2018_233,R
2639,2018,2018_241,R
2640,2018,2018_248,R
2641,2018,2018_250,R
2642,2018,2018_251,R
2643,2018,2018_255,R
2644,2018,2018_259,R
2645,2018,2018_260,R
2646,2018,2018_261,R
2647,2018,2018_266,R
2648,2018,2018_271,R
2649,2018,2018_280,R
2650,2018,2018_291,R
2651,2018,2018_299,R
2652,2018,2018_301,R
2653,2018,2018_302,R
2654,2018,2018_307,R
2655,2018,2018_312,R
2656,2018,2018_314,R
2657,2018,2018_316,R
2658,2018,2018_318,R
2659,2018,2018_320,R
2660,2018,2018_324,R
2661,2018,2018_330,R
2662,2018,2018_333,R
2663,2018,2018_344,R
2664,2018,2018_345,R
2665,2018,2018_349,R
2666,2018,2018_352,R
2667,2018,2018_353,R
2668,2018,2018_356,R
2669,2018,2018_359,R
2670,2018,2018_360,R
2671,2018,2018_361,R
2672,2018,2018_362,R
2673,2018,2018_364,R
2674,2018,2018_367,R
2675,2018,2018_369,R
2676,2018,2018_375,R
2677,2018,2018_377,R
2678,2018,2018_380,R
2679,2018,2018_383,R
2680,2018,2018_384,R
2681,2018,2018_385,R
2682,2018,2018_386,R
2683,2018,2018_387,R
2684,2018,2018_391,R
2685,2018,2018_419,R
2686,2018,2018_426,R
2687,2018,2018_427,R
2688,2018,2018_434,R
2689,2018,2018_439,R
2690,2018,2018_441,R
2691,2018,2018_443,R
2692,2018,2018_444,R
2693,2018,2018_449,R
2694,2018,2018_454,R
2695,2018,2018_459,R
2696,2018,2018_460,R
2697,2018,2018_462,R
2698,2018,2018_472,R
2699,2018,2018_480,R
2700,2018,2018_483,R
2701,2018,2018_484,R
2702,2018,2018_487,R
2703,2018,2018_488,R
2704,2018,2018_489,R
2705,2018,2018_492,R
2706,2018,2018_498,R
2707,2018,2018_511,R
2708,2018,2018_517,R
2709,2018,2018_518,R
2710,2018,2018_519,R
2711,2018,2018_521,R
2712,2018,2018_523,R
2713,2018,2018_526,R
2714,2018,2018_527,R
2715,2018,2018_534,R
2716,2018,2018_542,R
2717,2018,2018_543,R
2718,2018,2018_551,R
2719,2018,2018_566,R
2720,2018,2018_575,R
2721,2018,2018_589,R
2722,2018,2018_590,R
2723,2018,2018_595,R
2724,2018,2018_596,R
2725,2018,2018_597,R
2726,2018,2018_599,R
2727,2018,2018_600,R
2728,2018,2018_601,R
2729,2018,2018_602,R
2730,2018,2018_603,R
2731,2018,2018_619,R
2732,2018,2018_623,R
2733,2018,2018_624,R
2734,2018,2018_628,R
2735,2018,2018_630,R
2736,2018,2018_634,R
2737,2018,2018_647,R
2738,2018,2018_650,R
2739,2018,2018_651,R
2740,2018,2018_652,R
2741,2018,2018_654,R
2742,2018,2018_656,R
2743,2018,2018_657,R
2744,2018,2018_665,R
2745,2018,2018_666,R
2746,2018,2018_667,R
2747,2018,2018_673,R
2748,2018,2018_686,R
2749,2018,2018_687,R
2750,2018,2018_689,R
2751,2018,2018_690,R
2752,2018,2018_696,R
2753,2018,2018_699,R
2754,2018,2018_708,R
2755,2018,2018_712,R
2756,2018,2018_713,R
2757,2018,2018_714,R
2758,2018,2018_717,R
2759,2018,2018_724,R
2760,2018,2018_729,R
2761,2018,2018_750,R
2762,2018,2018_764,R
2763,2018,2018_779,R
2764,2018,2018_780,R
2765,2018,2018_788,R
2766,2018,2018_791,R
2767,2018,2018_792,R
2768,2018,2018_794,R
2769,2018,2018_805,R
2770,2018,2018_808,R
2771,2018,2018_809,R
2772,2018,2018_810,R
2773,2018,2018_814,R
2774,2018,2018_815,R
2775,2018,2018_816,R
2776,2018,2018_823,R
2777,2018,2018_829,R
2778,2018,2018_834,R
2779,2018,2018_839,R
2780,2018,2018_845,R
2781,2018,2018_847,R
2782,2018,2018_850,R
2783,2018,2018_851,R
2784,2018,2018_855,R
2785,2018,2018_857,R
2786,2018,2018_858,R
2787,2018,2018_860,R
2788,2018,2018_863,R
2789,2018,2018_866,R
2790,2018,2018_870,R
2791,2018,2018_872,R
2792,2018,2018_873,R
2793,2018,2018_874,R
2794,2018,2018_878,R
2795,2018,2018_883,R
2796,2018,2018_888,R
2797,2018,2018_896,R
2798,2018,2018_898,R
2799,2018,2018_907,R
2800,2018,2018_910,R
2801,2018,2018_913,R
2802,2018,2018_923,R
2803,2018,2018_925,R
2804,2018,2018_927,R
2805,2018,2018_933,R
2806,2018,2018_936,R
2807,2018,2018_938,R
2808,2018,2018_939,R
2809,2018,2018_940,R
2810,2018,2018_944,R
2811,2018,2018_949,R
2812,2018,2018_955,R
2813,2018,2018_958,R
2814,2018,2018_961,R
2815,2018,2018_964,R
2816,2018,2018_971,R
2817,2018,2018_973,R
2818,2018,2018_978,R
2819,2018,2018_983,R
2820,2018,2018_986,R
2821,2018,2018_992,R
2822,2018,2018_4,Ruby
2823,2018,2018_45,Ruby
2824,2018,2018_60,Ruby
2825,2018,2018_63,Ruby
2826,2018,2018_110,Ruby
2827,2018,2018_139,Ruby
2828,2018,2018_156,Ruby
2829,2018,2018_172,Ruby
2830,2018,2018_218,Ruby
2831,2018,2018_264,Ruby
2832,2018,2018_275,Ruby
2833,2018,2018_309,Ruby
2834,2018,2018_342,Ruby
2835,2018,2018_567,Ruby
2836,2018,2018_634,Ruby
2837,2018,2018_714,Ruby
2838,2018,2018_723,Ruby
2839,2018,2018_765,Ruby
2840,2018,2018_784,Ruby
2841,2018,2018_789,Ruby
2842,2018,2018_796,Ruby
2843,2018,2018_855,Ruby
2844,2018,2018_912,Ruby
2845,2018,2018_927,Ruby
2846,2018,2018_939,Ruby
2847,2018,2018_942,Ruby
2848,2018,2018_978,Ruby
2849,2018,2018_987,Ruby
2850,2018,2018_990,Ruby
2851,2018,2018_23,Rust
2852,2018,2018_215,Rust
2853,2018,2018_292,Rust
2854,2018,2018_349,Rust
2855,2018,2018_356,Rust
2856,2018,2018_372,Rust
2857,2018,2018_391,Rust
2858,2018,2018_413,Rust
2859,2018,2018_517,Rust
2860,2018,2018_542,Rust
2861,2018,2018_609,Rust
2862,2018,2018_631,Rust
2863,2018,2018_633,Rust
2864,2018,2018_696,Rust
2865,2018,2018_733,Rust
2866,2018,2018_746,Rust
2867,2018,2018_845,Rust
2868,2018,2018_966,Rust
2869,2018,2018_26,Scala
2870,2018,2018_53,Scala
2871,2018,2018_59,Scala
2872,2018,2018_211,Scala
2873,2018,2018_280,Scala
2874,2018,2018_321,Scala
2875,2018,2018_381,Scala
2876,2018,2018_449,Scala
2877,2018,2018_513,Scala
2878,2018,2018_544,Scala
2879,2018,2018_545,Scala
2880,2018,2018_600,Scala
2881,2018,2018_650,Scala
2882,2018,2018_701,Scala
2883,2018,2018_871,Scala
2884,2018,2018_965,Scala
2885,2018,2018_0,SQL
2886,2018,2018_4,SQL
2887,2018,2018_5,SQL
2888,2018,2018_6,SQL
2889,2018,2018_7,SQL
2890,2018,2018_13,SQL
2891,2018,2018_20,SQL
2892,2018,2018_21,SQL
2893,2018,2018_22,SQL
2894,2018,2018_23,SQL
2895,2018,2018_26,SQL
2896,2018,2018_29,SQL
2897,2018,2018_30,SQL
2898,2018,2018_33,SQL
2899,2018,2018_34,SQL
2900,2018,2018_35,SQL
2901,2018,2018_36,SQL
2902,2018,2018_38,SQL
2903,2018,2018_42,SQL
2904,2018,2018_45,SQL
2905,2018,2018_51,SQL
2906,2018,2018_52,SQL
2907,2018,2018_54,SQL
2908,2018,2018_55,SQL
2909,2018,2018_59,SQL
2910,2018,2018_64,SQL
2911,2018,2018_66,SQL
2912,2018,2018_67,SQL
2913,2018,2018_70,SQL
2914,2018,2018_71,SQL
2915,2018,2018_72,SQL
2916,2018,2018_73,SQL
2917,2018,2018_74,SQL
2918,2018,2018_76,SQL
2919,2018,2018_79,SQL
2920,2018,2018_81,SQL
2921,2018,2018_84,SQL
2922,2018,2018_86,SQL
2923,2018,2018_88,SQL
2924,2018,2018_93,SQL
2925,2018,2018_94,SQL
2926,2018,2018_95,SQL
2927,2018,2018_104,SQL
2928,2018,2018_105,SQL
2929,2018,2018_106,SQL
2930,2018,2018_107,SQL
2931,2018,2018_109,SQL
2932,2018,2018_111,SQL
2933,2018,2018_115,SQL
2934,2018,2018_120,SQL
2935,2018,2018_122,SQL
2936,2018,2018_126,SQL
2937,2018,2018_129,SQL
2938,2018,2018_135,SQL
2939,2018,2018_136,SQL
2940,2018,2018_137,SQL
2941,2018,2018_145,SQL
2942,2018,2018_146,SQL
2943,2018,2018_148,SQL
2944,2018,2018_149,SQL
2945,2018,2018_155,SQL
2946,2018,2018_156,SQL
2947,2018,2018_160,SQL
2948,2018,2018_166,SQL
2949,2018,2018_169,SQL
2950,2018,2018_171,SQL
2951,2018,2018_174,SQL
2952,2018,2018_192,SQL
2953,2018,2018_196,SQL
2954,2018,2018_201,SQL
2955,2018,2018_205,SQL
2956,2018,2018_209,SQL
2957,2018,2018_212,SQL
2958,2018,2018_217,SQL
2959,2018,2018_218,SQL
2960,2018,2018_222,SQL
2961,2018,2018_225,SQL
2962,2018,2018_227,SQL
2963,2018,2018_228,SQL
2964,2018,2018_230,SQL
2965,2018,2018_234,SQL
2966,2018,2018_235,SQL
2967,2018,2018_240,SQL
2968,2018,2018_241,SQL
2969,2018,2018_255,SQL
2970,2018,2018_259,SQL
2971,2018,2018_266,SQL
2972,2018,2018_274,SQL
2973,2018,2018_280,SQL
2974,2018,2018_282,SQL
2975,2018,2018_285,SQL
2976,2018,2018_294,SQL
2977,2018,2018_299,SQL
2978,2018,2018_300,SQL
2979,2018,2018_304,SQL
2980,2018,2018_305,SQL
2981,2018,2018_309,SQL
2982,2018,2018_312,SQL
2983,2018,2018_316,SQL
2984,2018,2018_320,SQL
2985,2018,2018_321,SQL
2986,2018,2018_323,SQL
2987,2018,2018_326,SQL
2988,2018,2018_328,SQL
2989,2018,2018_330,SQL
2990,2018,2018_331,SQL
2991,2018,2018_333,SQL
2992,2018,2018_336,SQL
2993,2018,2018_344,SQL
2994,2018,2018_353,SQL
2995,2018,2018_361,SQL
2996,2018,2018_362,SQL
2997,2018,2018_367,SQL
2998,2018,2018_371,SQL
2999,2018,2018_376,SQL
3000,2018,2018_379,SQL
3001,2018,2018_386,SQL
3002,2018,2018_391,SQL
3003,2018,2018_401,SQL
3004,2018,2018_409,SQL
3005,2018,2018_420,SQL
3006,2018,2018_426,SQL
3007,2018,2018_427,SQL
3008,2018,2018_434,SQL
3009,2018,2018_436,SQL
3010,2018,2018_437,SQL
3011,2018,2018_441,SQL
3012,2018,2018_442,SQL
3013,2018,2018_443,SQL
3014,2018,2018_445,SQL
3015,2018,2018_447,SQL
3016,2018,2018_452,SQL
3017,2018,2018_453,SQL
3018,2018,2018_458,SQL
3019,2018,2018_459,SQL
3020,2018,2018_460,SQL
3021,2018,2018_472,SQL
3022,2018,2018_480,SQL
3023,2018,2018_483,SQL
3024,2018,2018_484,SQL
3025,2018,2018_498,SQL
3026,2018,2018_503,SQL
3027,2018,2018_505,SQL
3028,2018,2018_509,SQL
3029,2018,2018_511,SQL
3030,2018,2018_512,SQL
3031,2018,2018_516,SQL
3032,2018,2018_525,SQL
3033,2018,2018_529,SQL
3034,2018,2018_542,SQL
3035,2018,2018_544,SQL
3036,2018,2018_550,SQL
3037,2018,2018_551,SQL
3038,2018,2018_554,SQL
3039,2018,2018_562,SQL
3040,2018,2018_567,SQL
3041,2018,2018_571,SQL
3042,2018,2018_574,SQL
3043,2018,2018_579,SQL
3044,2018,2018_584,SQL
3045,2018,2018_592,SQL
3046,2018,2018_595,SQL
3047,2018,2018_597,SQL
3048,2018,2018_600,SQL
3049,2018,2018_602,SQL
3050,2018,2018_610,SQL
3051,2018,2018_614,SQL
3052,2018,2018_615,SQL
3053,2018,2018_618,SQL
3054,2018,2018_619,SQL
3055,2018,2018_623,SQL
3056,2018,2018_634,SQL
3057,2018,2018_638,SQL
3058,2018,2018_646,SQL
3059,2018,2018_647,SQL
3060,2018,2018_650,SQL
3061,2018,2018_652,SQL
3062,2018,2018_655,SQL
3063,2018,2018_663,SQL
3064,2018,2018_667,SQL
3065,2018,2018_668,SQL
3066,2018,2018_687,SQL
3067,2018,2018_689,SQL
3068,2018,2018_695,SQL
3069,2018,2018_696,SQL
3070,2018,2018_702,SQL
3071,2018,2018_710,SQL
3072,2018,2018_714,SQL
3073,2018,2018_723,SQL
3074,2018,2018_724,SQL
3075,2018,2018_725,SQL
3076,2018,2018_737,SQL
3077,2018,2018_739,SQL
3078,2018,2018_744,SQL
3079,2018,2018_747,SQL
3080,2018,2018_755,SQL
3081,2018,2018_759,SQL
3082,2018,2018_761,SQL
3083,2018,2018_764,SQL
3084,2018,2018_765,SQL
3085,2018,2018_772,SQL
3086,2018,2018_779,SQL
3087,2018,2018_782,SQL
3088,2018,2018_783,SQL
3089,2018,2018_787,SQL
3090,2018,2018_791,SQL
3091,2018,2018_792,SQL
3092,2018,2018_797,SQL
3093,2018,2018_801,SQL
3094,2018,2018_805,SQL
3095,2018,2018_806,SQL
3096,2018,2018_808,SQL
3097,2018,2018_810,SQL
3098,2018,2018_814,SQL
3099,2018,2018_821,SQL
3100,2018,2018_829,SQL
3101,2018,2018_844,SQL
3102,2018,2018_845,SQL
3103,2018,2018_847,SQL
3104,2018,2018_848,SQL
3105,2018,2018_850,SQL
3106,2018,2018_860,SQL
3107,2018,2018_867,SQL
3108,2018,2018_869,SQL
3109,2018,2018_872,SQL
3110,2018,2018_874,SQL
3111,2018,2018_875,SQL
3112,2018,2018_877,SQL
3113,2018,2018_878,SQL
3114,2018,2018_879,SQL
3115,2018,2018_881,SQL
3116,2018,2018_882,SQL
3117,2018,2018_883,SQL
3118,2018,2018_884,SQL
3119,2018,2018_891,SQL
3120,2018,2018_893,SQL
3121,2018,2018_898,SQL
3122,2018,2018_905,SQL
3123,2018,2018_907,SQL
3124,2018,2018_910,SQL
3125,2018,2018_911,SQL
3126,2018,2018_916,SQL
3127,2018,2018_922,SQL
3128,2018,2018_923,SQL
3129,2018,2018_927,SQL
3130,2018,2018_928,SQL
3131,2018,2018_929,SQL
3132,2018,2018_936,SQL
3133,2018,2018_939,SQL
3134,2018,2018_946,SQL
3135,2018,2018_949,SQL
3136,2018,2018_951,SQL
3137,2018,2018_952,SQL
3138,2018,2018_958,SQL
3139,2018,2018_961,SQL
3140,2018,2018_962,SQL
3141,2018,2018_964,SQL
3142,2018,2018_969,SQL
3143,2018,2018_972,SQL
3144,2018,2018_983,SQL
3145,2018,2018_984,SQL
3146,2018,2018_986,SQL
3147,2018,2018_990,SQL
3148,2018,2018_991,SQL
3149,2018,2018_992,SQL
3150,2018,2018_994,SQL
3151,2018,2018_11,Swift
3152,2018,2018_556,Swift
3153,2018,2018_793,Swift
3154,2018,2018_904,Swift
3155,2018,2018_911,Swift
3156,2018,2018_121,TypeScript
3157,2018,2018_174,TypeScript
3158,2018,2018_230,TypeScript
3159,2018,2018_240,TypeScript
3160,2018,2018_245,TypeScript
3161,2018,2018_292,TypeScript
3162,2018,2018_325,TypeScript
3163,2018,2018_344,TypeScript
3164,2018,2018_361,TypeScript
3165,2018,2018_372,TypeScript
3166,2018,2018_379,TypeScript
3167,2018,2018_391,TypeScript
3168,2018,2018_415,TypeScript
3169,2018,2018_443,TypeScript
3170,2018,2018_481,TypeScript
3171,2018,2018_527,TypeScript
3172,2018,2018_592,TypeScript
3173,2018,2018_607,TypeScript
3174,2018,2018_609,TypeScript
3175,2018,2018_614,TypeScript
3176,2018,2018_618,TypeScript
3177,2018,2018_634,TypeScript
3178,2018,2018_655,TypeScript
3179,2018,2018_697,TypeScript
3180,2018,2018_723,TypeScript
3181,2018,2018_844,TypeScript
3182,2018,2018_854,TypeScript
3183,2018,2018_866,TypeScript
3184,2018,2018_882,TypeScript
3185,2018,2018_904,TypeScript
3186,2018,2018_922,TypeScript
3187,2018,2018_962,TypeScript
3188,2018,2018_5,
3189,2018,2018_126,
3190,2018,2018_426,
3191,2018,2018_512,
3192,2018,2018_551,
3193,2018,2018_844,
3194,2018,2018_867,
3195,2018,2018_878,
3196,2018,2018_961,
3197,2018,2018_5,VBA
3198,2018,2018_33,VBA
3199,2018,2018_66,VBA
3200,2018,2018_81,VBA
3201,2018,2018_126,VBA
3202,2018,2018_310,VBA
3203,2018,2018_356,VBA
3204,2018,2018_364,VBA
3205,2018,2018_458,VBA
3206,2018,2018_483,VBA
3207,2018,2018_512,VBA
3208,2018,2018_532,VBA
3209,2018,2018_547,VBA
3210,2018,2018_557,VBA
3211,2018,2018_600,VBA
3212,2018,2018_602,VBA
3213,2018,2018_612,VBA
3214,2018,2018_621,VBA
3215,2018,2018_765,VBA
3216,2018,2018_843,VBA
3217,2018,2018_844,VBA
3218,2018,2018_863,VBA
3219,2018,2018_872,VBA
3220,2018,2018_878,VBA
3221,2018,2018_916,VBA
3222,2018,2018_947,VBA
3223,2018,2018_961,VBA
3224,2018,2018_117,Visual Basic
3225,2018,2018_126,Visual Basic
3226,2018,2018_133,Visual Basic
3227,2018,2018_356,Visual Basic
3228,2018,2018_426,Visual Basic
3229,2018,2018_447,Visual Basic
3230,2018,2018_470,Visual Basic
3231,2018,2018_532,Visual Basic
3232,2018,2018_551,Visual Basic
3233,2018,2018_614,Visual Basic
3234,2018,2018_689,Visual Basic
3235,2018,2018_917,Visual Basic
3236,2018,2018_937,Visual Basic
