,Year_0,row_id,proj6zaf_0
0,2018,2018_0,github
1,2018,2018_0,gitlab
2,2018,2018_1,github
3,2018,2018_1,bitbucket
6,2018,2018_4,github
7,2018,2018_5,gitlab
8,2018,2018_5,bitbucket
10,2018,2018_7,bitbucket
11,2018,2018_7,google drive
14,2018,2018_10,github
15,2018,2018_11,github
16,2018,2018_11,gitlab
17,2018,2018_11,bitbucket
18,2018,2018_11,slack
19,2018,2018_11,trello
20,2018,2018_12,github
21,2018,2018_13,gitlab
22,2018,2018_14,github
23,2018,2018_14,gitlab
24,2018,2018_15,github
25,2018,2018_16,github
26,2018,2018_16,travisci
27,2018,2018_16,appveyor
28,2018,2018_16,email
29,2018,2018_16,readthedocs
30,2018,2018_17,github
31,2018,2018_18,github
33,2018,2018_20,github
34,2018,2018_20,bitbucket
35,2018,2018_21,jira
36,2018,2018_21,stash 
37,2018,2018_21,or bitbucket for enterprise
39,2018,2018_21,bitbucket
40,2018,2018_21,github
43,2018,2018_23,bitbucket 
46,2018,2018_23,github
47,2018,2018_24,github
48,2018,2018_24,bitbucket
49,2018,2018_25,github
50,2018,2018_26,github
51,2018,2018_27,bitbucket
52,2018,2018_27,jira micromanagement suite
53,2018,2018_28,github
54,2018,2018_29,github
55,2018,2018_29,trello
56,2018,2018_29,gitlab
57,2018,2018_30,bitbucket
58,2018,2018_30,github
59,2018,2018_30,gitlab
63,2018,2018_34,github
64,2018,2018_35,gitlab
65,2018,2018_35,github
66,2018,2018_36,github
67,2018,2018_36,jira
68,2018,2018_36,confluence
69,2018,2018_37,gitlab
70,2018,2018_37,github
71,2018,2018_38,github
72,2018,2018_38,gitlab
73,2018,2018_39,github
74,2018,2018_39,university installation of gitlab
76,2018,2018_41,github
77,2018,2018_41,travis
78,2018,2018_42,jira
79,2018,2018_42,confluence
80,2018,2018_42,bitbucket
81,2018,2018_42,github
82,2018,2018_42,sharepoint
83,2018,2018_43,bitbucket
87,2018,2018_47,github
88,2018,2018_47,slack
91,2018,2018_50,github
94,2018,2018_52,github
95,2018,2018_52,gitlab
96,2018,2018_52,cran
97,2018,2018_52,bioconductor
98,2018,2018_52,ctan
101,2018,2018_55,github
102,2018,2018_55,slack
103,2018,2018_55,floobits
107,2018,2018_58,github
108,2018,2018_58,indico
109,2018,2018_58,zenhub
110,2018,2018_58,redmine
112,2018,2018_59,bitbucket
113,2018,2018_60,github
114,2018,2018_60,gitlab
115,2018,2018_61,github
116,2018,2018_62,github
117,2018,2018_62,gitlab
118,2018,2018_62,slack
119,2018,2018_63,github
120,2018,2018_63,slack
121,2018,2018_63,discourse
124,2018,2018_66,github
125,2018,2018_67,github
126,2018,2018_67,bitbucket
127,2018,2018_67,collaboratory
131,2018,2018_71,bitbucket
132,2018,2018_71,github
133,2018,2018_71,eclipse
134,2018,2018_72,gitlab
135,2018,2018_73,github
136,2018,2018_73,enterprise jira
137,2018,2018_73,bitbucket
138,2018,2018_73,confluence
139,2018,2018_73,bitbucket cloud
142,2018,2018_76,jira
143,2018,2018_76,confluence
144,2018,2018_76,bitbucket
145,2018,2018_76,github
146,2018,2018_76,sourceforge
147,2018,2018_77,github mainly
148,2018,2018_77,also bitbucket
149,2018,2018_77,gitlab
150,2018,2018_78,bitbucket
151,2018,2018_78,github
152,2018,2018_78,anaconda
153,2018,2018_78,pypi
154,2018,2018_79,gitlab for internal software
157,2018,2018_81,bitbucket
158,2018,2018_81,jira
159,2018,2018_82,github
160,2018,2018_82,bitbucket
161,2018,2018_83,github
162,2018,2018_83,slack
163,2018,2018_84,github
164,2018,2018_85,github
165,2018,2018_85,stack overflow
166,2018,2018_85,slack
168,2018,2018_87,github
170,2018,2018_89,github
171,2018,2018_90,github
173,2018,2018_92,github/gitlab
174,2018,2018_93,github
175,2018,2018_93,bitbucket
176,2018,2018_93,overleaf
177,2018,2018_93,dropbox
178,2018,2018_93,google drive
179,2018,2018_94,github
180,2018,2018_94,bitbucket
182,2018,2018_96,github
183,2018,2018_96,bitbucket
184,2018,2018_96,cran
185,2018,2018_96,bioconductor
186,2018,2018_97,github
187,2018,2018_98,github
188,2018,2018_99,github
189,2018,2018_100,gitlab github
190,2018,2018_101,github
191,2018,2018_101,slack
192,2018,2018_101,gitter for communication
193,2018,2018_102,github
194,2018,2018_103,bitbucket
195,2018,2018_103,slack
196,2018,2018_103,github
200,2018,2018_107,docker git
202,2018,2018_109,outlook
203,2018,2018_109,slack
204,2018,2018_109,confluence
205,2018,2018_109,google docs
206,2018,2018_109,onedrive
207,2018,2018_110,sharedlatex
208,2018,2018_110,teamviewer
209,2018,2018_111,github
210,2018,2018_112,github
212,2018,2018_114,github
213,2018,2018_114,bitbucket
214,2018,2018_115,github
215,2018,2018_115,bitbucket
216,2018,2018_116,github
217,2018,2018_117,github
218,2018,2018_117,bitbucket
220,2018,2018_119,github
221,2018,2018_119,waffle
222,2018,2018_119,redmond
223,2018,2018_119,jira
224,2018,2018_119,gitlab
226,2018,2018_120,gitlab
227,2018,2018_121,github
228,2018,2018_121,bitbucket
230,2018,2018_121,google docs
231,2018,2018_121,slack
232,2018,2018_121,travisci
233,2018,2018_121,dockerhub
234,2018,2018_121,anaconda cloud
235,2018,2018_122,gitlab
236,2018,2018_122,github
238,2018,2018_124,github
239,2018,2018_125,github
240,2018,2018_125,gitlab
242,2018,2018_127,github
243,2018,2018_127,gitlab
244,2018,2018_128,github
245,2018,2018_128,gitlab
246,2018,2018_129,gitlab
247,2018,2018_129,github
248,2018,2018_129,jira
249,2018,2018_129,redmine
250,2018,2018_129,dokuwiki
251,2018,2018_129,etherpads
252,2018,2018_130,github
253,2018,2018_130,bitbucket
255,2018,2018_131,github
257,2018,2018_131,university gitlab instance
258,2018,2018_131,trello
259,2018,2018_131,slack
262,2018,2018_133,github gitlab
263,2018,2018_134,github
264,2018,2018_134,bitbucket
265,2018,2018_134,asana
266,2018,2018_134,google docs
267,2018,2018_134,pivotal tracker
268,2018,2018_135,github
269,2018,2018_135,bitbucket
270,2018,2018_136,bitbucket
271,2018,2018_136,github
272,2018,2018_136,basecamp
273,2018,2018_136,jira
274,2018,2018_136,google docs
275,2018,2018_136,slack
276,2018,2018_136,office 365
278,2018,2018_137,github
279,2018,2018_138,github
280,2018,2018_139,github
281,2018,2018_140,bitbucket
282,2018,2018_140,github
284,2018,2018_142,github
285,2018,2018_142,bitbucket
286,2018,2018_142,assembla
289,2018,2018_145,slack
290,2018,2018_145,github
291,2018,2018_145,bitbucket
292,2018,2018_145,jira
293,2018,2018_146,github
294,2018,2018_146,trello
295,2018,2018_146,confluence
296,2018,2018_146,bluejeans
297,2018,2018_146,travis
299,2018,2018_148,gitlab
305,2018,2018_154,github
306,2018,2018_154,bitbucket
307,2018,2018_154,slack
308,2018,2018_155,github
309,2018,2018_155,wikis
310,2018,2018_156,activecollab
311,2018,2018_156,google drive
312,2018,2018_156,github
314,2018,2018_158,bitbucket
315,2018,2018_158,github
317,2018,2018_160,slack
318,2018,2018_160,travisci
319,2018,2018_160,jira
320,2018,2018_160,confluence
321,2018,2018_160,visimeet
322,2018,2018_160,google docs
323,2018,2018_160,trello
326,2018,2018_162,slack
327,2018,2018_162,trello
328,2018,2018_162,github
329,2018,2018_163,github
330,2018,2018_164,gitlab
331,2018,2018_164,github
332,2018,2018_164,slack
333,2018,2018_165,gitter
334,2018,2018_165,github
335,2018,2018_166,gitlab
336,2018,2018_167,github
337,2018,2018_168,slack
339,2018,2018_170,github
341,2018,2018_172,github
342,2018,2018_172,cerns gitlab
343,2018,2018_173,github
344,2018,2018_173,azure devops
345,2018,2018_174,github
346,2018,2018_175,github
347,2018,2018_175,gitlab
348,2018,2018_176,github
349,2018,2018_176,github pages
351,2018,2018_178,github
352,2018,2018_178,bitbucket
353,2018,2018_179,teams
354,2018,2018_179,github
355,2018,2018_179,azure devops / vsts
357,2018,2018_181,gitlab
358,2018,2018_181,github
359,2018,2018_182,gitlab
360,2018,2018_183,stack exchange
361,2018,2018_184,github
362,2018,2018_184,bitbucket
363,2018,2018_185,gitlab
364,2018,2018_186,wiki
365,2018,2018_187,github
366,2018,2018_187,jira
367,2018,2018_187,confluence
368,2018,2018_188,pycharm
369,2018,2018_188,google docs
370,2018,2018_188,sharelatex
371,2018,2018_188,pynn
372,2018,2018_189,bitbucket
373,2018,2018_189,github
374,2018,2018_189,travis
375,2018,2018_189,slack
378,2018,2018_192,github
379,2018,2018_192,twiki
381,2018,2018_194,github
383,2018,2018_196,github
384,2018,2018_196,gitlab
385,2018,2018_196,bitbucket
386,2018,2018_196,overleaf
389,2018,2018_199,slack
390,2018,2018_199,google docs
391,2018,2018_199,google hangout
392,2018,2018_199,github
393,2018,2018_199,bitbucket
394,2018,2018_200,gitlab
395,2018,2018_201,github
396,2018,2018_202,google docs
397,2018,2018_203,github
398,2018,2018_204,slack
399,2018,2018_204,gsuite
400,2018,2018_204,activcollab
401,2018,2018_204,github
402,2018,2018_205,bitbucket
403,2018,2018_205,github
405,2018,2018_207,bitbucket
406,2018,2018_208,slack
407,2018,2018_208,trello
411,2018,2018_212,github
412,2018,2018_212,trello
413,2018,2018_212,jira
414,2018,2018_213,github
415,2018,2018_213,gitlab
416,2018,2018_213,bitbucket
417,2018,2018_214,github
418,2018,2018_215,github
419,2018,2018_215,gitlab
420,2018,2018_216,jira
421,2018,2018_217,slack
422,2018,2018_218,github
423,2018,2018_218,slack
424,2018,2018_219,github
425,2018,2018_219,trello slack
426,2018,2018_219,bitbucket
427,2018,2018_219,hipchat
428,2018,2018_219,jira
431,2018,2018_222,slack
432,2018,2018_222,trello
433,2018,2018_222,bitbucket
435,2018,2018_224,github
436,2018,2018_224,bitbucket
437,2018,2018_224,gitlab
439,2018,2018_226,github
440,2018,2018_226,gitlab
441,2018,2018_226, altassian confluence
442,2018,2018_226, jisc vscene
443,2018,2018_226,blackboard collaborate
444,2018,2018_226,google hangouts
445,2018,2018_227,slack
446,2018,2018_227,github
447,2018,2018_227,trello
448,2018,2018_227,glasscubes
449,2018,2018_227,google docs
450,2018,2018_228,github
452,2018,2018_230,github
453,2018,2018_230,bitbucket
454,2018,2018_231,asana
455,2018,2018_231,skype
457,2018,2018_232,github
458,2018,2018_233,github
459,2018,2018_233,bitbucket
460,2018,2018_234,github
461,2018,2018_234,gitlab
462,2018,2018_234,bitbucket
463,2018,2018_235,github
464,2018,2018_235,activecollab
465,2018,2018_235,slack
466,2018,2018_236,slack
467,2018,2018_236,discord
468,2018,2018_236,sharelatex
469,2018,2018_236,google drive/docs
472,2018,2018_239,none
473,2018,2018_240,google drive
474,2018,2018_240,active collab
475,2018,2018_240,github
477,2018,2018_242,slack
478,2018,2018_242,github
479,2018,2018_242,gitlab
480,2018,2018_242,google hangouts
481,2018,2018_243,github 
482,2018,2018_243, bitbucket
483,2018,2018_244,jira
484,2018,2018_244,google docs
485,2018,2018_244,github
486,2018,2018_245,github
487,2018,2018_246,github
488,2018,2018_246,travis ci
489,2018,2018_246,coveralls
491,2018,2018_246,zenodo
492,2018,2018_246,bitbucket
493,2018,2018_246,mediawiki
494,2018,2018_247,bitbucket
495,2018,2018_248,github
496,2018,2018_249,bitbucket
497,2018,2018_249,jira
498,2018,2018_249,confluence
499,2018,2018_250,github
500,2018,2018_250,gitlab
501,2018,2018_250,redmine
502,2018,2018_250,cran
503,2018,2018_250,zenodo
505,2018,2018_252,github
507,2018,2018_254,github
508,2018,2018_255,github
509,2018,2018_256,github
510,2018,2018_257,slack
511,2018,2018_257,github
512,2018,2018_257,gitlab
513,2018,2018_257,bitbucet
514,2018,2018_258,github for software
515,2018,2018_258,overleaf for papers
516,2018,2018_259,github
517,2018,2018_260,bitbucket
518,2018,2018_260,github
519,2018,2018_260,gitlab
523,2018,2018_264,github
525,2018,2018_266,bitbucket
527,2018,2018_268,github
528,2018,2018_269,microsoft teams
529,2018,2018_269,vsts
530,2018,2018_270,trello
531,2018,2018_270,github
532,2018,2018_270,google drive
533,2018,2018_271,gitlab
534,2018,2018_271,github
535,2018,2018_272,bitbucket
536,2018,2018_273,gitlab
537,2018,2018_273,ccpforge
538,2018,2018_274,github
539,2018,2018_274,docker hub
540,2018,2018_274,slack
541,2018,2018_274,npm
542,2018,2018_275,github
543,2018,2018_275,slack
544,2018,2018_275,skype
545,2018,2018_275,travis
546,2018,2018_275,code climate
547,2018,2018_275,coveralls
548,2018,2018_276,sourceforge
549,2018,2018_276,github
553,2018,2018_280,github
555,2018,2018_282,bitbucket
556,2018,2018_282,github
559,2018,2018_285,github
560,2018,2018_286,gitlab
561,2018,2018_286,bitbucket
562,2018,2018_287,slack
563,2018,2018_287,git
564,2018,2018_288,gitlab
565,2018,2018_288,gtihub
566,2018,2018_289,github
567,2018,2018_289,gitlab
568,2018,2018_290,github
569,2018,2018_290,bitbucket
570,2018,2018_291,github
571,2018,2018_291,gitlab
572,2018,2018_292,github
573,2018,2018_293,github
574,2018,2018_294,github
575,2018,2018_295,github
576,2018,2018_296,gitlab
578,2018,2018_298,github
579,2018,2018_298,gitlab
580,2018,2018_299,ms azure
581,2018,2018_299,git
582,2018,2018_299,wordpress plugins
583,2018,2018_299,openproject
585,2018,2018_301,github
586,2018,2018_302,github
587,2018,2018_302,travis
588,2018,2018_302,sourceforge
590,2018,2018_304,git
591,2018,2018_305,gitlab
592,2018,2018_305,github
593,2018,2018_306,github
594,2018,2018_306,bitbucket
595,2018,2018_307,github
596,2018,2018_307,pivotaltracker
597,2018,2018_307,slack
598,2018,2018_307,gitlab
601,2018,2018_310,github
602,2018,2018_310,bitbucket
603,2018,2018_310,gitlab
604,2018,2018_311,gitlab
605,2018,2018_311,slack
607,2018,2018_312,github
608,2018,2018_312,bitbucket
610,2018,2018_314,github
613,2018,2018_317,bitbucket
614,2018,2018_317,buildkite
616,2018,2018_319,github
617,2018,2018_319,bitbucket
618,2018,2018_319,assembla
619,2018,2018_320,github
620,2018,2018_320,slack
621,2018,2018_320,trello
622,2018,2018_320,ms teams
623,2018,2018_321,slack
624,2018,2018_321,trello
625,2018,2018_321,gitlab
626,2018,2018_321,github
627,2018,2018_322,github
628,2018,2018_323,github
629,2018,2018_323,bitbucket
630,2018,2018_323,gitlab
631,2018,2018_324,github
632,2018,2018_324,gitlab
633,2018,2018_325,github
634,2018,2018_325,vsts
636,2018,2018_327,github
637,2018,2018_328,github
638,2018,2018_328,jenkins
639,2018,2018_329,github
640,2018,2018_329,slack
641,2018,2018_329,circleci
642,2018,2018_330,github
643,2018,2018_330,gitlab
644,2018,2018_330,sourceforge
645,2018,2018_330,bitbucket
646,2018,2018_331,github
647,2018,2018_331,gitlab
648,2018,2018_331,bitbucket
649,2018,2018_332,trac
653,2018,2018_335,internal gitlab server
654,2018,2018_336,github
658,2018,2018_340,github
660,2018,2018_342,hepforge
661,2018,2018_342,github
662,2018,2018_343,github
663,2018,2018_344,github
664,2018,2018_345,github
665,2018,2018_345,docker
666,2018,2018_345,readthedocs
667,2018,2018_345,travisci
668,2018,2018_345,zenodo
670,2018,2018_347,git
671,2018,2018_348,root
672,2018,2018_348,boost
673,2018,2018_349,github
677,2018,2018_352,bitbucket
684,2018,2018_359,overleaf
685,2018,2018_360,atlassian bitbucket
686,2018,2018_361,github
687,2018,2018_361,gitlab
688,2018,2018_362,github
691,2018,2018_365,github
692,2018,2018_365,bitbucket
693,2018,2018_366,overleaf
694,2018,2018_366,github
695,2018,2018_366,bitbucket
696,2018,2018_367,jira
697,2018,2018_367,confluence wiki
699,2018,2018_369,github
700,2018,2018_370,github
702,2018,2018_372,slack
703,2018,2018_372,github
705,2018,2018_374,github
706,2018,2018_375,github
707,2018,2018_375,gitlab
708,2018,2018_375,jira
709,2018,2018_376,github
710,2018,2018_376,trac
711,2018,2018_376,docker repo
712,2018,2018_377,github
713,2018,2018_378,sourceforge
714,2018,2018_378,github
715,2018,2018_378,slack
716,2018,2018_378,pivotal
717,2018,2018_378,pypi
718,2018,2018_378,anaconda cloud
719,2018,2018_378,obs
720,2018,2018_379,github npm jira trello
721,2018,2018_380,github
723,2018,2018_382,jedi 
724,2018,2018_382,visual
725,2018,2018_382, component library;
726,2018,2018_383,github
727,2018,2018_383,gitlab
728,2018,2018_384,mailing lists/gitlab/github
729,2018,2018_385,github
730,2018,2018_385,gitlab
731,2018,2018_386,github
732,2018,2018_387,bitbucket
733,2018,2018_387,github
734,2018,2018_387,trello
738,2018,2018_391,github
739,2018,2018_391,gitlab
740,2018,2018_392,trac
741,2018,2018_392,bitbucket
742,2018,2018_392,github
743,2018,2018_393,wiki
744,2018,2018_393,redmine
745,2018,2018_394,gitlab
746,2018,2018_394,github
749,2018,2018_397,jira
750,2018,2018_397,gitlab
751,2018,2018_398,github
752,2018,2018_399,github
753,2018,2018_400,github
754,2018,2018_400,gitlab
755,2018,2018_401,redmine
756,2018,2018_401,gitlab
757,2018,2018_401,github
758,2018,2018_401,gitea
759,2018,2018_402,none
762,2018,2018_404,gitlab
763,2018,2018_404,github
765,2018,2018_406,phabricator
768,2018,2018_409,github
770,2018,2018_411,git
771,2018,2018_411,slack
772,2018,2018_412,gitlab
773,2018,2018_413,github
774,2018,2018_413,gitlab
775,2018,2018_414,gitlab
776,2018,2018_414,github
777,2018,2018_415,trello
782,2018,2018_420,github
783,2018,2018_420,travis ci
784,2018,2018_420,coveralls
785,2018,2018_421,gitlab
786,2018,2018_421,npm
787,2018,2018_421,github
788,2018,2018_422,git
789,2018,2018_423,github
790,2018,2018_423,gitlab
793,2018,2018_426,github
794,2018,2018_426,trello
795,2018,2018_426,wordpress
796,2018,2018_426,onenote
797,2018,2018_427,github
798,2018,2018_427,bitbucket
799,2018,2018_427,gitup
800,2018,2018_428,github
804,2018,2018_432,eigen
805,2018,2018_433,gitlab
806,2018,2018_433,github
807,2018,2018_433,overleaf
808,2018,2018_434,gitlab
809,2018,2018_434,nextcloud
810,2018,2018_435,github
811,2018,2018_435,atom teletype
812,2018,2018_436,github
815,2018,2018_439,redmine
816,2018,2018_440,github
817,2018,2018_440,trac
818,2018,2018_440,slack
819,2018,2018_441,github
820,2018,2018_442,gitlab
821,2018,2018_443,gitlab
822,2018,2018_443,github
823,2018,2018_443,pypy
824,2018,2018_443,npm
825,2018,2018_444,phabricator
826,2018,2018_445,gitlab
830,2018,2018_449,github
831,2018,2018_449,gitlab
834,2018,2018_452,github
835,2018,2018_452,bitbucket
836,2018,2018_452,slack
840,2018,2018_456,google docs
841,2018,2018_456,google sheets
842,2018,2018_457,github
843,2018,2018_457,gitlab
844,2018,2018_458,github
845,2018,2018_458,jira
846,2018,2018_459,github
847,2018,2018_460,gitlab
848,2018,2018_460,github
849,2018,2018_460,atlassian suite 
850,2018,2018_460,jira
851,2018,2018_460,confluence
852,2018,2018_460,bitbucket
856,2018,2018_463,stackoverflow
863,2018,2018_470,gitlab
865,2018,2018_472,github
866,2018,2018_472,bitbucket
867,2018,2018_472,sourceforge
868,2018,2018_472,bioconductor
869,2018,2018_473,github
870,2018,2018_474,git
875,2018,2018_479,github
876,2018,2018_480,gitlab
877,2018,2018_480,gerrit
879,2018,2018_482,gitlab
881,2018,2018_484,keine
882,2018,2018_484,da behördeninterne projekte
883,2018,2018_485,gitlab
884,2018,2018_485,github
887,2018,2018_488,gitlab
891,2018,2018_492,github
892,2018,2018_493,gitlab
893,2018,2018_493,github
894,2018,2018_493,bitbucket
896,2018,2018_495,trello
897,2018,2018_496,github
899,2018,2018_498,github
900,2018,2018_498,gitlab
901,2018,2018_499,github
905,2018,2018_503,gitlab
907,2018,2018_505,phabricator
908,2018,2018_505,mediawiki
909,2018,2018_505,github
910,2018,2018_505,confluence
911,2018,2018_505,mailingliste
912,2018,2018_506,github
914,2018,2018_508,gitlab
919,2018,2018_513,gitlab
920,2018,2018_513,github
921,2018,2018_513,bitbucket
922,2018,2018_514,keine
924,2018,2018_516,github
925,2018,2018_517,github
926,2018,2018_517,gitlab
928,2018,2018_519,github
929,2018,2018_519,gitlab
931,2018,2018_521,osgeo repos
935,2018,2018_525,github
936,2018,2018_526,gitlab
937,2018,2018_526,github
941,2018,2018_530,github
942,2018,2018_531,github
943,2018,2018_532,git
945,2018,2018_534,atom teletype
946,2018,2018_534,github
947,2018,2018_534,sourceforge
948,2018,2018_534,gitlab
950,2018,2018_536,github
951,2018,2018_536,bitbucket
952,2018,2018_537,gitlab
953,2018,2018_537,github
954,2018,2018_538,python
955,2018,2018_538,numpy
957,2018,2018_540,gitlab
959,2018,2018_542,github
960,2018,2018_542,gitlab
961,2018,2018_542,bitbucket
962,2018,2018_543,gitlab
963,2018,2018_543,github
964,2018,2018_544,github
965,2018,2018_544,gitlab
967,2018,2018_544,jenkins
968,2018,2018_544,openproject
969,2018,2018_545,gitlab
970,2018,2018_546,github
973,2018,2018_549,gitlab
978,2018,2018_554,github
979,2018,2018_554,trello
980,2018,2018_555,github
982,2018,2018_556,trello
983,2018,2018_556,gitlab
984,2018,2018_556,slack
985,2018,2018_557,github
987,2018,2018_559,keine
988,2018,2018_560,gitea
989,2018,2018_560,drone ci
990,2018,2018_560,wekan
991,2018,2018_561,gitlab
992,2018,2018_562,gitlab
996,2018,2018_566,github
997,2018,2018_567,github
998,2018,2018_567,gitlab
1000,2018,2018_567,jira
1001,2018,2018_567,confluence
1002,2018,2018_567,foswiki
1003,2018,2018_567,redmine
1004,2018,2018_567,otrs
1005,2018,2018_567,wekan
1006,2018,2018_567,dokuwiki
1007,2018,2018_567,nextcloud
1008,2018,2018_567,jenkins
1009,2018,2018_567,boinc
1010,2018,2018_567,python
1011,2018,2018_567,rubygems
1012,2018,2018_567,rails
1013,2018,2018_567,solr
1014,2018,2018_567,qt
1015,2018,2018_567,atom
1016,2018,2018_567,koha
1017,2018,2018_567,debian
1021,2018,2018_571,opencv
1022,2018,2018_571,wxwidgets
1023,2018,2018_572,none
1025,2018,2018_574,jira
1026,2018,2018_574,gitlab
1027,2018,2018_574,bugzilla
1028,2018,2018_574,confluence
1029,2018,2018_575,github
1030,2018,2018_575,travis ci
1031,2018,2018_575,readthedocs
1032,2018,2018_575,docker hub
1034,2018,2018_577,stackexchange
1035,2018,2018_577,google
1036,2018,2018_577,github
1037,2018,2018_578,gitlab
1038,2018,2018_578,github
1040,2018,2018_580,gitlab
1041,2018,2018_580,github
1042,2018,2018_580,slack
1043,2018,2018_580,trello
1047,2018,2018_584,tfs
1048,2018,2018_584,gitlab
1049,2018,2018_584,github
1054,2018,2018_589,gitlab
1055,2018,2018_589,github
1057,2018,2018_589,cran
1058,2018,2018_590,gitlab
1059,2018,2018_590,github
1061,2018,2018_592,gitlab
1065,2018,2018_596,github
1066,2018,2018_597,git
1073,2018,2018_604,gitlab
1077,2018,2018_608,git
1078,2018,2018_609,github
1079,2018,2018_609,bitbucket
1080,2018,2018_609,googledocs
1081,2018,2018_610,gitlab
1085,2018,2018_614,gitlab
1087,2018,2018_616,gitlab
1089,2018,2018_618,gitlab
1090,2018,2018_619,github
1091,2018,2018_619,university's gitlab
1092,2018,2018_619,stack exchange
1093,2018,2018_620,gitlab
1094,2018,2018_621,gitlab
1096,2018,2018_623,github
1097,2018,2018_623,gitlab
1098,2018,2018_623,etherpad
1099,2018,2018_623,slack
1100,2018,2018_623,google docs
1102,2018,2018_624,github
1103,2018,2018_625,github
1104,2018,2018_625,stackexchange
1107,2018,2018_628,gitlab
1109,2018,2018_630,github
1110,2018,2018_631,github
1111,2018,2018_631,gitlab
1112,2018,2018_631,bitbucket
1113,2018,2018_632,github
1114,2018,2018_632,bitbucket
1115,2018,2018_633,gitlab
1116,2018,2018_633,tortoisemerge
1117,2018,2018_633,git
1118,2018,2018_634,github
1119,2018,2018_635,gitlab wikis
1120,2018,2018_636,trac
1121,2018,2018_636,gitlab
1122,2018,2018_636,slack
1123,2018,2018_637,gitea
1124,2018,2018_638,github
1125,2018,2018_639,gitlab
1126,2018,2018_640,github
1127,2018,2018_640,gitlab
1129,2018,2018_641,sharelatex für dokumentation der software
1130,2018,2018_641,mathematische open source pakete 
1131,2018,2018_641,petsc
1132,2018,2018_641,sympy
1133,2018,2018_641,numpy 
1136,2018,2018_642,gitlab
1137,2018,2018_642,github
1138,2018,2018_643,slack
1139,2018,2018_644,github
1141,2018,2018_646,github
1142,2018,2018_646,trello
1143,2018,2018_647,github
1144,2018,2018_647,bitbucket
1145,2018,2018_647,gitlab
1146,2018,2018_648,github
1147,2018,2018_648,bitbucket
1148,2018,2018_649,github
1153,2018,2018_654,github
1154,2018,2018_655,github
1155,2018,2018_655,bitbucket
1156,2018,2018_655,zoom
1157,2018,2018_656,github
1158,2018,2018_657,slack
1159,2018,2018_657,teams
1161,2018,2018_659,github
1163,2018,2018_661,github
1164,2018,2018_662,github
1165,2018,2018_662,gitlab
1169,2018,2018_665,github
1170,2018,2018_666,github
1171,2018,2018_667,bitbucket
1172,2018,2018_667,github
1173,2018,2018_667,gitlab
1174,2018,2018_668,jira
1175,2018,2018_668,confluence
1176,2018,2018_668,bit bucket
1177,2018,2018_668,github
1178,2018,2018_668,research software portal
1179,2018,2018_669,github
1180,2018,2018_670,gnu
1181,2018,2018_670,anaconda
1183,2018,2018_672,github
1184,2018,2018_672,travis ci
1185,2018,2018_672,figshare
1186,2018,2018_673,gitlab
1187,2018,2018_674,keine
1191,2018,2018_678,github
1193,2018,2018_680,github
1194,2018,2018_681,git
1195,2018,2018_682,github
1196,2018,2018_683,github
1197,2018,2018_683,jira
1198,2018,2018_683,slack
1199,2018,2018_684,bitbucket
1200,2018,2018_684,github
1202,2018,2018_684,slack
1203,2018,2018_684,travisci
1205,2018,2018_685,github
1206,2018,2018_685,gitlab
1207,2018,2018_685,coverty scan
1208,2018,2018_685,codecov
1209,2018,2018_685,jenkins
1210,2018,2018_685,rundeck
1211,2018,2018_685,docker
1212,2018,2018_685,vmware
1213,2018,2018_685,woboq
1214,2018,2018_685,doxygen
1215,2018,2018_685,codacy
1216,2018,2018_686,github
1217,2018,2018_687,github
1218,2018,2018_687,gitlab
1219,2018,2018_687,bitbucket
1220,2018,2018_688,github
1221,2018,2018_688,bitbucket
1222,2018,2018_688,assembla
1223,2018,2018_689,github
1224,2018,2018_690,github
1225,2018,2018_691,github
1226,2018,2018_692,google hangout
1227,2018,2018_692,github
1228,2018,2018_693,bitbucket
1229,2018,2018_693,github
1231,2018,2018_695,github
1232,2018,2018_695,bitbucket
1233,2018,2018_696,gsuite
1234,2018,2018_696,zoom
1235,2018,2018_696,github
1236,2018,2018_696,gitlab
1237,2018,2018_696,bitbucket
1239,2018,2018_697,github
1241,2018,2018_699,github
1243,2018,2018_701,github
1244,2018,2018_701,dockerhub
1245,2018,2018_701,cyverse
1246,2018,2018_702,github
1248,2018,2018_704,github
1249,2018,2018_705,github
1250,2018,2018_705,gitlab
1251,2018,2018_706,github
1253,2018,2018_708,slack
1254,2018,2018_708,git
1255,2018,2018_709,github
1258,2018,2018_712,jira
1259,2018,2018_712,gitlab
1260,2018,2018_712,svn
1261,2018,2018_712,wiki
1262,2018,2018_713,github
1263,2018,2018_713,skype
1264,2018,2018_714,github
1267,2018,2018_717,github
1268,2018,2018_717,bit bucket
1269,2018,2018_717,skype
1270,2018,2018_717,google hangout
1271,2018,2018_717,dropbox
1272,2018,2018_718,bitbucket
1273,2018,2018_718,slack
1274,2018,2018_719,github
1275,2018,2018_719,gitlab
1276,2018,2018_719,conan
1277,2018,2018_719,artifactory
1278,2018,2018_719,jenkins
1280,2018,2018_721,github
1281,2018,2018_721,docker hub
1282,2018,2018_722,github
1283,2018,2018_722,gitlab
1285,2018,2018_724,github
1286,2018,2018_725,github
1290,2018,2018_729,github
1291,2018,2018_729,cran
1293,2018,2018_731,github
1294,2018,2018_731,bitbucket
1295,2018,2018_731,discourse
1296,2018,2018_731,travis
1297,2018,2018_731,appveyor
1298,2018,2018_731,circleci
1300,2018,2018_733,gitlab
1301,2018,2018_734,gitlab
1302,2018,2018_734,github
1306,2018,2018_738,atlassian products 
1307,2018,2018_738,hipchat
1308,2018,2018_738,jira
1312,2018,2018_739,slack 
1313,2018,2018_739, atlassian suite
1315,2018,2018_741,github
1316,2018,2018_741,atlassian tools
1317,2018,2018_742,bitbucket
1318,2018,2018_742,github
1320,2018,2018_742,gitlab + jenkins internally
1322,2018,2018_743,phabricator
1323,2018,2018_744,gitlab
1324,2018,2018_745,github
1325,2018,2018_745,jira
1326,2018,2018_745,confluence
1327,2018,2018_745,bamboo
1328,2018,2018_746,github
1329,2018,2018_746,bitbucket
1330,2018,2018_746,slack
1331,2018,2018_747,atlassian
1332,2018,2018_747,github
1333,2018,2018_747,gitlab
1334,2018,2018_748,sourceforge
1336,2018,2018_750,github
1337,2018,2018_750,bitbucket
1338,2018,2018_750,trello
1340,2018,2018_751,github
1341,2018,2018_752,github
1342,2018,2018_753,github
1346,2018,2018_757,github
1347,2018,2018_758,gogs
1348,2018,2018_758,gitlab
1349,2018,2018_759,github
1350,2018,2018_759,trello
1351,2018,2018_759,jira
1353,2018,2018_761,github
1354,2018,2018_761,google drive
1355,2018,2018_762,github
1356,2018,2018_763,astropy
1359,2018,2018_766,cvmfs redmine github
1361,2018,2018_768,github
1362,2018,2018_768,slack
1363,2018,2018_768,wikis
1364,2018,2018_769,github
1366,2018,2018_771,github
1367,2018,2018_771,docker hub
1368,2018,2018_772,osf
1369,2018,2018_772,google drive
1370,2018,2018_773,github
1374,2018,2018_777,github
1376,2018,2018_779,github
1377,2018,2018_780,github
1378,2018,2018_780,bitbucket
1379,2018,2018_781,github
1380,2018,2018_781,matrix
1381,2018,2018_781,jitsi
1382,2018,2018_781,google hangouts
1383,2018,2018_782,github
1385,2018,2018_784,github
1386,2018,2018_784,gitlab
1388,2018,2018_786,jira
1389,2018,2018_786,github
1390,2018,2018_787,tortoisesvn
1392,2018,2018_789,github
1394,2018,2018_791,github
1395,2018,2018_791,slack
1396,2018,2018_791,dataverse
1397,2018,2018_792,bitbucket
1398,2018,2018_792,github
1399,2018,2018_793,git
1400,2018,2018_793,github
1401,2018,2018_793,slack
1402,2018,2018_794,github
1403,2018,2018_794,bitbucket
1404,2018,2018_794,trello
1406,2018,2018_796,github
1407,2018,2018_796,bitbucket
1409,2018,2018_798,guthub
1413,2018,2018_802,github
1414,2018,2018_803,github
1415,2018,2018_804,jira
1416,2018,2018_804,confluence
1417,2018,2018_804,bitbucket
1418,2018,2018_805,github
1419,2018,2018_805,slack
1420,2018,2018_805,trello
1421,2018,2018_806,github
1422,2018,2018_806,slack
1424,2018,2018_808,github bitbucket
1427,2018,2018_811,trac
1428,2018,2018_812,rstudio
1429,2018,2018_812,jupyter notebooks
1430,2018,2018_813,slack
1431,2018,2018_813,gitlab
1432,2018,2018_814,github sourceforge
1433,2018,2018_815,github
1434,2018,2018_815,zenodo
1435,2018,2018_815,gist
1436,2018,2018_815,slack
1437,2018,2018_815,email
1438,2018,2018_816,github
1439,2018,2018_817,maven
1440,2018,2018_817,github
1443,2018,2018_818, github
1446,2018,2018_820,none
1447,2018,2018_821,jira
1448,2018,2018_821,github
1449,2018,2018_821,travis ci
1450,2018,2018_821,ansible galaxy
1451,2018,2018_821,dockerhub
1456,2018,2018_826,github
1457,2018,2018_826,bitbucket
1458,2018,2018_826,assembla
1459,2018,2018_827,github
1461,2018,2018_829,github
1462,2018,2018_830,github
1463,2018,2018_830,slack
1465,2018,2018_832,github
1466,2018,2018_832,slack
1467,2018,2018_832,google docs
1468,2018,2018_832,email
1469,2018,2018_833,internal repos
1470,2018,2018_833,github
1471,2018,2018_834,git
1472,2018,2018_835,github
1473,2018,2018_835,noaa vlab
1474,2018,2018_835,atlassian bitbucket
1477,2018,2018_838,github
1478,2018,2018_839,github
1479,2018,2018_839,slack
1480,2018,2018_839,irc 
1483,2018,2018_839,mailing lists
1484,2018,2018_839,biostar
1485,2018,2018_839,seqanswers
1486,2018,2018_839,stack overflow
1489,2018,2018_842,github
1490,2018,2018_842,gitlab
1491,2018,2018_843,github
1492,2018,2018_843,bitbucet
1493,2018,2018_843,gitlab
1494,2018,2018_844,github
1495,2018,2018_844,bitbucket
1496,2018,2018_844,nuget
1497,2018,2018_844,myget
1500,2018,2018_847,github
1501,2018,2018_847,bitbucket
1502,2018,2018_848,github
1503,2018,2018_849,github
1504,2018,2018_850,gitlab
1505,2018,2018_850,github
1506,2018,2018_851,github
1507,2018,2018_851,circleci
1508,2018,2018_851,travis
1509,2018,2018_851,codacy
1511,2018,2018_853,github
1512,2018,2018_853,matrix
1513,2018,2018_853,slack
1514,2018,2018_853,jitsi
1515,2018,2018_854,github
1516,2018,2018_855,trello
1517,2018,2018_855,jira
1518,2018,2018_856,gitlab
1519,2018,2018_856,jira
1520,2018,2018_857,github
1522,2018,2018_859,gitlab
1523,2018,2018_859,bitbucket
1524,2018,2018_859,debian
1525,2018,2018_859,linux
1526,2018,2018_859,sagemath
1527,2018,2018_859,python
1528,2018,2018_860,github
1529,2018,2018_861,git
1532,2018,2018_863,gitlab
1536,2018,2018_867,github
1538,2018,2018_869,gitlab
1539,2018,2018_870,atlassian jira
1540,2018,2018_871,github
1541,2018,2018_871,conda stack
1542,2018,2018_871,readthedocs
1543,2018,2018_871,travis
1544,2018,2018_871,binder
1547,2018,2018_874,github
1548,2018,2018_874,slack
1549,2018,2018_874,trello
1550,2018,2018_874,osf
1551,2018,2018_875,slack
1553,2018,2018_876,github
1554,2018,2018_876,bitbucket
1555,2018,2018_877,github
1556,2018,2018_878,trello
1557,2018,2018_878,github
1558,2018,2018_879,bitbucket
1559,2018,2018_880,jira
1561,2018,2018_882,dspace
1562,2018,2018_882,ojs
1563,2018,2018_882,ocs software stack
1564,2018,2018_883,slack
1565,2018,2018_883,gitter
1567,2018,2018_884,git
1568,2018,2018_885,github
1569,2018,2018_885,bitbucket
1570,2018,2018_886,slack
1572,2018,2018_887,github
1575,2018,2018_888,github
1576,2018,2018_888,waffle
1580,2018,2018_892,github
1581,2018,2018_892,gitlab
1582,2018,2018_892,overleaf
1583,2018,2018_893,github
1584,2018,2018_893,gitlab
1585,2018,2018_893,jira
1587,2018,2018_895,private gitlab instance
1588,2018,2018_895,github
1589,2018,2018_896,github
1590,2018,2018_897,github
1591,2018,2018_897,google docs
1592,2018,2018_897,slack
1593,2018,2018_897,zulip
1594,2018,2018_897,jira
1595,2018,2018_897,bitbucket
1596,2018,2018_897,confluence
1597,2018,2018_898,github
1598,2018,2018_898,gitlab
1599,2018,2018_899,bitbucket
1600,2018,2018_899,github
1601,2018,2018_899,gitlab
1602,2018,2018_900,gerrit
1603,2018,2018_901,stackexchange
1604,2018,2018_901,msdn
1605,2018,2018_901,sharpdx
1606,2018,2018_901,cefsharp
1607,2018,2018_901,ffmpeg shibboleth
1608,2018,2018_901,bouncycastle
1609,2018,2018_901,supersockets
1611,2018,2018_902,github
1612,2018,2018_903,youtrack
1613,2018,2018_903,teamcity
1615,2018,2018_905,atlassian
1616,2018,2018_905,gitlab
1617,2018,2018_905,github
1618,2018,2018_905,stackexchange
1620,2018,2018_907,bitbucket
1624,2018,2018_911,gitlab
1625,2018,2018_912,jira
1626,2018,2018_913,github
1627,2018,2018_913,gitlab
1629,2018,2018_915,github
1630,2018,2018_916,github
1631,2018,2018_917,github
1633,2018,2018_919,wiki/onenote
1634,2018,2018_920,eigen library
1637,2018,2018_923,gitlab
1639,2018,2018_925,github
1641,2018,2018_925,confluence
1642,2018,2018_925,jira
1644,2018,2018_927,github
1645,2018,2018_927,gitlab
1646,2018,2018_927,bitbucket
1648,2018,2018_929,github
1649,2018,2018_929,bitbucket
1650,2018,2018_929,gitlab
1652,2018,2018_931,github gitlab
1655,2018,2018_934,skype
1656,2018,2018_934,telephone
1657,2018,2018_934,google hangouts
1658,2018,2018_935,gforge
1659,2018,2018_935,atlassian
1660,2018,2018_936,trac
1661,2018,2018_936,mantuis
1662,2018,2018_936,dokuwiki 
1663,2018,2018_936,self hosted only
1665,2018,2018_937,gitlab
1666,2018,2018_937,github
1667,2018,2018_938,github
1668,2018,2018_938,gitlab
1669,2018,2018_939,github
1670,2018,2018_939,gitlab
1671,2018,2018_939,confluence
1674,2018,2018_942,gitlab
1675,2018,2018_942,github
1677,2018,2018_944,github
1678,2018,2018_944,slack
1679,2018,2018_944,trello;
1681,2018,2018_946,gitlab
1682,2018,2018_946,github
1685,2018,2018_949,gitlab
1686,2018,2018_949,github
1687,2018,2018_950,trello
1688,2018,2018_951,redmine
1689,2018,2018_952,trello
1691,2018,2018_954,github
1693,2018,2018_955,github
1695,2018,2018_957,wiki tickets
1696,2018,2018_958,asana task manager
1697,2018,2018_958,slack
1698,2018,2018_959,github
1699,2018,2018_959,gitlab
1701,2018,2018_961,github
1702,2018,2018_961,bitbucket
1703,2018,2018_961,gitlab
1704,2018,2018_962,github
1706,2018,2018_964,github
1707,2018,2018_965,gitlab github
1710,2018,2018_967,jira
1711,2018,2018_967,slack
1712,2018,2018_968,bitbucket
1713,2018,2018_969,github
1715,2018,2018_971,twitter
1716,2018,2018_971,github
1717,2018,2018_971,stackexchange
1718,2018,2018_971,seqanswers
1719,2018,2018_972,github
1720,2018,2018_972,google drive
1721,2018,2018_973,wikis
1722,2018,2018_973,github
1724,2018,2018_975,github
1725,2018,2018_975,bitbucket
1726,2018,2018_975,jira
1727,2018,2018_975,confluence
1728,2018,2018_976,git stash
1729,2018,2018_976,jira
1731,2018,2018_978,github
1732,2018,2018_978,dockerhub
1733,2018,2018_978,bitbucket
1734,2018,2018_979,bitbucket
1735,2018,2018_979,jira
1736,2018,2018_979,github
1741,2018,2018_984,github
1742,2018,2018_985,slack
1743,2018,2018_986,github
1744,2018,2018_986,gitlab
1745,2018,2018_986,sourceforge
1746,2018,2018_986,bitbucket
1747,2018,2018_987,github
1750,2018,2018_990,github
1751,2018,2018_990,readmine
1752,2018,2018_990,open project
1753,2018,2018_991,jira
1754,2018,2018_991,bitbucket
1755,2018,2018_991,github
1756,2018,2018_991,gitlab
1757,2018,2018_991,slack
1758,2018,2018_991,skype
1759,2018,2018_991,hangouts
1760,2018,2018_991,vs code liveshare
1761,2018,2018_991,google drive
1762,2018,2018_991,pypi
1763,2018,2018_991,dockerhub
1764,2018,2018_992,github
1768,2018,2018_996,sourceforge
