,Question_codes,Questions
0,"['currentEmp13[1]_0', 'currentEmp13[SQ001]_0']","[' In which disciplines do you work (select as many as apply) [Accounting & Finance]', ' In which disciplines do you work (select as many as apply)? [Accounting & Finance]']"
1,"['fund2[SQ006]_0', 'fund2[9]_1', 'fund2[6]_2']","[' Which of the following sources are used to pay for your effort as an RSE/equivalent? [Advertising & sponsorships]', ' Which of the following sources are used to pay for your effort as an RSE/equivalent? [Advertising & sponsorships]', ' Which of the following sources are used to pay for your effort as an RSE/equivalent? [Advertising & sponsorships]']"
2,"['fund3[SQ006]_0', 'fund3[9]_1', 'fund3[6]_2']","[' Which of the following sources are used to fund your current, largest project? [Advertising & sponsorships]', ' Which of the following sources are used to fund your current, largest project? [Advertising & sponsorships]', ' Which of the following sources are used to fund your current, largest project? [Advertising & sponsorships]']"
3,"['fund4[SQ006]_0', 'fund4[9]_1', 'fund4[6]_2']","[' Which of the following sources were used to fund your current, largest project three years ago? [Advertising & sponsorships]', ' Which of the following sources were used to fund your current, largest project three years ago? [Advertising & sponsorships]', ' Which of the following sources were used to fund your current, largest project three years ago? [Advertising & sponsorships]']"
4,"['currentEmp13[2]_0', 'currentEmp13[SQ002]_0']","[' In which disciplines do you work (select as many as apply) [Aeronautical & Manufacturing Engineering]', ' In which disciplines do you work (select as many as apply)? [Aeronautical & Manufacturing Engineering]']"
5,"['currentEmp13[3]_0', 'currentEmp13[SQ003]_0', 'currentEmp13[4]_1']","[' In which disciplines do you work (select as many as apply) [Agriculture & Forestry]', ' In which disciplines do you work (select as many as apply)? [Agriculture & Forestry]', ' In which disciplines do you work (select as many as apply) [Agriculture & Forestry]']"
6,"['currentEmp13[4]_0', 'currentEmp13[SQ004]_0', 'currentEmp13[5]_1']","[' In which disciplines do you work (select as many as apply) [American Studies]', ' In which disciplines do you work (select as many as apply)? [American Studies]', ' In which disciplines do you work (select as many as apply) [American Studies]']"
7,"['currentEmp13[5]_0', 'currentEmp13[SQ005]_0', 'currentEmp13[6]_1']","[' In which disciplines do you work (select as many as apply) [Anatomy & Physiology]', ' In which disciplines do you work (select as many as apply)? [Anatomy & Physiology]', ' In which disciplines do you work (select as many as apply) [Anatomy & Physiology]']"
8,"['currentEmp13[6]_0', 'currentEmp13[SQ006]_0', 'currentEmp13[7]_1']","[' In which disciplines do you work (select as many as apply) [Anthropology]', ' In which disciplines do you work (select as many as apply)? [Anthropology]', ' In which disciplines do you work (select as many as apply) [Anthropology]']"
9,"['currentEmp13[7]_0', 'currentEmp13[SQ007]_0', 'currentEmp13[8]_1']","[' In which disciplines do you work (select as many as apply) [Architecture]', ' In which disciplines do you work (select as many as apply)? [Architecture]', ' In which disciplines do you work (select as many as apply) [Architecture]']"
10,"['currentEmp13[8]_0', 'currentEmp13[SQ008]_0', 'currentEmp13[9]_1']","[' In which disciplines do you work (select as many as apply) [Art & Design]', ' In which disciplines do you work (select as many as apply)? [Art & Design]', ' In which disciplines do you work (select as many as apply) [Art & Design]']"
11,"['tool4can[1]_0', 'tool4can[SQ001]_0', 'tool4can[30]_1']","[' What programming languages do you use at work? (Select as many as apply) [Assembly]', ' What programming languages do you use at work? (Select as many as apply) [Assembly]', ' What programming languages do you use at work? (Select as many as apply) [Assembly]']"
12,['fund2[6]_0'],[' Which of the following sources are used to pay for your effort as an RSE/equivalent? [Associations and chambers]']
13,['fund3[6]_0'],"[' Which of the following sources are used to fund your current, largest project? [Associations and chambers]']"
14,['fund4[6]_0'],"[' Which of the following sources were used to fund your current, largest project three years ago? [Associations and chambers]']"
15,"['currentEmp13[9]_0', 'currentEmp13[SQ009]_0', 'currentEmp13[10]_1']","[' In which disciplines do you work (select as many as apply) [Biological Sciences]', ' In which disciplines do you work (select as many as apply)? [Biological Sciences]', ' In which disciplines do you work (select as many as apply) [Biological Sciences]']"
16,"['fund2[SQ005]_0', 'fund2[8]_1', 'fund2[5]_2']","[' Which of the following sources are used to pay for your effort as an RSE/equivalent? [Books & merchandise]', ' Which of the following sources are used to pay for your effort as an RSE/equivalent? [Books & merchandise]', ' Which of the following sources are used to pay for your effort as an RSE/equivalent? [Books & merchandise]']"
17,"['fund3[SQ005]_0', 'fund3[8]_1', 'fund3[5]_2']","[' Which of the following sources are used to fund your current, largest project? [Books & merchandise]', ' Which of the following sources are used to fund your current, largest project? [Books & merchandise]', ' Which of the following sources are used to fund your current, largest project? [Books & merchandise]']"
18,"['fund4[SQ005]_0', 'fund4[8]_1', 'fund4[5]_2']","[' Which of the following sources were used to fund your current, largest project three years ago? [Books & merchandise]', ' Which of the following sources were used to fund your current, largest project three years ago? [Books & merchandise]', ' Which of the following sources were used to fund your current, largest project three years ago? [Books & merchandise]']"
19,"['currentEmp13[10]_0', 'currentEmp13[SQ010]_0', 'currentEmp13[11]_1']","[' In which disciplines do you work (select as many as apply) [Business & Management Studies]', ' In which disciplines do you work (select as many as apply)? [Business & Management Studies]', ' In which disciplines do you work (select as many as apply) [Business & Management Studies]']"
20,"['tool4can[2]_0', 'tool4can[SQ002]_0', 'tool4can[5]_1']","[' What programming languages do you use at work? (Select as many as apply) [C]', ' What programming languages do you use at work? (Select as many as apply) [C]', ' What programming languages do you use at work? (Select as many as apply) [C]']"
21,"['tool4can[3]_0', 'tool4can[SQ003]_0', 'tool4can[18]_1']","[' What programming languages do you use at work? (Select as many as apply) [C#]', ' What programming languages do you use at work? (Select as many as apply) [C#]', ' What programming languages do you use at work? (Select as many as apply) [C#]']"
22,"['tool4can[4]_0', 'tool4can[SQ004]_0', 'tool4can[16]_1']","[' What programming languages do you use at work? (Select as many as apply) [C++]', ' What programming languages do you use at work? (Select as many as apply) [C++]', ' What programming languages do you use at work? (Select as many as apply) [C++]']"
23,"['currentEmp13[11]_0', 'currentEmp13[SQ011]_0', 'currentEmp13[12]_1']","[' In which disciplines do you work (select as many as apply) [Chemical Engineering]', ' In which disciplines do you work (select as many as apply)? [Chemical Engineering]', ' In which disciplines do you work (select as many as apply) [Chemical Engineering]']"
24,"['currentEmp13[12]_0', 'currentEmp13[SQ012]_0', 'currentEmp13[13]_1']","[' In which disciplines do you work (select as many as apply) [Chemistry]', ' In which disciplines do you work (select as many as apply)? [Chemistry]', ' In which disciplines do you work (select as many as apply) [Chemistry]']"
25,"['currentEmp13[13]_0', 'currentEmp13[SQ013]_0', 'currentEmp13[14]_1']","[' In which disciplines do you work (select as many as apply) [Civil Engineering]', ' In which disciplines do you work (select as many as apply)? [Civil Engineering]', ' In which disciplines do you work (select as many as apply) [Civil Engineering]']"
26,"['currentEmp13[14]_0', 'currentEmp13[SQ014]_0', 'currentEmp13[15]_1']","[' In which disciplines do you work (select as many as apply) [Classics & Ancient History]', ' In which disciplines do you work (select as many as apply)? [Classics & Ancient History]', ' In which disciplines do you work (select as many as apply) [Classics & Ancient History]']"
27,"['tool4can[5]_0', 'tool4can[SQ005]_0', 'tool4can[35]_1']","[' What programming languages do you use at work? (Select as many as apply) [Clojure]', ' What programming languages do you use at work? (Select as many as apply) [Clojure]', ' What programming languages do you use at work? (Select as many as apply) [Clojure]']"
28,"['tool4can[6]_0', 'tool4can[SQ006]_0', 'tool4can[9]_1']","[' What programming languages do you use at work? (Select as many as apply) [CoffeeScript]', ' What programming languages do you use at work? (Select as many as apply) [CoffeeScript]', ' What programming languages do you use at work? (Select as many as apply) [CoffeeScript]']"
29,"['tool4can[7]_0', 'tool4can[SQ007]_0', 'tool4can[6]_1']","[' What programming languages do you use at work? (Select as many as apply) [Common Lisp]', ' What programming languages do you use at work? (Select as many as apply) [Common Lisp]', ' What programming languages do you use at work? (Select as many as apply) [Common Lisp]']"
30,"['currentEmp13[15]_0', 'currentEmp13[SQ015]_0', 'currentEmp13[16]_1']","[' In which disciplines do you work (select as many as apply) [Communication & Media Studies]', ' In which disciplines do you work (select as many as apply)? [Communication & Media Studies]', ' In which disciplines do you work (select as many as apply) [Communication & Media Studies]']"
31,"['currentEmp13[16]_0', 'currentEmp13[SQ016]_0', 'currentEmp13[17]_1']","[' In which disciplines do you work (select as many as apply) [Complementary Medicine]', ' In which disciplines do you work (select as many as apply)? [Complementary Medicine]', ' In which disciplines do you work (select as many as apply) [Complementary Medicine]']"
32,"['currentEmp13[17]_0', 'currentEmp13[SQ017]_0', 'currentEmp13[18]_1']","[' In which disciplines do you work (select as many as apply) [Computer Science]', ' In which disciplines do you work (select as many as apply)? [Computer Science]', ' In which disciplines do you work (select as many as apply) [Computer Science]']"
33,"['fund2[11]_0', 'fund2[SQ008]_0', 'fund2[8]_2']","[' Which of the following sources are used to pay for your effort as an RSE/equivalent? [Consulting & services]', ' Which of the following sources are used to pay for your effort as an RSE/equivalent? [Consulting & services]', ' Which of the following sources are used to pay for your effort as an RSE/equivalent? [Consulting & services]']"
34,"['fund3[11]_0', 'fund3[SQ008]_0', 'fund3[8]_2']","[' Which of the following sources are used to fund your current, largest project? [Consulting & services]', ' Which of the following sources are used to fund your current, largest project? [Consulting & services]', ' Which of the following sources are used to fund your current, largest project? [Consulting & services]']"
35,"['fund4[11]_0', 'fund4[SQ008]_0', 'fund4[8]_2']","[' Which of the following sources were used to fund your current, largest project three years ago? [Consulting & services]', ' Which of the following sources were used to fund your current, largest project three years ago? [Consulting & services]', ' Which of the following sources were used to fund your current, largest project three years ago? [Consulting & services]']"
36,"['currentEmp13[18]_0', 'currentEmp13[SQ018]_0', 'currentEmp13[19]_1']","[' In which disciplines do you work (select as many as apply) [Counselling]', ' In which disciplines do you work (select as many as apply)? [Counselling]', ' In which disciplines do you work (select as many as apply) [Counselling]']"
37,"['currentEmp13[19]_0', 'currentEmp13[SQ019]_0', 'currentEmp13[20]_1']","[' In which disciplines do you work (select as many as apply) [Criminology]', ' In which disciplines do you work (select as many as apply)? [Criminology]', ' In which disciplines do you work (select as many as apply) [Criminology]']"
38,"['fund2[8]_0', 'fund2[SQ003]_0', 'fund2[6]_1', 'fund2[3]_2']","[' Which of the following sources are used to pay for your effort as an RSE/equivalent? [Crowdfunding (one-time)]', ' Which of the following sources are used to pay for your effort as an RSE/equivalent? [Crowdfunding (one-time)]', ' Which of the following sources are used to pay for your effort as an RSE/equivalent? [Crowdfunding (one-time)]', ' Which of the following sources are used to pay for your effort as an RSE/equivalent? [Crowdfunding (one-time)]']"
39,"['fund3[8]_0', 'fund3[SQ003]_0', 'fund3[6]_1', 'fund3[3]_2']","[' Which of the following sources are used to fund your current, largest project? [Crowdfunding (one-time)]', ' Which of the following sources are used to fund your current, largest project? [Crowdfunding (one-time)]', ' Which of the following sources are used to fund your current, largest project? [Crowdfunding (one-time)]', ' Which of the following sources are used to fund your current, largest project? [Crowdfunding (one-time)]']"
40,"['fund4[8]_0', 'fund4[SQ003]_0', 'fund4[6]_1', 'fund4[3]_2']","[' Which of the following sources were used to fund your current, largest project three years ago? [Crowdfunding (one-time)]', ' Which of the following sources were used to fund your current, largest project three years ago? [Crowdfunding (one-time)]', ' Which of the following sources were used to fund your current, largest project three years ago? [Crowdfunding (one-time)]', ' Which of the following sources were used to fund your current, largest project three years ago? [Crowdfunding (one-time)]']"
41,"['fund2[9]_0', 'fund2[SQ004]_0', 'fund2[7]_1', 'fund2[4]_2']","[' Which of the following sources are used to pay for your effort as an RSE/equivalent? [Crowdfunding (recurring)]', ' Which of the following sources are used to pay for your effort as an RSE/equivalent? [Crowdfunding (recurring)]', ' Which of the following sources are used to pay for your effort as an RSE/equivalent? [Crowdfunding (recurring)]', ' Which of the following sources are used to pay for your effort as an RSE/equivalent? [Crowdfunding (recurring)]']"
42,"['fund3[9]_0', 'fund3[SQ004]_0', 'fund3[7]_1', 'fund3[4]_2']","[' Which of the following sources are used to fund your current, largest project? [Crowdfunding (recurring)]', ' Which of the following sources are used to fund your current, largest project? [Crowdfunding (recurring)]', ' Which of the following sources are used to fund your current, largest project? [Crowdfunding (recurring)]', ' Which of the following sources are used to fund your current, largest project? [Crowdfunding (recurring)]']"
43,"['fund4[9]_0', 'fund4[SQ004]_0', 'fund4[7]_1', 'fund4[4]_2']","[' Which of the following sources were used to fund your current, largest project three years ago? [Crowdfunding (recurring)]', ' Which of the following sources were used to fund your current, largest project three years ago? [Crowdfunding (recurring)]', ' Which of the following sources were used to fund your current, largest project three years ago? [Crowdfunding (recurring)]', ' Which of the following sources were used to fund your current, largest project three years ago? [Crowdfunding (recurring)]']"
44,['fund2[3]_0'],"[' Which of the following sources are used to pay for your effort as an RSE/equivalent? [DFG, German Research Foundation]']"
45,['fund3[3]_0'],"[' Which of the following sources are used to fund your current, largest project? [DFG, German Research Foundation]']"
46,['fund4[3]_0'],"[' Which of the following sources were used to fund your current, largest project three years ago? [DFG, German Research Foundation]']"
47,"['tool4can[8]_0', 'tool4can[SQ008]_0', 'tool4can[36]_1']","[' What programming languages do you use at work? (Select as many as apply) [Dart]', ' What programming languages do you use at work? (Select as many as apply) [Dart]', ' What programming languages do you use at work? (Select as many as apply) [Dart]']"
48,"['currentEmp13[20]_0', 'currentEmp13[SQ020]_0', 'currentEmp13[21]_1']","[' In which disciplines do you work (select as many as apply) [Dentistry]', ' In which disciplines do you work (select as many as apply)? [Dentistry]', ' In which disciplines do you work (select as many as apply) [Dentistry]']"
49,"['proj4can[2]_0', 'proj4can[SQ002]_0']","[' In general, what sort of testing do you conduct on your software? (check all that apply) [Developers conduct testing]', ' In general, what sort of testing do you conduct on your software? (check all that apply) [Developers conduct testing]']"
50,"['likert1[perfCheck4]_0', 'likertime2[perfCheck4]_0']","[' [Do you receive sufficient information on the purpose of your work?]', ' Please rate the following propositions. There are no right or wrong answers [Do you receive sufficient information on the purpose of your work?]']"
51,"['likert1[perfCheck1]_0', 'likerttime1[perfCheck1]_0']","[' [Do you receive sufficient information on the results of your work?]', ' Please rate the following propositions. There are no right or wrong answers [Do you receive sufficient information on the results of your work?]']"
52,"['likert1[perfCheck7]_0', 'likerttime1[perfCheck7]_0']","[' [Do your colleagues inform you about how well you are doing your work?]', ' Please rate the following propositions. There are no right or wrong answers [Do your colleagues inform you about how well you are doing your work?]']"
53,"['likert1[perfCheck6]_0', 'likertime2[perfCheck6]_0']","[' [Does your supervisor/line manager inform you about how well you are doing your work?]', ' Please rate the following propositions. There are no right or wrong answers [Does your supervisor/line manager inform you about how well you are doing your work?]']"
54,"['fund2[SQ002]_0', 'fund2[5]_1', 'fund2[2]_2']","[' Which of the following sources are used to pay for your effort as an RSE/equivalent? [Donation button]', ' Which of the following sources are used to pay for your effort as an RSE/equivalent? [Donation button]', ' Which of the following sources are used to pay for your effort as an RSE/equivalent? [Donation button]']"
55,"['fund3[SQ002]_0', 'fund3[5]_1', 'fund3[2]_2']","[' Which of the following sources are used to fund your current, largest project? [Donation button]', ' Which of the following sources are used to fund your current, largest project? [Donation button]', ' Which of the following sources are used to fund your current, largest project? [Donation button]']"
56,"['fund4[SQ002]_0', 'fund4[5]_1', 'fund4[2]_2']","[' Which of the following sources were used to fund your current, largest project three years ago? [Donation button]', ' Which of the following sources were used to fund your current, largest project three years ago? [Donation button]', ' Which of the following sources were used to fund your current, largest project three years ago? [Donation button]']"
57,"['fund2[13]_0', 'fund2[SQ012]_0', 'fund2[14]_1', 'fund2[12]_2']","[' Which of the following sources are used to pay for your effort as an RSE/equivalent? [Dual license]', ' Which of the following sources are used to pay for your effort as an RSE/equivalent? [Dual license]', ' Which of the following sources are used to pay for your effort as an RSE/equivalent? [Dual license]', ' Which of the following sources are used to pay for your effort as an RSE/equivalent? [Dual license]']"
58,"['fund3[13]_0', 'fund3[SQ012]_0', 'fund3[14]_1', 'fund3[12]_2']","[' Which of the following sources are used to fund your current, largest project? [Dual license]', ' Which of the following sources are used to fund your current, largest project? [Dual license]', ' Which of the following sources are used to fund your current, largest project? [Dual license]', ' Which of the following sources are used to fund your current, largest project? [Dual license]']"
59,"['fund4[13]_0', 'fund4[SQ012]_0', 'fund4[14]_1', 'fund4[12]_2']","[' Which of the following sources were used to fund your current, largest project three years ago? [Dual license]', ' Which of the following sources were used to fund your current, largest project three years ago? [Dual license]', ' Which of the following sources were used to fund your current, largest project three years ago? [Dual license]', ' Which of the following sources were used to fund your current, largest project three years ago? [Dual license]']"
60,"['currentEmp13[21]_0', 'currentEmp13[SQ021]_0', 'currentEmp13[22]_1']","[' In which disciplines do you work (select as many as apply) [East & South Asian Studies]', ' In which disciplines do you work (select as many as apply)? [East & South Asian Studies]', ' In which disciplines do you work (select as many as apply) [East & South Asian Studies]']"
61,"['currentEmp13[22]_0', 'currentEmp13[SQ022]_0', 'currentEmp13[23]_1']","[' In which disciplines do you work (select as many as apply) [Economics]', ' In which disciplines do you work (select as many as apply)? [Economics]', ' In which disciplines do you work (select as many as apply) [Economics]']"
62,"['currentEmp13[23]_0', 'currentEmp13[SQ023]_0', 'currentEmp13[24]_1']","[' In which disciplines do you work (select as many as apply) [Education]', ' In which disciplines do you work (select as many as apply)? [Education]', ' In which disciplines do you work (select as many as apply) [Education]']"
63,"['currentEmp13[24]_0', 'currentEmp13[SQ024]_0', 'currentEmp13[25]_1']","[' In which disciplines do you work (select as many as apply) [Electrical & Electronic Engineering]', ' In which disciplines do you work (select as many as apply)? [Electrical & Electronic Engineering]', ' In which disciplines do you work (select as many as apply) [Electrical & Electronic Engineering]']"
64,"['tool4can[9]_0', 'tool4can[SQ009]_0', 'tool4can[32]_1']","[' What programming languages do you use at work? (Select as many as apply) [Elixir]', ' What programming languages do you use at work? (Select as many as apply) [Elixir]', ' What programming languages do you use at work? (Select as many as apply) [Elixir]']"
65,"['currentEmp13[25]_0', 'currentEmp13[SQ025]_0', 'currentEmp13[26]_1']","[' In which disciplines do you work (select as many as apply) [English]', ' In which disciplines do you work (select as many as apply)? [English]', ' In which disciplines do you work (select as many as apply) [English]']"
66,"['tool4can[10]_0', 'tool4can[SQ010]_0', 'tool4can[7]_1']","[' What programming languages do you use at work? (Select as many as apply) [Erlang]', ' What programming languages do you use at work? (Select as many as apply) [Erlang]', ' What programming languages do you use at work? (Select as many as apply) [Erlang]']"
67,['fund2[1]_0'],"[' Which of the following sources are used to pay for your effort as an RSE/equivalent? [European Union (e.g. H2020, COST, EUREKA)]']"
68,['fund3[1]_0'],"[' Which of the following sources are used to fund your current, largest project? [European Union (e.g. H2020, COST, EUREKA)]']"
69,['fund4[1]_0'],"[' Which of the following sources were used to fund your current, largest project three years ago? [European Union (e.g. H2020, COST, EUREKA)]']"
70,"['tool4can[11]_0', 'tool4can[SQ011]_0', 'tool4can[10]_1']","[' What programming languages do you use at work? (Select as many as apply) [F#]', ' What programming languages do you use at work? (Select as many as apply) [F#]', ' What programming languages do you use at work? (Select as many as apply) [F#]']"
71,"['currentEmp13[26]_0', 'currentEmp13[SQ026]_0', 'currentEmp13[27]_1']","[' In which disciplines do you work (select as many as apply) [Fashion]', ' In which disciplines do you work (select as many as apply)? [Fashion]', ' In which disciplines do you work (select as many as apply) [Fashion]']"
72,['fund2[2]_0'],"[' Which of the following sources are used to pay for your effort as an RSE/equivalent? [Federal and state governments (BMBF, BMWi, BMVg and other sections)]']"
73,['fund3[2]_0'],"[' Which of the following sources are used to fund your current, largest project? [Federal and state governments (BMBF, BMWi, BMVg and other sections)]']"
74,['fund4[2]_0'],"[' Which of the following sources were used to fund your current, largest project three years ago? [Federal and state governments (BMBF, BMWi, BMVg and other sections)]']"
75,"['currentEmp13[27]_0', 'currentEmp13[SQ027]_0', 'currentEmp13[28]_1']","[' In which disciplines do you work (select as many as apply) [Food Science]', ' In which disciplines do you work (select as many as apply)? [Food Science]', ' In which disciplines do you work (select as many as apply) [Food Science]']"
76,"['tool4can[12]_0', 'tool4can[21]_1']","[' What programming languages do you use at work? (Select as many as apply) [Fortran]', ' What programming languages do you use at work? (Select as many as apply) [Fortran]']"
77,"['fund2[SQ014]_0', 'fund2[16]_1', 'fund2[14]_2']","[' Which of the following sources are used to pay for your effort as an RSE/equivalent? [Foundations & consortiums]', ' Which of the following sources are used to pay for your effort as an RSE/equivalent? [Foundations & consortiums]', ' Which of the following sources are used to pay for your effort as an RSE/equivalent? [Foundations & consortiums]']"
78,"['fund3[SQ014]_0', 'fund3[16]_1', 'fund3[14]_2']","[' Which of the following sources are used to fund your current, largest project? [Foundations & consortiums]', ' Which of the following sources are used to fund your current, largest project? [Foundations & consortiums]', ' Which of the following sources are used to fund your current, largest project? [Foundations & consortiums]']"
79,"['fund4[SQ014]_0', 'fund4[16]_1', 'fund4[14]_2']","[' Which of the following sources were used to fund your current, largest project three years ago? [Foundations & consortiums]', ' Which of the following sources were used to fund your current, largest project three years ago? [Foundations & consortiums]', ' Which of the following sources were used to fund your current, largest project three years ago? [Foundations & consortiums]']"
80,['fund2[4]_0'],"[' Which of the following sources are used to pay for your effort as an RSE/equivalent? [Foundations and conveyors (public and private, e.g. VolkswagenStiftung, Robert Bosch Stiftung, Klaus Tschira Stiftung, Stiftung Mercator)]']"
81,['fund3[4]_0'],"[' Which of the following sources are used to fund your current, largest project? [Foundations and conveyors (public and private, e.g. VolkswagenStiftung, Robert Bosch Stiftung, Klaus Tschira Stiftung, Stiftung Mercator)]']"
82,['fund4[4]_0'],"[' Which of the following sources were used to fund your current, largest project three years ago? [Foundations and conveyors (public and private, e.g. VolkswagenStiftung, Robert Bosch Stiftung, Klaus Tschira Stiftung, Stiftung Mercator)]']"
83,"['currentEmp13[28]_0', 'currentEmp13[SQ028]_0', 'currentEmp13[29]_1']","[' In which disciplines do you work (select as many as apply) [French]', ' In which disciplines do you work (select as many as apply)? [French]', ' In which disciplines do you work (select as many as apply) [French]']"
84,['fund2[2]_1'],[' Which of the following sources are used to pay for your effort as an RSE/equivalent? [Funding by institution]']
85,['fund3[2]_1'],"[' Which of the following sources are used to fund your current, largest project? [Funding by institution]']"
86,['fund4[2]_1'],"[' Which of the following sources were used to fund your current, largest project three years ago? [Funding by institution]']"
87,"['currentEmp13[31]_0', 'currentEmp13[SQ031]_0', 'currentEmp13[32]_1']","[' In which disciplines do you work (select as many as apply) [General Engineering]', ' In which disciplines do you work (select as many as apply)? [General Engineering]', ' In which disciplines do you work (select as many as apply) [General Engineering]']"
88,"['currentEmp13[29]_0', 'currentEmp13[SQ029]_0', 'currentEmp13[30]_1']","[' In which disciplines do you work (select as many as apply) [Geography & Environmental Sciences]', ' In which disciplines do you work (select as many as apply)? [Geography & Environmental Sciences]', ' In which disciplines do you work (select as many as apply) [Geography & Environmental Sciences]']"
89,"['currentEmp13[30]_0', 'currentEmp13[SQ030]_0', 'currentEmp13[31]_1']","[' In which disciplines do you work (select as many as apply) [Geology]', ' In which disciplines do you work (select as many as apply)? [Geology]', ' In which disciplines do you work (select as many as apply) [Geology]']"
90,"['currentEmp13[32]_0', 'currentEmp13[SQ032]_0', 'currentEmp13[33]_1']","[' In which disciplines do you work (select as many as apply) [German]', ' In which disciplines do you work (select as many as apply)? [German]', ' In which disciplines do you work (select as many as apply) [German]']"
91,"['likert2[percEmp4]_0', 'likert4[percEmp4]_0', 'likertagree3[percEmp4]_0']","[' [Given my qualifications and experience, getting a new job would not be very hard at all]', ' [Given my qualifications and experience, getting a new job would not be very hard at all]', ' Please rate the following propositions. There are no right or wrong answers [Given my qualifications and experience, getting a new job would not be very hard at all]']"
92,"['tool4can[13]_0', 'tool4can[SQ012]_0', 'tool4can[29]_1']","[' What programming languages do you use at work? (Select as many as apply) [Go]', ' What programming languages do you use at work? (Select as many as apply) [Go]', ' What programming languages do you use at work? (Select as many as apply) [Go]']"
93,"['fund2[SQ009]_0', 'fund2[3]_1', 'fund2[9]_2']","[' Which of the following sources are used to pay for your effort as an RSE/equivalent? [Grants]', ' Which of the following sources are used to pay for your effort as an RSE/equivalent? [Grants]', ' Which of the following sources are used to pay for your effort as an RSE/equivalent? [Grants]']"
94,"['fund3[SQ009]_0', 'fund3[3]_1', 'fund3[9]_2']","[' Which of the following sources are used to fund your current, largest project? [Grants]', ' Which of the following sources are used to fund your current, largest project? [Grants]', ' Which of the following sources are used to fund your current, largest project? [Grants]']"
95,"['fund4[SQ009]_0', 'fund4[3]_1', 'fund4[9]_2']","[' Which of the following sources were used to fund your current, largest project three years ago? [Grants]', ' Which of the following sources were used to fund your current, largest project three years ago? [Grants]', ' Which of the following sources were used to fund your current, largest project three years ago? [Grants]']"
96,"['tool4can[14]_0', 'tool4can[SQ013]_0', 'tool4can[22]_1']","[' What programming languages do you use at work? (Select as many as apply) [Groovy]', ' What programming languages do you use at work? (Select as many as apply) [Groovy]', ' What programming languages do you use at work? (Select as many as apply) [Groovy]']"
97,"['tool4can[15]_0', 'tool4can[SQ014]_0']","[' What programming languages do you use at work? (Select as many as apply) [Hack]', ' What programming languages do you use at work? (Select as many as apply) [Hack]']"
98,"['tool4can[16]_0', 'tool4can[SQ015]_0', 'tool4can[23]_1']","[' What programming languages do you use at work? (Select as many as apply) [Haskell]', ' What programming languages do you use at work? (Select as many as apply) [Haskell]', ' What programming languages do you use at work? (Select as many as apply) [Haskell]']"
99,"['currentEmp13[33]_0', 'currentEmp13[SQ033]_0', 'currentEmp13[34]_2']","[' In which disciplines do you work (select as many as apply) [History]', ' In which disciplines do you work (select as many as apply)? [History]', ' In which disciplines do you work (select as many as apply) [History]']"
100,"['currentEmp13[34]_0', 'currentEmp13[SQ034]_0', 'currentEmp13[34]_1', 'currentEmp13[35]_1']","[' In which disciplines do you work (select as many as apply) [History of Art, Architecture & Design]', ' In which disciplines do you work (select as many as apply)? [History of Art, Architecture & Design]', ' In which disciplines do you work (select as many as apply) [History of Art, Architecture & Design,]', ' In which disciplines do you work (select as many as apply) [History of Art, Architecture & Design]']"
101,"['currentEmp13[35]_0', 'currentEmp13[SQ035]_0', 'currentEmp13[36]_1']","[' In which disciplines do you work (select as many as apply) [Hospitality, Leisure, Recreation & Tourism]', ' In which disciplines do you work (select as many as apply)? [Hospitality, Leisure, Recreation & Tourism]', ' In which disciplines do you work (select as many as apply) [Hospitality, Leisure, Recreation & Tourism]']"
102,"['likert1[turnOver3]_0', 'likerttime1[turnOver3]_0']","[' [How often do you consider leaving your job?]', ' Please rate the following propositions. There are no right or wrong answers [How often do you consider leaving your job?]']"
103,"['likert3[turnOver4]_0', 'likerttime1[turnOver4]_0']","[' [How often do you dream about getting another job that will better suit your needs?]', ' Please rate the following propositions. There are no right or wrong answers [How often do you dream about getting another job that will better suit your needs?]']"
104,"['likert1[turnOver1]_0', 'likertime2[turnOver1]_0']","[' [How often do you feel frustrated when not given the opportunity to achieve your personal work-related goals?]', ' Please rate the following propositions. There are no right or wrong answers [How often do you feel frustrated when not given the opportunity to achieve your personal work-related goals?]']"
105,"['likert1[turnOver2]_0', 'likert3[turnOver2]_0', 'likertime2[turnOver2]_0']","[' [How often do you look forward to another day at work?]', ' [How often do you look forward to another day at work?]', ' Please rate the following propositions. There are no right or wrong answers [How often do you look forward to another day at work?]']"
106,"['likert2[affRec2]_0', 'likertagree2[affRec2]_0']","[' [I am satisfied with a word of thanks from my supervisor/line manager]', ' Please rate the following propositions. There are no right or wrong answers [I am satisfied with a word of thanks from my supervisor/line manager]']"
107,"['likert2[affRec1]_0', 'likert4[affRec1]_0', 'likertagree3[affRec1]_0']","["" [I am satisfied with my supervisor/line manager's confidence in me]"", "" [I am satisfied with my supervisor/line manager's confidence in me]"", "" Please rate the following propositions. There are no right or wrong answers [I am satisfied with my supervisor/line manager's confidence in me]""]"
108,"['likert2[affRec4]_0', 'likertagree1[affRec4]_0']","[' [I am satisfied with the compliments from my supervisor/line manager concerning my work]', ' Please rate the following propositions. There are no right or wrong answers [I am satisfied with the compliments from my supervisor/line manager concerning my work]']"
109,"['likert2[affRec5]_0', 'likertagree3[affRec5]_0']","[' [I am satisfied with the encouragement from my supervisor/line manager while doing my job]', ' Please rate the following propositions. There are no right or wrong answers [I am satisfied with the encouragement from my supervisor/line manager while doing my job]']"
110,"['likert2[affRec3]_0', 'likert4[affRec3]_0', 'likertagree2[affRec3]_0']","[' [I am satisfied with the recognition I receive from my supervisor/line manager for doing my job]', ' [I am satisfied with the recognition I receive from my supervisor/line manager for doing my job]', ' Please rate the following propositions. There are no right or wrong answers [I am satisfied with the recognition I receive from my supervisor/line manager for doing my job]']"
111,"['likert2[percEmp2]_0', 'likert4[percEmp2]_0', 'likertagree2[percEmp2]_0']","[' [I can think of a number of organisations that would probably offer me a job]', ' [I can think of a number of organisations that would probably offer me a job]', ' Please rate the following propositions. There are no right or wrong answers [I can think of a number of organisations that would probably offer me a job]']"
112,"['likert2[affSat3]_0', 'likertagree1[affSat3]_0']","[' [I feel fairly well satisfied with my job]', ' Please rate the following propositions. There are no right or wrong answers [I feel satisfied with my job]']"
113,"['likert2[affSat1]_0', 'likert4[affSat1]_0', 'likertagree2[affSat1]_0']","[' [I find real enjoyment in my job]', ' [I find real enjoyment in my job]', ' Please rate the following propositions. There are no right or wrong answers [I find real enjoyment in my job]']"
114,"['likert2[affSat4]_0', 'likertagree3[affSat4]_0']","[' [I like my job better than the average person]', ' Please rate the following propositions. There are no right or wrong answers [I like my job more than average]']"
115,"['fund2[16]_0', 'fund2[SQ001]_0', 'fund2[1]_1']","[' Which of the following sources are used to pay for your effort as an RSE/equivalent? [I volunteer my time]', ' Which of the following sources are used to pay for your effort as an RSE/equivalent? [I volunteer my time]', ' Which of the following sources are used to pay for your effort as an RSE/equivalent? [I volunteer my time]']"
116,"['fund3[16]_0', 'fund3[1]_1']","[' Which of the following sources are used to fund your current, largest project? [I volunteer my time]', ' Which of the following sources are used to fund your current, largest project? [I volunteer my time]']"
117,"['fund4[16]_0', 'fund4[1]_1']","[' Which of the following sources were used to fund your current, largest project three years ago? [I volunteer my time]', ' Which of the following sources were used to fund your current, largest project three years ago? [I volunteer my time]']"
118,"['likert2[turnOver6]_0', 'likertagree3[turnOver6]_0']","[' [I would accept another job at the same compensation level if I was offered it]', ' Please rate the following propositions. There are no right or wrong answers [I would accept another job at the same compensation level if I was offered it]']"
119,"['currentEmp13[36]_0', 'currentEmp13[SQ036]_0', 'currentEmp13[37]_1']","[' In which disciplines do you work (select as many as apply) [Iberian Languages/Hispanic Studies]', ' In which disciplines do you work (select as many as apply)? [Iberian Languages/Hispanic Studies]', ' In which disciplines do you work (select as many as apply) [Iberian Languages/Hispanic Studies]']"
120,"['likert3[satisgen2]_0', 'likert5[satisgen2]_0', 'satisGen1[SQ002]_0', 'likert3[satisgen2]_1', 'likert3[satisGen2]_0']","[' [In general, how satisfied are you with Your career]', ' [In general, how satisfied are you with [Your career]]', ' In general, how satisfied are you with: [Your career]', ' [In general, how satisfied are you with [Your career]]', ' [In general, how satisfied are you with your career]']"
121,"['likert3[satisgen1]_0', 'likert5[satisgen1]_0', 'satisGen1[SQ001]_0', 'likert3[satisgen1]_1', 'likert3[satisGen1]_0']","[' [In general, how satisfied are you with Your current position]', ' [In general, how satisfied are you with [Your current position]]', ' In general, how satisfied are you with: [Your current position]', ' [In general, how satisfied are you with [Your current position]]', ' [In general, how satisfied are you with your current position]']"
122,"['fund2[10]_0', 'fund2[SQ007]_0', 'fund2[7]_2']","[' Which of the following sources are used to pay for your effort as an RSE/equivalent? [Industry support]', ' Which of the following sources are used to pay for your effort as an RSE/equivalent? [Industry support]', ' Which of the following sources are used to pay for your effort as an RSE/equivalent? [Industry support]']"
123,"['fund3[10]_0', 'fund3[SQ007]_0', 'fund3[7]_2']","[' Which of the following sources are used to fund your current, largest project? [Industry support]', ' Which of the following sources are used to fund your current, largest project? [Industry support]', ' Which of the following sources are used to fund your current, largest project? [Industry support]']"
124,"['fund4[10]_0', 'fund4[SQ007]_0', 'fund4[7]_2']","[' Which of the following sources were used to fund your current, largest project three years ago? [Industry support]', ' Which of the following sources were used to fund your current, largest project three years ago? [Industry support]', ' Which of the following sources were used to fund your current, largest project three years ago? [Industry support]']"
125,"['likert2[percEmp1]_0', 'likert4[percEmp1]_0', 'likertagree1[percEmp1]_0']","[' [It would not be very difficult for me to get an equivalent job in a different organisation]', ' [It would not be very difficult for me to get an equivalent job in a different organisation]', ' Please rate the following propositions. There are no right or wrong answers [It would not be very difficult for me to get an equivalent job in a different organisation]']"
126,"['tool4can[17]_0', 'tool4can[SQ016]_0', 'tool4can[11]_1']","[' What programming languages do you use at work? (Select as many as apply) [Java]', ' What programming languages do you use at work? (Select as many as apply) [Java]', ' What programming languages do you use at work? (Select as many as apply) [Java]']"
127,"['tool4can[18]_0', 'tool4can[SQ017]_0', 'tool4can[2]_1']","[' What programming languages do you use at work? (Select as many as apply) [JavaScript]', ' What programming languages do you use at work? (Select as many as apply) [JavaScript]', ' What programming languages do you use at work? (Select as many as apply) [JavaScript]']"
128,"['org2_can[multi]_5', 'org2can[6]_0']","[' What would you hope to get out of such an organization? [Job opportunities]', ' What would you hope to get out of such an organisation (check all that apply)? [Job opportunities]']"
129,"['tool4can[19]_0', 'tool4can[SQ018]_0', 'tool4can[24]_1']","[' What programming languages do you use at work? (Select as many as apply) [Julia]', ' What programming languages do you use at work? (Select as many as apply) [Julia]', ' What programming languages do you use at work? (Select as many as apply) [Julia]']"
130,"['currentEmp13[37]_0', 'currentEmp13[SQ037]_0', 'currentEmp13[38]_1']","[' In which disciplines do you work (select as many as apply) [Land & Property Management]', ' In which disciplines do you work (select as many as apply)? [Land & Property Management]', ' In which disciplines do you work (select as many as apply) [Land & Property Management]']"
131,"['currentEmp13[38]_0', 'currentEmp13[SQ038]_0', 'currentEmp13[39]_1']","[' In which disciplines do you work (select as many as apply) [Law]', ' In which disciplines do you work (select as many as apply)? [Law]', ' In which disciplines do you work (select as many as apply) [Law]']"
132,"['currentEmp13[39]_0', 'currentEmp13[SQ039]_0', 'currentEmp13[40]_1']","[' In which disciplines do you work (select as many as apply) [Librarianship & Information Management]', ' In which disciplines do you work (select as many as apply)? [Librarianship & Information Management]', ' In which disciplines do you work (select as many as apply) [Librarianship & Information Management]']"
133,"['currentEmp13[40]_0', 'currentEmp13[SQ040]_0', 'currentEmp13[41]_1']","[' In which disciplines do you work (select as many as apply) [Linguistics]', ' In which disciplines do you work (select as many as apply)? [Linguistics]', ' In which disciplines do you work (select as many as apply) [Linguistics]']"
134,"['ukrse2[3]_0', 'ukrse2[SQ002]_0', 'ukrse2[2]_2']","[' How do you meet other RSEs? [Local RSE group/network]', ' How do you meet other RSEs? [Local RSE group/network]', ' How do you meet other RSEs? [Local RSE group/network]']"
135,"['tool4can[20]_0', 'tool4can[SQ019]_0', 'tool4can[25]_1']","[' What programming languages do you use at work? (Select as many as apply) [Lua]', ' What programming languages do you use at work? (Select as many as apply) [Lua]', ' What programming languages do you use at work? (Select as many as apply) [Lua]']"
136,"['currentEmp13[41]_0', 'currentEmp13[SQ041]_0', 'currentEmp13[42]_1']","[' In which disciplines do you work (select as many as apply) [Marketing]', ' In which disciplines do you work (select as many as apply)? [Marketing]', ' In which disciplines do you work (select as many as apply) [Marketing]']"
137,"['currentEmp13[42]_0', 'currentEmp13[SQ042]_0', 'currentEmp13[43]_1']","[' In which disciplines do you work (select as many as apply) [Materials Technology]', ' In which disciplines do you work (select as many as apply)? [Materials Technology]', ' In which disciplines do you work (select as many as apply) [Materials Technology]']"
138,"['currentEmp13[43]_0', 'currentEmp13[SQ043]_0', 'currentEmp13[44]_1']","[' In which disciplines do you work (select as many as apply) [Mathematics]', ' In which disciplines do you work (select as many as apply)? [Mathematics]', ' In which disciplines do you work (select as many as apply) [Mathematics]']"
139,"['tool4can[21]_0', 'tool4can[SQ020]_0', 'tool4can[19]_1']","[' What programming languages do you use at work? (Select as many as apply) [Matlab]', ' What programming languages do you use at work? (Select as many as apply) [Matlab]', ' What programming languages do you use at work? (Select as many as apply) [Matlab]']"
140,"['currentEmp13[44]_0', 'currentEmp13[SQ044]_0', 'currentEmp13[45]_1']","[' In which disciplines do you work (select as many as apply) [Mechanical Engineering]', ' In which disciplines do you work (select as many as apply)? [Mechanical Engineering]', ' In which disciplines do you work (select as many as apply) [Mechanical Engineering]']"
141,"['currentEmp13[45]_0', 'currentEmp13[SQ045]_0', 'currentEmp13[46]_1']","[' In which disciplines do you work (select as many as apply) [Medicine]', ' In which disciplines do you work (select as many as apply)? [Medicine]', ' In which disciplines do you work (select as many as apply) [Medicine]']"
142,"['fund2[7]_0', 'fund2[SQ011]_0', 'fund2[13]_1', 'fund2[11]_1']","[' Which of the following sources are used to pay for your effort as an RSE/equivalent? [Membership]', ' Which of the following sources are used to pay for your effort as an RSE/equivalent? [Membership]', ' Which of the following sources are used to pay for your effort as an RSE/equivalent? [Membership]', ' Which of the following sources are used to pay for your effort as an RSE/equivalent? [Membership]']"
143,"['fund3[7]_0', 'fund3[SQ011]_0', 'fund3[13]_1', 'fund3[11]_1']","[' Which of the following sources are used to fund your current, largest project? [Membership]', ' Which of the following sources are used to fund your current, largest project? [Membership]', ' Which of the following sources are used to fund your current, largest project? [Membership]', ' Which of the following sources are used to fund your current, largest project? [Membership]']"
144,"['fund4[7]_0', 'fund4[SQ011]_0', 'fund4[13]_1', 'fund4[11]_1']","[' Which of the following sources were used to fund your current, largest project three years ago? [Membership]', ' Which of the following sources were used to fund your current, largest project three years ago? [Membership]', ' Which of the following sources were used to fund your current, largest project three years ago? [Membership]', ' Which of the following sources were used to fund your current, largest project three years ago? [Membership]']"
145,"['currentEmp13[46]_0', 'currentEmp13[SQ046]_0', 'currentEmp13[47]_1']","[' In which disciplines do you work (select as many as apply) [Middle Eastern and African Studies]', ' In which disciplines do you work (select as many as apply)? [Middle Eastern and African Studies]', ' In which disciplines do you work (select as many as apply) [Middle Eastern and African Studies]']"
146,"['likert2[affSat2]_0', 'likert4[affSat2]_0', 'likertagree2[affSat2]_0']","[' [Most days I am enthusiastic about my job]', ' [Most days I am enthusiastic about my job]', ' Please rate the following propositions. There are no right or wrong answers [Most days I am enthusiastic about my job]']"
147,"['currentEmp13[47]_0', 'currentEmp13[SQ047]_0', 'currentEmp13[48]_1']","[' In which disciplines do you work (select as many as apply) [Music]', ' In which disciplines do you work (select as many as apply)? [Music]', ' In which disciplines do you work (select as many as apply) [Music]']"
148,"['likert2[turnOver5]_0', 'likertagree1[turnOver5]_0']","[' [My current job satisfies my personal needs]', ' Please rate the following propositions. There are no right or wrong answers [My current job satisfies my personal needs]']"
149,"['likert2[percEmp3]_0', 'likert4[percEmp3]_0', 'likertagree1[percEmp3]_0']","[' [My experience is in demand on the labour market]', ' [My experience is in demand on the labour market]', ' Please rate the following propositions. There are no right or wrong answers [My experience is in demand on the labour market]']"
150,"['ukrse2[4]_0', 'ukrse2[SQ003]_0', 'ukrse2[3]_2', 'ukrse2[2]_3']","[' How do you meet other RSEs? [N/A]', ' How do you meet other RSEs? [N/A]', ' How do you meet other RSEs? [N/A]', ' How do you meet other RSEs? [N/A]']"
151,"['org2_can[multi]_0', 'org2can[1]_0']","[' What would you hope to get out of such an organization? [Networking]', ' What would you hope to get out of such an organisation (check all that apply)? [Networking]']"
152,"['proj4can[1]_0', 'proj4can[SQ001]_0']","[' In general, what sort of testing do you conduct on your software? (check all that apply) [No formal testing]', ' In general, what sort of testing do you conduct on your software? (check all that apply) [No formal testing]']"
153,"['currentEmp13[48]_0', 'currentEmp13[SQ048]_0', 'currentEmp13[49]_1']","[' In which disciplines do you work (select as many as apply) [Nursing]', ' In which disciplines do you work (select as many as apply)? [Nursing]', ' In which disciplines do you work (select as many as apply) [Nursing]']"
154,"['tool4can[22]_0', 'tool4can[SQ021]_0', 'tool4can[27]_1']","[' What programming languages do you use at work? (Select as many as apply) [Objective-C]', ' What programming languages do you use at work? (Select as many as apply) [Objective-C]', ' What programming languages do you use at work? (Select as many as apply) [Objective-C]']"
155,"['fund2[14]_0', 'fund2[SQ013]_0', 'fund2[15]_1', 'fund2[13]_2']","[' Which of the following sources are used to pay for your effort as an RSE/equivalent? [Open core]', ' Which of the following sources are used to pay for your effort as an RSE/equivalent? [Open core]', ' Which of the following sources are used to pay for your effort as an RSE/equivalent? [Open core]', ' Which of the following sources are used to pay for your effort as an RSE/equivalent? [Open core]']"
156,"['fund3[14]_0', 'fund3[SQ013]_0', 'fund3[15]_1', 'fund3[13]_2']","[' Which of the following sources are used to fund your current, largest project? [Open core]', ' Which of the following sources are used to fund your current, largest project? [Open core]', ' Which of the following sources are used to fund your current, largest project? [Open core]', ' Which of the following sources are used to fund your current, largest project? [Open core]']"
157,"['fund4[14]_0', 'fund4[SQ013]_0', 'fund4[15]_1', 'fund4[13]_2']","[' Which of the following sources were used to fund your current, largest project three years ago? [Open core]', ' Which of the following sources were used to fund your current, largest project three years ago? [Open core]', ' Which of the following sources were used to fund your current, largest project three years ago? [Open core]', ' Which of the following sources were used to fund your current, largest project three years ago? [Open core]']"
158,"['currentEmp13[49]_0', 'currentEmp13[SQ049]_0', 'currentEmp13[50]_1']","[' In which disciplines do you work (select as many as apply) [Ophthalmics]', ' In which disciplines do you work (select as many as apply)? [Ophthalmics]', ' In which disciplines do you work (select as many as apply) [Ophthalmics]']"
159,"['tool4can[24]_0', 'tool4can[SQ023]_0', 'tool4can[4]_1']","[' What programming languages do you use at work? (Select as many as apply) [PHP]', ' What programming languages do you use at work? (Select as many as apply) [PHP]', ' What programming languages do you use at work? (Select as many as apply) [PHP]']"
160,"['tool4can[23]_0', 'tool4can[SQ022]_0', 'tool4can[20]_1']","[' What programming languages do you use at work? (Select as many as apply) [Perl]', ' What programming languages do you use at work? (Select as many as apply) [Perl]', ' What programming languages do you use at work? (Select as many as apply) [Perl]']"
161,"['currentEmp13[50]_0', 'currentEmp13[SQ050]_0', 'currentEmp13[51]_1']","[' In which disciplines do you work (select as many as apply) [Pharmacology & Pharmacy]', ' In which disciplines do you work (select as many as apply)? [Pharmacology & Pharmacy]', ' In which disciplines do you work (select as many as apply) [Pharmacology & Pharmacy]']"
162,"['currentEmp13[51]_0', 'currentEmp13[SQ051]_0', 'currentEmp13[52]_1']","[' In which disciplines do you work (select as many as apply) [Philosophy]', ' In which disciplines do you work (select as many as apply)? [Philosophy]', ' In which disciplines do you work (select as many as apply) [Philosophy]']"
163,"['currentEmp13[52]_0', 'currentEmp13[SQ052]_0', 'currentEmp13[53]_1']","[' In which disciplines do you work (select as many as apply) [Physics and Astronomy]', ' In which disciplines do you work (select as many as apply)? [Physics and Astronomy]', ' In which disciplines do you work (select as many as apply) [Physics and Astronomy]']"
164,"['currentEmp13[53]_0', 'currentEmp13[SQ053]_0', 'currentEmp13[54]_1']","[' In which disciplines do you work (select as many as apply) [Physiotherapy]', ' In which disciplines do you work (select as many as apply)? [Physiotherapy]', ' In which disciplines do you work (select as many as apply) [Physiotherapy]']"
165,"['currentEmp13[54]_0', 'currentEmp13[SQ054]_0', 'currentEmp13[55]_1']","[' In which disciplines do you work (select as many as apply) [Politics]', ' In which disciplines do you work (select as many as apply)? [Politics]', ' In which disciplines do you work (select as many as apply) [Politics]']"
166,"['currentEmp13[55]_0', 'currentEmp13[SQ055]_0', 'currentEmp13[56]_1']","[' In which disciplines do you work (select as many as apply) [Psychology]', ' In which disciplines do you work (select as many as apply)? [Psychology]', ' In which disciplines do you work (select as many as apply) [Psychology]']"
167,"['tool4can[25]_0', 'tool4can[SQ024]_0', 'tool4can[28]_1']","[' What programming languages do you use at work? (Select as many as apply) [Python]', ' What programming languages do you use at work? (Select as many as apply) [Python]', ' What programming languages do you use at work? (Select as many as apply) [Python]']"
168,"['tool4can[26]_0', 'tool4can[SQ025]_0', 'tool4can[3]_1']","[' What programming languages do you use at work? (Select as many as apply) [R]', ' What programming languages do you use at work? (Select as many as apply) [R]', ' What programming languages do you use at work? (Select as many as apply) [R]']"
169,['fund2[4]_1'],[' Which of the following sources are used to pay for your effort as an RSE/equivalent? [Re-charge or charge-back]']
170,['fund3[4]_1'],"[' Which of the following sources are used to fund your current, largest project? [Re-charge or charge-back]']"
171,['fund4[4]_1'],"[' Which of the following sources were used to fund your current, largest project three years ago? [Re-charge or charge-back]']"
172,"['org2_can[multi]_4', 'org2can[5]_0']","[' What would you hope to get out of such an organization? [Research Software Standards and Interoperability]', ' What would you hope to get out of such an organisation (check all that apply)? [Research software standards and interoperability definition]']"
173,"['org2_can[multi]_2', 'org2can[3]_0']","[' What would you hope to get out of such an organization? [Research collaborations]', ' What would you hope to get out of such an organisation (check all that apply)? [Research collaborations]']"
174,"['currentEmp13[56]_0', 'currentEmp13[SQ056]_0', 'currentEmp13[57]_1']","[' In which disciplines do you work (select as many as apply) [Robotics]', ' In which disciplines do you work (select as many as apply)? [Robotics]', ' In which disciplines do you work (select as many as apply) [Robotics]']"
175,"['tool4can[27]_0', 'tool4can[SQ026]_0', 'tool4can[34]_1']","[' What programming languages do you use at work? (Select as many as apply) [Ruby]', ' What programming languages do you use at work? (Select as many as apply) [Ruby]', ' What programming languages do you use at work? (Select as many as apply) [Ruby]']"
176,"['currentEmp13[57]_0', 'currentEmp13[SQ057]_0', 'currentEmp13[58]_1']","[' In which disciplines do you work (select as many as apply) [Russian & East European Languages]', ' In which disciplines do you work (select as many as apply)? [Russian & East European Languages]', ' In which disciplines do you work (select as many as apply) [Russian & East European Languages]']"
177,"['tool4can[28]_0', 'tool4can[SQ027]_0', 'tool4can[12]_1']","[' What programming languages do you use at work? (Select as many as apply) [Rust]', ' What programming languages do you use at work? (Select as many as apply) [Rust]', ' What programming languages do you use at work? (Select as many as apply) [Rust]']"
178,"['tool4can[31]_0', 'tool4can[SQ030]_0', 'tool4can[13]_1']","[' What programming languages do you use at work? (Select as many as apply) [SQL]', ' What programming languages do you use at work? (Select as many as apply) [SQL]', ' What programming languages do you use at work? (Select as many as apply) [SQL]']"
179,"['fund2[SQ010]_0', 'fund2[12]_1', 'fund2[10]_1']","[' Which of the following sources are used to pay for your effort as an RSE/equivalent? [SaaS]', ' Which of the following sources are used to pay for your effort as an RSE/equivalent? [SaaS]', ' Which of the following sources are used to pay for your effort as an RSE/equivalent? [SaaS]']"
180,"['fund3[SQ010]_0', 'fund3[12]_1', 'fund3[10]_1']","[' Which of the following sources are used to fund your current, largest project? [SaaS]', ' Which of the following sources are used to fund your current, largest project? [SaaS]', ' Which of the following sources are used to fund your current, largest project? [SaaS]']"
181,"['fund4[SQ010]_0', 'fund4[12]_1', 'fund4[10]_1']","[' Which of the following sources were used to fund your current, largest project three years ago? [SaaS]', ' Which of the following sources were used to fund your current, largest project three years ago? [SaaS]', ' Which of the following sources were used to fund your current, largest project three years ago? [SaaS]']"
182,"['tool4can[29]_0', 'tool4can[SQ028]_0', 'tool4can[26]_1']","[' What programming languages do you use at work? (Select as many as apply) [Scala]', ' What programming languages do you use at work? (Select as many as apply) [Scala]', ' What programming languages do you use at work? (Select as many as apply) [Scala]']"
183,"['tool4can[30]_0', 'tool4can[SQ029]_0', 'tool4can[8]_1']","[' What programming languages do you use at work? (Select as many as apply) [Smalltalk]', ' What programming languages do you use at work? (Select as many as apply) [Smalltalk]', ' What programming languages do you use at work? (Select as many as apply) [Smalltalk]']"
184,"['currentEmp13[58]_0', 'currentEmp13[SQ058]_0', 'currentEmp13[59]_1']","[' In which disciplines do you work (select as many as apply) [Social Policy]', ' In which disciplines do you work (select as many as apply)? [Social Policy]', ' In which disciplines do you work (select as many as apply) [Social Policy]']"
185,"['currentEmp13[59]_0', 'currentEmp13[SQ059]_0', 'currentEmp13[60]_1']","[' In which disciplines do you work (select as many as apply) [Social Work]', ' In which disciplines do you work (select as many as apply)? [Social Work]', ' In which disciplines do you work (select as many as apply) [Social Work]']"
186,"['currentEmp13[60]_0', 'currentEmp13[SQ060]_0', 'currentEmp13[61]_1']","[' In which disciplines do you work (select as many as apply) [Sociology]', ' In which disciplines do you work (select as many as apply)? [Sociology]', ' In which disciplines do you work (select as many as apply) [Sociology]']"
187,"['org2_can[multi]_1', 'org2can[2]_0']","[' What would you hope to get out of such an organization? [Software collaborations]', ' What would you hope to get out of such an organisation (check all that apply)? [Software collaborations]']"
188,"['currentEmp13[61]_0', 'currentEmp13[SQ061]_0', 'currentEmp13[62]_1']","[' In which disciplines do you work (select as many as apply) [Sports Science]', ' In which disciplines do you work (select as many as apply)? [Sports Science]', ' In which disciplines do you work (select as many as apply) [Sports Science]']"
189,['fund2[5]_0'],[' Which of the following sources are used to pay for your effort as an RSE/equivalent? [Stifterverband]']
190,['fund3[5]_0'],"[' Which of the following sources are used to fund your current, largest project? [Stifterverband]']"
191,['fund4[5]_0'],"[' Which of the following sources were used to fund your current, largest project three years ago? [Stifterverband]']"
192,"['tool4can[32]_0', 'tool4can[SQ031]_0', 'tool4can[1]_1']","[' What programming languages do you use at work? (Select as many as apply) [Swift]', ' What programming languages do you use at work? (Select as many as apply) [Swift]', ' What programming languages do you use at work? (Select as many as apply) [Swift]']"
193,"['proj4can[3]_0', 'proj4can[SQ003]_0']","[' In general, what sort of testing do you conduct on your software? (check all that apply) [Test engineers conduct testing]', ' In general, what sort of testing do you conduct on your software? (check all that apply) [Test engineers conduct testing]']"
194,"['currentEmp13[62]_0', 'currentEmp13[SQ062]_0', 'currentEmp13[63]_1']","[' In which disciplines do you work (select as many as apply) [Theology & Religious Studies]', ' In which disciplines do you work (select as many as apply)? [Theology & Religious Studies]', ' In which disciplines do you work (select as many as apply) [Theology & Religious Studies]']"
195,"['currentEmp13[63]_0', 'currentEmp13[SQ063]_0', 'currentEmp13[64]_1']","[' In which disciplines do you work (select as many as apply) [Town & Country Planning and Landscape Design]', ' In which disciplines do you work (select as many as apply)? [Town & Country Planning and Landscape Design]', ' In which disciplines do you work (select as many as apply) [Town & Country Planning and Landscape Design]']"
196,"['fund2[15]_0', 'fund2[SQ016]_0', 'fund2[18]_0', 'fund2[16]_2']","[' Which of the following sources are used to pay for your effort as an RSE/equivalent? [Trademark licensing & franchising]', ' Which of the following sources are used to pay for your effort as an RSE/equivalent? [Trademark licensing & franchising]', ' Which of the following sources are used to pay for your effort as an RSE/equivalent? [Trademark licensing & franchising]', ' Which of the following sources are used to pay for your effort as an RSE/equivalent? [Trademark licensing & franchising]']"
197,"['fund3[15]_0', 'fund3[SQ016]_0', 'fund3[18]_0', 'fund3[16]_2']","[' Which of the following sources are used to fund your current, largest project? [Trademark licensing & franchising]', ' Which of the following sources are used to fund your current, largest project? [Trademark licensing & franchising]', ' Which of the following sources are used to fund your current, largest project? [Trademark licensing & franchising]', ' Which of the following sources are used to fund your current, largest project? [Trademark licensing & franchising]']"
198,"['fund4[15]_0', 'fund4[SQ016]_0', 'fund4[18]_0', 'fund4[16]_2']","[' Which of the following sources were used to fund your current, largest project three years ago? [Trademark licensing & franchising]', ' Which of the following sources were used to fund your current, largest project three years ago? [Trademark licensing & franchising]', ' Which of the following sources were used to fund your current, largest project three years ago? [Trademark licensing & franchising]', ' Which of the following sources were used to fund your current, largest project three years ago? [Trademark licensing & franchising]']"
199,"['org2_can[multi]_3', 'org2can[4]_0']","[' What would you hope to get out of such an organization? [Training]', ' What would you hope to get out of such an organisation (check all that apply)? [Training]']"
200,"['tool4can[33]_0', 'tool4can[SQ032]_0', 'tool4can[14]_1']","[' What programming languages do you use at work? (Select as many as apply) [TypeScript]', ' What programming languages do you use at work? (Select as many as apply) [TypeScript]', ' What programming languages do you use at work? (Select as many as apply) [TypeScript]']"
201,"['ukrse2[1]_0', 'ukrse2[1]_1', 'ukrse2[1]_2']","[' How do you meet other RSEs? [UK RSE Association (http://rse.ac.uk/)]', ' How do you meet other RSEs? [UK RSE Association / Conference]', ' How do you meet other RSEs? [UK RSE Association]']"
202,"['proj4can[4]_0', 'proj4can[SQ004]_0']","[' In general, what sort of testing do you conduct on your software? (check all that apply) [Users conduct testing]', ' In general, what sort of testing do you conduct on your software? (check all that apply) [Users conduct testing]']"
203,"['tool4can[34]_0', 'tool4can[SQ033]_0', 'tool4can[33]_1']","[' What programming languages do you use at work? (Select as many as apply) [VB.NET]', ' What programming languages do you use at work? (Select as many as apply) [VB.NET]', ' What programming languages do you use at work? (Select as many as apply) [VB.NET]']"
204,"['tool4can[35]_0', 'tool4can[SQ034]_0', 'tool4can[31]_1']","[' What programming languages do you use at work? (Select as many as apply) [VBA]', ' What programming languages do you use at work? (Select as many as apply) [VBA]', ' What programming languages do you use at work? (Select as many as apply) [VBA]']"
205,"['fund2[12]_0', 'fund2[SQ015]_0', 'fund2[17]_0', 'fund2[15]_2']","[' Which of the following sources are used to pay for your effort as an RSE/equivalent? [Venture capital]', ' Which of the following sources are used to pay for your effort as an RSE/equivalent? [Venture capital]', ' Which of the following sources are used to pay for your effort as an RSE/equivalent? [Venture capital]', ' Which of the following sources are used to pay for your effort as an RSE/equivalent? [Venture capital]']"
206,"['fund3[12]_0', 'fund3[SQ015]_0', 'fund3[17]_0', 'fund3[15]_2']","[' Which of the following sources are used to fund your current, largest project? [Venture capital]', ' Which of the following sources are used to fund your current, largest project? [Venture capital]', ' Which of the following sources are used to fund your current, largest project? [Venture capital]', ' Which of the following sources are used to fund your current, largest project? [Venture capital]']"
207,"['fund4[12]_0', 'fund4[SQ015]_0', 'fund4[17]_0', 'fund4[15]_2']","[' Which of the following sources were used to fund your current, largest project three years ago? [Venture capital]', ' Which of the following sources were used to fund your current, largest project three years ago? [Venture capital]', ' Which of the following sources were used to fund your current, largest project three years ago? [Venture capital]', ' Which of the following sources were used to fund your current, largest project three years ago? [Venture capital]']"
208,"['currentEmp13[64]_0', 'currentEmp13[SQ064]_0', 'currentEmp13[65]_1']","[' In which disciplines do you work (select as many as apply) [Veterinary Medicine]', ' In which disciplines do you work (select as many as apply)? [Veterinary Medicine]', ' In which disciplines do you work (select as many as apply) [Veterinary Medicine]']"
209,"['tool4can[36]_0', 'tool4can[SQ035]_0', 'tool4can[17]_1']","[' What programming languages do you use at work? (Select as many as apply) [Visual Basic]', ' What programming languages do you use at work? (Select as many as apply) [Visual Basic]', ' What programming languages do you use at work? (Select as many as apply) [Visual Basic]']"
210,['fund3[SQ001]_0'],"[' Which of the following sources are used to fund your current, largest project? [Volunteers]']"
211,['fund4[SQ001]_0'],"[' Which of the following sources were used to fund your current, largest project three years ago? [Volunteers]']"
212,"['currentEmp13[65]_0', 'currentEmp13[SQ065]_0', 'currentEmp13[66]_0']","[' In which disciplines do you work (select as many as apply) [Youth Work]', ' In which disciplines do you work (select as many as apply)? [Youth Work]', ' In which disciplines do you work (select as many as apply) [Youth Work]']"
213,"['edu1_0', 'edu1_1', 'edu1_2']","[' What is the highest level of education you have attained?', ' What is the highest qualification you have obtained?', ' What is the highest degree/qualification you have obtained?']"
214,"['edu2_0', 'edu2_1', 'edu2_2']","[' In which discipline is your highest academic qualification?', ' In which subject is your highest academic qualification?', ' In which subject is your highest academic degree/qualification?']"
215,"['edu4_0', 'edu4_1', 'edu4_2']","[' List any professional qualifications you hold (eg. P. Eng, PMP, …)', ' Do you hold any other professional qualifications?', ' Do you hold any other professional degrees/qualifications? (Please enter each of them separated by a semicolon)']"
216,"['conf2can_0', 'conf2can_1', 'conf2can_2', 'conf2can_3', 'conf2_can_0']","[' Which conference(s)/workshop(s) (comma separated list with FULLNAME (ACRONYM), ACRONYM, ...)', ' Which conferences or workshops?', ' Which conference(s)/workshop(s) (comma separated list with FULLNAME (ACRONYM))', ' Which conference(s)/workshop(s) (Please write a comma separated list with FULLNAME and ACRONYM)', ' Which conference(s)/workshop(s)?']"
217,"['currentEmp10_0', 'currentEmp10_1', 'currentEmp10_2']","[' What is the nature of your current employment?', ' What type of contract are you employed on?', ' What type of employment do you have?']"
218,"['currentEmp11_0', 'currentEmp11_1', 'currentEmp11_2', 'currentEmp11_3']","[' What is the duration (in years) of your current contract?', ' What is the duration of your current contract? (in years)', ' What is the duration of your current contract in months?', ' What is the total duration of your current employment (in years)?']"
219,"['currentEmp12_0', 'currentEmp12_1', 'currentEmp12_2']","[' Do you work full time or part time', ' Do you work full time (36 hours or more) or part time?', ' Do you work full time or part time?']"
220,"['currentEmp1_0', 'currentEmp1_1']","[' What type of organization do you work for?', ' What type of organisation do you work for?']"
221,"['likert0[time1can]_0', 'likert0[time1can]_1', 'time1can[time1can]_0', 'time1can_0']","[' [In an average month, how much time do you spend on software development]', ' [In an average month, how much time do you spend on software development (Please rate your answer between 1 to 10. 1 Being none at all and 10 being All your time.)]', ' In an average month, how much time do you spend on: [Software development]', ' On average, how much of your time is spent developing software?']"
222,"['likert0[time2can]_0', 'time1can[time2can]_0', 'time2can_0']","[' [In an average month, how much time do you spend on Research]', ' In an average month, how much time do you spend on: [Research]', ' On average, how much of your time is spent on research?']"
223,"['likert0[time3can]_0', 'time3can_0']","[' [In an average month, how much time do you spend on Management]', ' On average, how much time do you spend on management?']"
224,"['likert0[time4can]_0', 'time1can[time4can]_0']","[' [In an average month, how much time do you spend on Teaching]', ' In an average month, how much time do you spend on: [Teaching]']"
225,"['likert0[time5can]_0', 'time1can[time5can]_0', 'time5can_0']","[' [In an average month, how much time do you spend on Other activities]', ' In an average month, how much time do you spend on: [Other activities]', ' On average, how much time do you spend on other activities?']"
226,"['likert1[perfCheck1]_0', 'likerttime1[perfCheck1]_0']","[' [Do you receive sufficient information on the results of your work?]', ' Please rate the following propositions. There are no right or wrong answers [Do you receive sufficient information on the results of your work?]']"
227,"['likert1[perfCheck2]_0', 'likerttime1[perfCheck2]_0']","[' [Does your work give you the opportunity to check on how well you are doing your work?]', ' Please rate the following propositions. There are no right or wrong answers [Do you get the opportunity to check on how well you are doing your work?]']"
228,"['likert1[perfCheck3]_0', 'likerttime1[perfCheck3]_0']","[' [In your work, do you have access to sufficient data and information?]', ' Please rate the following propositions. There are no right or wrong answers [Do you have access to sufficient data and information to do your work?]']"
229,"['likert1[perfCheck4]_0', 'likertime2[perfCheck4]_0']","[' [Do you receive sufficient information on the purpose of your work?]', ' Please rate the following propositions. There are no right or wrong answers [Do you receive sufficient information on the purpose of your work?]']"
230,"['likert1[perfCheck5]_0', 'likertime2[perfCheck5]_0']","[' [Does your work provide you with direct feedback on how well you are doing your work?]', ' Please rate the following propositions. There are no right or wrong answers [Does your work provide you with direct feedback on how well you are doing?]']"
231,"['likert1[perfCheck6]_0', 'likertime2[perfCheck6]_0']","[' [Does your supervisor/line manager inform you about how well you are doing your work?]', ' Please rate the following propositions. There are no right or wrong answers [Does your supervisor/line manager inform you about how well you are doing your work?]']"
232,"['likert1[perfCheck7]_0', 'likerttime1[perfCheck7]_0']","[' [Do your colleagues inform you about how well you are doing your work?]', ' Please rate the following propositions. There are no right or wrong answers [Do your colleagues inform you about how well you are doing your work?]']"
233,"['likert1[turnOver1]_0', 'likertime2[turnOver1]_0']","[' [How often do you feel frustrated when not given the opportunity to achieve your personal work-related goals?]', ' Please rate the following propositions. There are no right or wrong answers [How often do you feel frustrated when not given the opportunity to achieve your personal work-related goals?]']"
234,"['likert1[turnOver2]_0', 'likertime2[turnOver2]_0', 'likert3[turnOver2]_0']","[' [How often do you look forward to another day at work?]', ' Please rate the following propositions. There are no right or wrong answers [How often do you look forward to another day at work?]', ' [How often do you look forward to another day at work?]']"
235,"['likert1[turnOver3]_0', 'likerttime1[turnOver3]_0']","[' [How often do you consider leaving your job?]', ' Please rate the following propositions. There are no right or wrong answers [How often do you consider leaving your job?]']"
236,"['likert1[turnOver4]_0', 'likerttime1[turnOver4]_0', 'likert3[turnOver4]_0']","[' [How often do dream about getting another job that will better suit your needs?]', ' Please rate the following propositions. There are no right or wrong answers [How often do you dream about getting another job that will better suit your needs?]', ' [How often do you dream about getting another job that will better suit your needs?]']"
237,"['likert2[turnOver5]_0', 'likertagree1[turnOver5]_0']","[' [My current job satisfies my personal needs]', ' Please rate the following propositions. There are no right or wrong answers [My current job satisfies my personal needs]']"
238,"['likert2[turnOver6]_0', 'likertagree3[turnOver6]_0']","[' [I would accept another job at the same compensation level if I was offered it]', ' Please rate the following propositions. There are no right or wrong answers [I would accept another job at the same compensation level if I was offered it]']"
239,"['likert2[affRec1]_0', 'likert4[affRec1]_0', 'likertagree3[affRec1]_0']","["" [I am satisfied with my supervisor/line manager's confidence in me]"", "" [I am satisfied with my supervisor/line manager's confidence in me]"", "" Please rate the following propositions. There are no right or wrong answers [I am satisfied with my supervisor/line manager's confidence in me]""]"
240,"['likert2[affRec2]_0', 'likertagree2[affRec2]_0']","[' [I am satisfied with a word of thanks from my supervisor/line manager]', ' Please rate the following propositions. There are no right or wrong answers [I am satisfied with a word of thanks from my supervisor/line manager]']"
241,"['likert2[affRec3]_0', 'likert4[affRec3]_0', 'likertagree2[affRec3]_0']","[' [I am satisfied with the recognition I receive from my supervisor/line manager for doing my job]', ' [I am satisfied with the recognition I receive from my supervisor/line manager for doing my job]', ' Please rate the following propositions. There are no right or wrong answers [I am satisfied with the recognition I receive from my supervisor/line manager for doing my job]']"
242,"['likert2[affRec4]_0', 'likertagree1[affRec4]_0']","[' [I am satisfied with the compliments from my supervisor/line manager concerning my work]', ' Please rate the following propositions. There are no right or wrong answers [I am satisfied with the compliments from my supervisor/line manager concerning my work]']"
243,"['likert2[affRec5]_0', 'likertagree3[affRec5]_0']","[' [I am satisfied with the encouragement from my supervisor/line manager while doing my job]', ' Please rate the following propositions. There are no right or wrong answers [I am satisfied with the encouragement from my supervisor/line manager while doing my job]']"
244,"['likert2[affSat1]_0', 'likert4[affSat1]_0', 'likertagree2[affSat1]_0']","[' [I find real enjoyment in my job]', ' [I find real enjoyment in my job]', ' Please rate the following propositions. There are no right or wrong answers [I find real enjoyment in my job]']"
245,"['likert2[affSat2]_0', 'likert4[affSat2]_0', 'likertagree2[affSat2]_0']","[' [Most days I am enthusiastic about my job]', ' [Most days I am enthusiastic about my job]', ' Please rate the following propositions. There are no right or wrong answers [Most days I am enthusiastic about my job]']"
246,"['likert2[affSat3]_0', 'likertagree1[affSat3]_0']","[' [I feel fairly well satisfied with my job]', ' Please rate the following propositions. There are no right or wrong answers [I feel satisfied with my job]']"
247,"['likert2[affSat4]_0', 'likertagree3[affSat4]_0']","[' [I like my job better than the average person]', ' Please rate the following propositions. There are no right or wrong answers [I like my job more than average]']"
248,"['likert2[percEmp1]_0', 'likert2[percEmp1]_1', 'likert4[percEmp1]_0', 'likertagree1[percEmp1]_0']","[' [It would not be very difficult for me to get an equivalent job in a different organisation]', ' [It would not be very difficult for me to get an equivalent job in a different organization]', ' [It would not be very difficult for me to get an equivalent job in a different organisation]', ' Please rate the following propositions. There are no right or wrong answers [It would not be very difficult for me to get an equivalent job in a different organisation]']"
249,"['likert2[percEmp2]_0', 'likert2[percEmp2]_1', 'likert4[percEmp2]_0', 'likertagree2[percEmp2]_0']","[' [I can think of a number of organisations that would probably offer me a job]', ' [I can think of a number of organizations that would probably offer me a job]', ' [I can think of a number of organisations that would probably offer me a job]', ' Please rate the following propositions. There are no right or wrong answers [I can think of a number of organisations that would probably offer me a job]']"
250,"['likert2[percEmp3]_0', 'likert2[percEmp3]_1', 'likert4[percEmp3]_0', 'likertagree1[percEmp3]_0']","[' [My experience is in demand on the labour market]', ' [My experience is in demand on the labor market]', ' [My experience is in demand on the labour market]', ' Please rate the following propositions. There are no right or wrong answers [My experience is in demand on the labour market]']"
251,"['likert2[percEmp4]_0', 'likert4[percEmp4]_0', 'likertagree3[percEmp4]_0']","[' [Given my qualifications and experience, getting a new job would not be very hard at all]', ' [Given my qualifications and experience, getting a new job would not be very hard at all]', ' Please rate the following propositions. There are no right or wrong answers [Given my qualifications and experience, getting a new job would not be very hard at all]']"
252,"['likert3[satisgen1]_0', 'likert5[satisgen1]_0', 'likert3[satisgen1]_1', 'likert3[satisGen1]_0', 'satisGen1[SQ001]_0']","[' [In general, how satisfied are you with Your current position]', ' [In general, how satisfied are you with [Your current position]]', ' [In general, how satisfied are you with [Your current position]]', ' [In general, how satisfied are you with your current position]', ' In general, how satisfied are you with: [Your current position]']"
253,"['likert3[satisgen2]_0', 'likert5[satisgen2]_0', 'likert3[satisgen2]_1', 'likert3[satisGen2]_0', 'satisGen1[SQ002]_0']","[' [In general, how satisfied are you with Your career]', ' [In general, how satisfied are you with [Your career]]', ' [In general, how satisfied are you with [Your career]]', ' [In general, how satisfied are you with your career]', ' In general, how satisfied are you with: [Your career]']"
254,"['open1can[A5]_0', 'open1can[SQ001]_0', 'open1can[SQ001]_1']","["" How often do you release the software projects you've worked on under an open-source licence? []"", "" How often do you release the software projects you've worked on under an open-source licence? []"", "" How often do you release the software projects you've worked on under an open-source license? []""]"
255,"['open01can_0', 'open01can_1']","[' Have you ever released your software under an open-source licence?', ' Have you ever released your software under an open-source license?']"
256,"['open3can[SQ001]_0', 'open3_can_0']","[' How often do you associate your software with a Digital Object Identifier (DOI)? []', ' When you release code or data, how often do you assign a Digital Object Identifier (DOI) to it?']"
257,"['ukrse1_1', 'ukrse1_2']","[' Are you a member of the UK RSE Association? (Members are people who have signed up to the UK RSE mailing list at www.rse.ac.uk)', ' Are you a member of the UK RSE Association? (Members are people who have signed up to the UK RSE mailing list)']"
258,"['paper1_0', 'paper1_1']","[' Have you contributed software to research that has been published in a journal or presented at a conference?', ' Has your software contributed to research that has been published in a journal or at a conference?']"
259,"['proj2_can_0', 'proj2can_0']","[' How many software developers typically work on your projects?', ' How many software developers typically work on your projects?']"
260,"['proj1_can_0', 'proj1can_0', 'proj1can_1']","[' How many software projects are you currently involved in?', ' How many software projects are you currently involved in?', ' How many software projects are you currently involved with?']"
261,"['soft1can_0', 'soft1can_1']","[' How many years of software development experience do you have?', ' How many years of Software development experience do you have?']"
262,"['stability2_0', 'stability2_1']","[' Is there a technical hand-over plan for your most important software project?', ' Is there a technical handover plan for your most important software project?']"
263,"['stability1_0', 'stability1_1', 'stability1[SQ001]_0']","[' What is the bus factor of your most important software project?', ' What is the bus factor of your most important software project? (the bus factor is the number of team members who if run over by a bus would put the project in jeopardy so 1 means the project is dependent on a single person)', ' What is the bus factor of your most important software project? (the bus factor is the number of team members who, if run over by a bus, would put the project in jeopardy, so 1 means the project is dependent on a single person) []']"
264,"['skill2_0', 'skill2_1', 'skill2_2']","[' What three skills would you like to acquire or improve to help your work as a Research Software Developer? These skills can be technical and non-technical.', ' What three skills would you like to acquire or improve to help your work as a Research Software Engineer? The skills can be technical and non-technical.', None]"
265,"['tool2_0', 'tool2_1']","[' What is your Operating System of choice for development?', ' What Operating System do you prefer to use at work?']"
266,"['train3_0', 'train3_1', 'train3_2']","[' What training programs are you involved with (comma separated list; for example, Software Carpentry, local university training, etc.)', ' What training programs are you involved with (comma separated list) (For example, Software Carpentry, local university training, etc.)', ' What training programs are you involved with (comma separated list)?']"
267,"['rse1_0', 'rse1_1']","[' Do you write software for research as part of your job?', ' Do you write code as part of your job?']"
