,Year_0,row_id,proj5zaf
0,2022,2022_111,CVS
1,2022,2022_190,CVS
2,2022,2022_240,CVS
3,2022,2022_584,CVS
4,2022,2022_777,CVS
5,2022,2022_825,CVS
6,2022,2022_902,CVS
7,2022,2022_993,CVS
8,2022,2022_1151,CVS
9,2022,2022_111,SVN
10,2022,2022_142,SVN
11,2022,2022_172,SVN
12,2022,2022_176,SVN
13,2022,2022_187,SVN
14,2022,2022_190,SVN
15,2022,2022_193,SVN
16,2022,2022_196,SVN
17,2022,2022_205,SVN
18,2022,2022_214,SVN
19,2022,2022_240,SVN
20,2022,2022_259,SVN
21,2022,2022_283,SVN
22,2022,2022_285,SVN
23,2022,2022_286,SVN
24,2022,2022_321,SVN
25,2022,2022_323,SVN
26,2022,2022_340,SVN
27,2022,2022_347,SVN
28,2022,2022_351,SVN
29,2022,2022_363,SVN
30,2022,2022_396,SVN
31,2022,2022_416,SVN
32,2022,2022_425,SVN
33,2022,2022_433,SVN
34,2022,2022_482,SVN
35,2022,2022_485,SVN
36,2022,2022_493,SVN
37,2022,2022_511,SVN
38,2022,2022_513,SVN
39,2022,2022_535,SVN
40,2022,2022_543,SVN
41,2022,2022_545,SVN
42,2022,2022_557,SVN
43,2022,2022_581,SVN
44,2022,2022_602,SVN
45,2022,2022_683,SVN
46,2022,2022_716,SVN
47,2022,2022_720,SVN
48,2022,2022_730,SVN
49,2022,2022_739,SVN
50,2022,2022_777,SVN
51,2022,2022_816,SVN
52,2022,2022_825,SVN
53,2022,2022_872,SVN
54,2022,2022_876,SVN
55,2022,2022_890,SVN
56,2022,2022_899,SVN
57,2022,2022_909,SVN
58,2022,2022_914,SVN
59,2022,2022_924,SVN
60,2022,2022_926,SVN
61,2022,2022_965,SVN
62,2022,2022_971,SVN
63,2022,2022_1038,SVN
64,2022,2022_1089,SVN
65,2022,2022_1105,SVN
66,2022,2022_1126,SVN
67,2022,2022_1135,SVN
68,2022,2022_1156,SVN
69,2022,2022_1171,SVN
70,2022,2022_1182,SVN
71,2022,2022_1201,SVN
72,2022,2022_1214,SVN
73,2022,2022_1238,SVN
74,2022,2022_1239,SVN
75,2022,2022_1248,SVN
76,2022,2022_1303,SVN
77,2022,2022_1312,SVN
78,2022,2022_1313,SVN
79,2022,2022_1,Git
80,2022,2022_2,Git
81,2022,2022_3,Git
82,2022,2022_4,Git
83,2022,2022_6,Git
84,2022,2022_7,Git
85,2022,2022_9,Git
86,2022,2022_13,Git
87,2022,2022_14,Git
88,2022,2022_16,Git
89,2022,2022_17,Git
90,2022,2022_19,Git
91,2022,2022_21,Git
92,2022,2022_22,Git
93,2022,2022_23,Git
94,2022,2022_25,Git
95,2022,2022_26,Git
96,2022,2022_27,Git
97,2022,2022_28,Git
98,2022,2022_29,Git
99,2022,2022_31,Git
100,2022,2022_32,Git
101,2022,2022_33,Git
102,2022,2022_34,Git
103,2022,2022_35,Git
104,2022,2022_36,Git
105,2022,2022_38,Git
106,2022,2022_40,Git
107,2022,2022_42,Git
108,2022,2022_43,Git
109,2022,2022_45,Git
110,2022,2022_48,Git
111,2022,2022_50,Git
112,2022,2022_53,Git
113,2022,2022_54,Git
114,2022,2022_55,Git
115,2022,2022_56,Git
116,2022,2022_58,Git
117,2022,2022_59,Git
118,2022,2022_60,Git
119,2022,2022_61,Git
120,2022,2022_62,Git
121,2022,2022_63,Git
122,2022,2022_66,Git
123,2022,2022_68,Git
124,2022,2022_72,Git
125,2022,2022_73,Git
126,2022,2022_74,Git
127,2022,2022_76,Git
128,2022,2022_77,Git
129,2022,2022_81,Git
130,2022,2022_83,Git
131,2022,2022_84,Git
132,2022,2022_85,Git
133,2022,2022_86,Git
134,2022,2022_87,Git
135,2022,2022_88,Git
136,2022,2022_89,Git
137,2022,2022_91,Git
138,2022,2022_92,Git
139,2022,2022_93,Git
140,2022,2022_94,Git
141,2022,2022_95,Git
142,2022,2022_97,Git
143,2022,2022_98,Git
144,2022,2022_99,Git
145,2022,2022_101,Git
146,2022,2022_103,Git
147,2022,2022_104,Git
148,2022,2022_106,Git
149,2022,2022_108,Git
150,2022,2022_109,Git
151,2022,2022_111,Git
152,2022,2022_113,Git
153,2022,2022_115,Git
154,2022,2022_116,Git
155,2022,2022_117,Git
156,2022,2022_119,Git
157,2022,2022_120,Git
158,2022,2022_121,Git
159,2022,2022_123,Git
160,2022,2022_124,Git
161,2022,2022_125,Git
162,2022,2022_126,Git
163,2022,2022_129,Git
164,2022,2022_131,Git
165,2022,2022_132,Git
166,2022,2022_135,Git
167,2022,2022_137,Git
168,2022,2022_138,Git
169,2022,2022_140,Git
170,2022,2022_142,Git
171,2022,2022_143,Git
172,2022,2022_144,Git
173,2022,2022_145,Git
174,2022,2022_146,Git
175,2022,2022_147,Git
176,2022,2022_149,Git
177,2022,2022_150,Git
178,2022,2022_152,Git
179,2022,2022_153,Git
180,2022,2022_154,Git
181,2022,2022_158,Git
182,2022,2022_159,Git
183,2022,2022_160,Git
184,2022,2022_162,Git
185,2022,2022_167,Git
186,2022,2022_168,Git
187,2022,2022_169,Git
188,2022,2022_172,Git
189,2022,2022_173,Git
190,2022,2022_174,Git
191,2022,2022_176,Git
192,2022,2022_177,Git
193,2022,2022_179,Git
194,2022,2022_180,Git
195,2022,2022_182,Git
196,2022,2022_183,Git
197,2022,2022_184,Git
198,2022,2022_185,Git
199,2022,2022_187,Git
200,2022,2022_188,Git
201,2022,2022_190,Git
202,2022,2022_195,Git
203,2022,2022_196,Git
204,2022,2022_198,Git
205,2022,2022_200,Git
206,2022,2022_203,Git
207,2022,2022_204,Git
208,2022,2022_205,Git
209,2022,2022_206,Git
210,2022,2022_207,Git
211,2022,2022_208,Git
212,2022,2022_210,Git
213,2022,2022_212,Git
214,2022,2022_213,Git
215,2022,2022_215,Git
216,2022,2022_217,Git
217,2022,2022_221,Git
218,2022,2022_222,Git
219,2022,2022_223,Git
220,2022,2022_224,Git
221,2022,2022_225,Git
222,2022,2022_226,Git
223,2022,2022_227,Git
224,2022,2022_228,Git
225,2022,2022_229,Git
226,2022,2022_230,Git
227,2022,2022_231,Git
228,2022,2022_233,Git
229,2022,2022_234,Git
230,2022,2022_236,Git
231,2022,2022_237,Git
232,2022,2022_238,Git
233,2022,2022_239,Git
234,2022,2022_240,Git
235,2022,2022_243,Git
236,2022,2022_244,Git
237,2022,2022_245,Git
238,2022,2022_246,Git
239,2022,2022_247,Git
240,2022,2022_248,Git
241,2022,2022_253,Git
242,2022,2022_256,Git
243,2022,2022_257,Git
244,2022,2022_261,Git
245,2022,2022_263,Git
246,2022,2022_265,Git
247,2022,2022_266,Git
248,2022,2022_270,Git
249,2022,2022_271,Git
250,2022,2022_272,Git
251,2022,2022_273,Git
252,2022,2022_275,Git
253,2022,2022_276,Git
254,2022,2022_277,Git
255,2022,2022_278,Git
256,2022,2022_280,Git
257,2022,2022_283,Git
258,2022,2022_285,Git
259,2022,2022_286,Git
260,2022,2022_287,Git
261,2022,2022_288,Git
262,2022,2022_290,Git
263,2022,2022_291,Git
264,2022,2022_294,Git
265,2022,2022_295,Git
266,2022,2022_296,Git
267,2022,2022_297,Git
268,2022,2022_300,Git
269,2022,2022_303,Git
270,2022,2022_305,Git
271,2022,2022_306,Git
272,2022,2022_307,Git
273,2022,2022_310,Git
274,2022,2022_311,Git
275,2022,2022_312,Git
276,2022,2022_313,Git
277,2022,2022_314,Git
278,2022,2022_318,Git
279,2022,2022_320,Git
280,2022,2022_323,Git
281,2022,2022_324,Git
282,2022,2022_325,Git
283,2022,2022_326,Git
284,2022,2022_327,Git
285,2022,2022_328,Git
286,2022,2022_331,Git
287,2022,2022_335,Git
288,2022,2022_337,Git
289,2022,2022_340,Git
290,2022,2022_341,Git
291,2022,2022_342,Git
292,2022,2022_343,Git
293,2022,2022_346,Git
294,2022,2022_347,Git
295,2022,2022_348,Git
296,2022,2022_350,Git
297,2022,2022_351,Git
298,2022,2022_352,Git
299,2022,2022_353,Git
300,2022,2022_356,Git
301,2022,2022_357,Git
302,2022,2022_358,Git
303,2022,2022_359,Git
304,2022,2022_361,Git
305,2022,2022_363,Git
306,2022,2022_364,Git
307,2022,2022_366,Git
308,2022,2022_369,Git
309,2022,2022_371,Git
310,2022,2022_372,Git
311,2022,2022_374,Git
312,2022,2022_375,Git
313,2022,2022_376,Git
314,2022,2022_377,Git
315,2022,2022_378,Git
316,2022,2022_379,Git
317,2022,2022_380,Git
318,2022,2022_381,Git
319,2022,2022_383,Git
320,2022,2022_386,Git
321,2022,2022_387,Git
322,2022,2022_388,Git
323,2022,2022_389,Git
324,2022,2022_391,Git
325,2022,2022_392,Git
326,2022,2022_393,Git
327,2022,2022_394,Git
328,2022,2022_396,Git
329,2022,2022_397,Git
330,2022,2022_398,Git
331,2022,2022_400,Git
332,2022,2022_401,Git
333,2022,2022_402,Git
334,2022,2022_404,Git
335,2022,2022_406,Git
336,2022,2022_407,Git
337,2022,2022_408,Git
338,2022,2022_410,Git
339,2022,2022_411,Git
340,2022,2022_412,Git
341,2022,2022_416,Git
342,2022,2022_417,Git
343,2022,2022_418,Git
344,2022,2022_419,Git
345,2022,2022_420,Git
346,2022,2022_421,Git
347,2022,2022_422,Git
348,2022,2022_424,Git
349,2022,2022_425,Git
350,2022,2022_427,Git
351,2022,2022_428,Git
352,2022,2022_429,Git
353,2022,2022_431,Git
354,2022,2022_432,Git
355,2022,2022_433,Git
356,2022,2022_434,Git
357,2022,2022_435,Git
358,2022,2022_439,Git
359,2022,2022_441,Git
360,2022,2022_442,Git
361,2022,2022_445,Git
362,2022,2022_448,Git
363,2022,2022_450,Git
364,2022,2022_453,Git
365,2022,2022_454,Git
366,2022,2022_455,Git
367,2022,2022_456,Git
368,2022,2022_457,Git
369,2022,2022_458,Git
370,2022,2022_459,Git
371,2022,2022_460,Git
372,2022,2022_461,Git
373,2022,2022_463,Git
374,2022,2022_464,Git
375,2022,2022_465,Git
376,2022,2022_466,Git
377,2022,2022_467,Git
378,2022,2022_469,Git
379,2022,2022_470,Git
380,2022,2022_471,Git
381,2022,2022_472,Git
382,2022,2022_473,Git
383,2022,2022_474,Git
384,2022,2022_475,Git
385,2022,2022_476,Git
386,2022,2022_479,Git
387,2022,2022_480,Git
388,2022,2022_481,Git
389,2022,2022_482,Git
390,2022,2022_485,Git
391,2022,2022_487,Git
392,2022,2022_488,Git
393,2022,2022_489,Git
394,2022,2022_490,Git
395,2022,2022_491,Git
396,2022,2022_493,Git
397,2022,2022_494,Git
398,2022,2022_495,Git
399,2022,2022_496,Git
400,2022,2022_497,Git
401,2022,2022_498,Git
402,2022,2022_499,Git
403,2022,2022_500,Git
404,2022,2022_501,Git
405,2022,2022_502,Git
406,2022,2022_504,Git
407,2022,2022_507,Git
408,2022,2022_508,Git
409,2022,2022_509,Git
410,2022,2022_511,Git
411,2022,2022_512,Git
412,2022,2022_513,Git
413,2022,2022_515,Git
414,2022,2022_518,Git
415,2022,2022_519,Git
416,2022,2022_522,Git
417,2022,2022_524,Git
418,2022,2022_526,Git
419,2022,2022_528,Git
420,2022,2022_529,Git
421,2022,2022_530,Git
422,2022,2022_531,Git
423,2022,2022_535,Git
424,2022,2022_537,Git
425,2022,2022_538,Git
426,2022,2022_539,Git
427,2022,2022_540,Git
428,2022,2022_541,Git
429,2022,2022_542,Git
430,2022,2022_543,Git
431,2022,2022_545,Git
432,2022,2022_547,Git
433,2022,2022_549,Git
434,2022,2022_552,Git
435,2022,2022_553,Git
436,2022,2022_554,Git
437,2022,2022_555,Git
438,2022,2022_559,Git
439,2022,2022_560,Git
440,2022,2022_562,Git
441,2022,2022_563,Git
442,2022,2022_564,Git
443,2022,2022_565,Git
444,2022,2022_566,Git
445,2022,2022_567,Git
446,2022,2022_568,Git
447,2022,2022_570,Git
448,2022,2022_571,Git
449,2022,2022_575,Git
450,2022,2022_580,Git
451,2022,2022_581,Git
452,2022,2022_582,Git
453,2022,2022_584,Git
454,2022,2022_585,Git
455,2022,2022_586,Git
456,2022,2022_587,Git
457,2022,2022_588,Git
458,2022,2022_589,Git
459,2022,2022_592,Git
460,2022,2022_595,Git
461,2022,2022_596,Git
462,2022,2022_597,Git
463,2022,2022_600,Git
464,2022,2022_601,Git
465,2022,2022_602,Git
466,2022,2022_603,Git
467,2022,2022_605,Git
468,2022,2022_606,Git
469,2022,2022_608,Git
470,2022,2022_610,Git
471,2022,2022_612,Git
472,2022,2022_613,Git
473,2022,2022_614,Git
474,2022,2022_615,Git
475,2022,2022_616,Git
476,2022,2022_617,Git
477,2022,2022_618,Git
478,2022,2022_619,Git
479,2022,2022_620,Git
480,2022,2022_621,Git
481,2022,2022_625,Git
482,2022,2022_626,Git
483,2022,2022_630,Git
484,2022,2022_632,Git
485,2022,2022_633,Git
486,2022,2022_634,Git
487,2022,2022_635,Git
488,2022,2022_639,Git
489,2022,2022_641,Git
490,2022,2022_642,Git
491,2022,2022_645,Git
492,2022,2022_646,Git
493,2022,2022_647,Git
494,2022,2022_648,Git
495,2022,2022_650,Git
496,2022,2022_658,Git
497,2022,2022_660,Git
498,2022,2022_661,Git
499,2022,2022_664,Git
500,2022,2022_667,Git
501,2022,2022_670,Git
502,2022,2022_673,Git
503,2022,2022_674,Git
504,2022,2022_675,Git
505,2022,2022_676,Git
506,2022,2022_678,Git
507,2022,2022_679,Git
508,2022,2022_681,Git
509,2022,2022_683,Git
510,2022,2022_684,Git
511,2022,2022_686,Git
512,2022,2022_688,Git
513,2022,2022_689,Git
514,2022,2022_692,Git
515,2022,2022_695,Git
516,2022,2022_696,Git
517,2022,2022_701,Git
518,2022,2022_702,Git
519,2022,2022_703,Git
520,2022,2022_704,Git
521,2022,2022_707,Git
522,2022,2022_708,Git
523,2022,2022_710,Git
524,2022,2022_711,Git
525,2022,2022_712,Git
526,2022,2022_714,Git
527,2022,2022_716,Git
528,2022,2022_717,Git
529,2022,2022_720,Git
530,2022,2022_721,Git
531,2022,2022_724,Git
532,2022,2022_725,Git
533,2022,2022_726,Git
534,2022,2022_727,Git
535,2022,2022_728,Git
536,2022,2022_729,Git
537,2022,2022_730,Git
538,2022,2022_731,Git
539,2022,2022_732,Git
540,2022,2022_733,Git
541,2022,2022_735,Git
542,2022,2022_737,Git
543,2022,2022_738,Git
544,2022,2022_739,Git
545,2022,2022_741,Git
546,2022,2022_742,Git
547,2022,2022_743,Git
548,2022,2022_744,Git
549,2022,2022_746,Git
550,2022,2022_747,Git
551,2022,2022_751,Git
552,2022,2022_752,Git
553,2022,2022_755,Git
554,2022,2022_757,Git
555,2022,2022_761,Git
556,2022,2022_763,Git
557,2022,2022_765,Git
558,2022,2022_766,Git
559,2022,2022_767,Git
560,2022,2022_769,Git
561,2022,2022_771,Git
562,2022,2022_772,Git
563,2022,2022_774,Git
564,2022,2022_775,Git
565,2022,2022_777,Git
566,2022,2022_778,Git
567,2022,2022_779,Git
568,2022,2022_780,Git
569,2022,2022_781,Git
570,2022,2022_782,Git
571,2022,2022_783,Git
572,2022,2022_784,Git
573,2022,2022_787,Git
574,2022,2022_789,Git
575,2022,2022_799,Git
576,2022,2022_800,Git
577,2022,2022_803,Git
578,2022,2022_805,Git
579,2022,2022_806,Git
580,2022,2022_807,Git
581,2022,2022_810,Git
582,2022,2022_812,Git
583,2022,2022_813,Git
584,2022,2022_815,Git
585,2022,2022_816,Git
586,2022,2022_817,Git
587,2022,2022_818,Git
588,2022,2022_820,Git
589,2022,2022_821,Git
590,2022,2022_823,Git
591,2022,2022_825,Git
592,2022,2022_826,Git
593,2022,2022_827,Git
594,2022,2022_831,Git
595,2022,2022_833,Git
596,2022,2022_834,Git
597,2022,2022_835,Git
598,2022,2022_838,Git
599,2022,2022_841,Git
600,2022,2022_844,Git
601,2022,2022_846,Git
602,2022,2022_847,Git
603,2022,2022_848,Git
604,2022,2022_849,Git
605,2022,2022_851,Git
606,2022,2022_852,Git
607,2022,2022_854,Git
608,2022,2022_855,Git
609,2022,2022_856,Git
610,2022,2022_868,Git
611,2022,2022_872,Git
612,2022,2022_873,Git
613,2022,2022_876,Git
614,2022,2022_878,Git
615,2022,2022_879,Git
616,2022,2022_880,Git
617,2022,2022_886,Git
618,2022,2022_889,Git
619,2022,2022_890,Git
620,2022,2022_891,Git
621,2022,2022_896,Git
622,2022,2022_897,Git
623,2022,2022_899,Git
624,2022,2022_900,Git
625,2022,2022_901,Git
626,2022,2022_902,Git
627,2022,2022_905,Git
628,2022,2022_906,Git
629,2022,2022_909,Git
630,2022,2022_910,Git
631,2022,2022_911,Git
632,2022,2022_914,Git
633,2022,2022_915,Git
634,2022,2022_916,Git
635,2022,2022_917,Git
636,2022,2022_918,Git
637,2022,2022_921,Git
638,2022,2022_922,Git
639,2022,2022_923,Git
640,2022,2022_924,Git
641,2022,2022_925,Git
642,2022,2022_926,Git
643,2022,2022_927,Git
644,2022,2022_928,Git
645,2022,2022_929,Git
646,2022,2022_930,Git
647,2022,2022_931,Git
648,2022,2022_932,Git
649,2022,2022_933,Git
650,2022,2022_937,Git
651,2022,2022_939,Git
652,2022,2022_941,Git
653,2022,2022_942,Git
654,2022,2022_943,Git
655,2022,2022_944,Git
656,2022,2022_946,Git
657,2022,2022_947,Git
658,2022,2022_948,Git
659,2022,2022_949,Git
660,2022,2022_950,Git
661,2022,2022_951,Git
662,2022,2022_952,Git
663,2022,2022_955,Git
664,2022,2022_956,Git
665,2022,2022_958,Git
666,2022,2022_961,Git
667,2022,2022_962,Git
668,2022,2022_963,Git
669,2022,2022_964,Git
670,2022,2022_965,Git
671,2022,2022_967,Git
672,2022,2022_968,Git
673,2022,2022_971,Git
674,2022,2022_974,Git
675,2022,2022_975,Git
676,2022,2022_976,Git
677,2022,2022_978,Git
678,2022,2022_980,Git
679,2022,2022_982,Git
680,2022,2022_983,Git
681,2022,2022_986,Git
682,2022,2022_987,Git
683,2022,2022_989,Git
684,2022,2022_991,Git
685,2022,2022_993,Git
686,2022,2022_994,Git
687,2022,2022_995,Git
688,2022,2022_997,Git
689,2022,2022_1000,Git
690,2022,2022_1002,Git
691,2022,2022_1003,Git
692,2022,2022_1004,Git
693,2022,2022_1005,Git
694,2022,2022_1008,Git
695,2022,2022_1009,Git
696,2022,2022_1013,Git
697,2022,2022_1014,Git
698,2022,2022_1015,Git
699,2022,2022_1017,Git
700,2022,2022_1018,Git
701,2022,2022_1021,Git
702,2022,2022_1022,Git
703,2022,2022_1023,Git
704,2022,2022_1024,Git
705,2022,2022_1025,Git
706,2022,2022_1026,Git
707,2022,2022_1027,Git
708,2022,2022_1029,Git
709,2022,2022_1030,Git
710,2022,2022_1031,Git
711,2022,2022_1032,Git
712,2022,2022_1034,Git
713,2022,2022_1035,Git
714,2022,2022_1038,Git
715,2022,2022_1041,Git
716,2022,2022_1042,Git
717,2022,2022_1043,Git
718,2022,2022_1046,Git
719,2022,2022_1047,Git
720,2022,2022_1049,Git
721,2022,2022_1050,Git
722,2022,2022_1051,Git
723,2022,2022_1053,Git
724,2022,2022_1054,Git
725,2022,2022_1055,Git
726,2022,2022_1058,Git
727,2022,2022_1060,Git
728,2022,2022_1061,Git
729,2022,2022_1062,Git
730,2022,2022_1066,Git
731,2022,2022_1067,Git
732,2022,2022_1069,Git
733,2022,2022_1070,Git
734,2022,2022_1071,Git
735,2022,2022_1073,Git
736,2022,2022_1075,Git
737,2022,2022_1078,Git
738,2022,2022_1079,Git
739,2022,2022_1081,Git
740,2022,2022_1082,Git
741,2022,2022_1084,Git
742,2022,2022_1085,Git
743,2022,2022_1086,Git
744,2022,2022_1087,Git
745,2022,2022_1089,Git
746,2022,2022_1091,Git
747,2022,2022_1093,Git
748,2022,2022_1094,Git
749,2022,2022_1096,Git
750,2022,2022_1097,Git
751,2022,2022_1098,Git
752,2022,2022_1099,Git
753,2022,2022_1101,Git
754,2022,2022_1102,Git
755,2022,2022_1105,Git
756,2022,2022_1106,Git
757,2022,2022_1107,Git
758,2022,2022_1110,Git
759,2022,2022_1111,Git
760,2022,2022_1112,Git
761,2022,2022_1113,Git
762,2022,2022_1116,Git
763,2022,2022_1118,Git
764,2022,2022_1121,Git
765,2022,2022_1125,Git
766,2022,2022_1128,Git
767,2022,2022_1131,Git
768,2022,2022_1132,Git
769,2022,2022_1133,Git
770,2022,2022_1135,Git
771,2022,2022_1136,Git
772,2022,2022_1137,Git
773,2022,2022_1138,Git
774,2022,2022_1139,Git
775,2022,2022_1141,Git
776,2022,2022_1142,Git
777,2022,2022_1143,Git
778,2022,2022_1144,Git
779,2022,2022_1145,Git
780,2022,2022_1147,Git
781,2022,2022_1153,Git
782,2022,2022_1154,Git
783,2022,2022_1155,Git
784,2022,2022_1157,Git
785,2022,2022_1158,Git
786,2022,2022_1159,Git
787,2022,2022_1164,Git
788,2022,2022_1165,Git
789,2022,2022_1169,Git
790,2022,2022_1171,Git
791,2022,2022_1172,Git
792,2022,2022_1173,Git
793,2022,2022_1174,Git
794,2022,2022_1175,Git
795,2022,2022_1176,Git
796,2022,2022_1177,Git
797,2022,2022_1182,Git
798,2022,2022_1184,Git
799,2022,2022_1186,Git
800,2022,2022_1187,Git
801,2022,2022_1188,Git
802,2022,2022_1189,Git
803,2022,2022_1191,Git
804,2022,2022_1192,Git
805,2022,2022_1193,Git
806,2022,2022_1194,Git
807,2022,2022_1195,Git
808,2022,2022_1196,Git
809,2022,2022_1198,Git
810,2022,2022_1201,Git
811,2022,2022_1202,Git
812,2022,2022_1203,Git
813,2022,2022_1204,Git
814,2022,2022_1205,Git
815,2022,2022_1206,Git
816,2022,2022_1208,Git
817,2022,2022_1209,Git
818,2022,2022_1210,Git
819,2022,2022_1211,Git
820,2022,2022_1214,Git
821,2022,2022_1216,Git
822,2022,2022_1218,Git
823,2022,2022_1219,Git
824,2022,2022_1220,Git
825,2022,2022_1221,Git
826,2022,2022_1222,Git
827,2022,2022_1224,Git
828,2022,2022_1225,Git
829,2022,2022_1226,Git
830,2022,2022_1227,Git
831,2022,2022_1229,Git
832,2022,2022_1232,Git
833,2022,2022_1233,Git
834,2022,2022_1235,Git
835,2022,2022_1236,Git
836,2022,2022_1238,Git
837,2022,2022_1239,Git
838,2022,2022_1240,Git
839,2022,2022_1241,Git
840,2022,2022_1242,Git
841,2022,2022_1243,Git
842,2022,2022_1245,Git
843,2022,2022_1246,Git
844,2022,2022_1248,Git
845,2022,2022_1251,Git
846,2022,2022_1253,Git
847,2022,2022_1255,Git
848,2022,2022_1256,Git
849,2022,2022_1259,Git
850,2022,2022_1261,Git
851,2022,2022_1262,Git
852,2022,2022_1267,Git
853,2022,2022_1268,Git
854,2022,2022_1269,Git
855,2022,2022_1270,Git
856,2022,2022_1271,Git
857,2022,2022_1272,Git
858,2022,2022_1273,Git
859,2022,2022_1274,Git
860,2022,2022_1276,Git
861,2022,2022_1277,Git
862,2022,2022_1279,Git
863,2022,2022_1282,Git
864,2022,2022_1283,Git
865,2022,2022_1284,Git
866,2022,2022_1285,Git
867,2022,2022_1286,Git
868,2022,2022_1287,Git
869,2022,2022_1288,Git
870,2022,2022_1289,Git
871,2022,2022_1290,Git
872,2022,2022_1291,Git
873,2022,2022_1292,Git
874,2022,2022_1293,Git
875,2022,2022_1295,Git
876,2022,2022_1296,Git
877,2022,2022_1297,Git
878,2022,2022_1301,Git
879,2022,2022_1302,Git
880,2022,2022_1306,Git
881,2022,2022_1308,Git
882,2022,2022_1311,Git
883,2022,2022_1312,Git
884,2022,2022_1313,Git
885,2022,2022_1314,Git
886,2022,2022_1315,Git
887,2022,2022_1317,Git
888,2022,2022_1318,Git
889,2022,2022_1319,Git
890,2022,2022_1320,Git
891,2022,2022_1321,Git
892,2022,2022_1322,Git
893,2022,2022_1323,Git
894,2022,2022_29,Mercurial
895,2022,2022_111,Mercurial
896,2022,2022_143,Mercurial
897,2022,2022_190,Mercurial
898,2022,2022_352,Mercurial
899,2022,2022_603,Mercurial
900,2022,2022_674,Mercurial
901,2022,2022_681,Mercurial
902,2022,2022_993,Mercurial
903,2022,2022_1270,Mercurial
904,2022,2022_11,None
905,2022,2022_89,None
906,2022,2022_202,None
907,2022,2022_319,None
908,2022,2022_338,None
909,2022,2022_354,None
910,2022,2022_361,None
911,2022,2022_405,None
912,2022,2022_443,None
913,2022,2022_536,None
914,2022,2022_548,None
915,2022,2022_607,None
916,2022,2022_648,None
917,2022,2022_724,None
918,2022,2022_781,None
919,2022,2022_787,None
920,2022,2022_812,None
921,2022,2022_830,None
922,2022,2022_839,None
923,2022,2022_845,None
924,2022,2022_883,None
925,2022,2022_905,None
926,2022,2022_1039,None
927,2022,2022_1040,None
928,2022,2022_1044,None
929,2022,2022_1068,None
930,2022,2022_1078,None
931,2022,2022_1180,None
932,2022,2022_1190,None
933,2022,2022_1298,None
